# sweep T E_global
0 325 -6850539.605081902
100 325 -6438732.668780237
200 325 -6376977.03525162
300 325 -6318435.29783391
400 325 -6292960.941008522
500 325 -6384539.324044868
600 325 -6331717.105650841
700 325 -6385801.300193047
800 325 -6379341.902975734
900 325 -6338851.117640966
1000 325 -6341124.16127364
1100 325 -6295372.820948917
1200 325 -6412774.744617058
1300 325 -6331832.874779544
1400 325 -6297082.1224386
1500 325 -6311170.125576523
1600 325 -6313430.105419224
1700 325 -6296016.675286878
1800 325 -6335503.627975367
1900 325 -6305805.179385642
2000 325 -6306722.959618392
2100 325 -6313131.009767277
2200 325 -6314434.37116923
2300 325 -6414411.047419086
2400 325 -6318554.850079231
2500 325 -6310134.968843617
2600 325 -6375840.240909774
2700 325 -6323224.759567602
2800 325 -6263914.623177609
2900 325 -6348751.927396435
3000 325 -6300103.832873855
3100 325 -6356456.952933166
3200 325 -6339237.169633497
3300 325 -6350396.104609152
3400 325 -6313535.227007154
3500 325 -6407163.68981309
3600 325 -6295773.708020888
3700 325 -6373647.411145828
3800 325 -6276675.198727449
3900 325 -6246932.123734543
4000 325 -6336467.681335267
4100 325 -6363210.466886267
4200 325 -6317971.040561187
4300 325 -6369512.292187266
4400 325 -6356542.516899526
4500 325 -6322090.257401049
4600 325 -6344100.528581616
4700 325 -6298023.946889017
4800 325 -6389550.590968508
4900 325 -6328238.230241295
5000 325 -6319004.397875654
5100 325 -6292108.800999866
5200 325 -6289419.919722731
5300 325 -6356001.252934952
5400 325 -6278108.519328551
5500 325 -6361562.071746774
5600 325 -6357563.164550433
5700 325 -6412089.254769554
5800 325 -6292135.248983094
5900 325 -6301447.082646704
6000 325 -6272868.75260598
6100 325 -6346749.135073569
6200 325 -6344216.041634054
6300 325 -6296477.937240964
6400 325 -6341800.694479693
6500 325 -6325666.250087615
6600 325 -6357940.416732777
6700 325 -6366173.697646013
6800 325 -6386752.086378536
6900 325 -6326109.524625099
7000 325 -6270245.718120296
7100 325 -6311221.335763684
7200 325 -6416012.616937276
7300 325 -6263111.95200649
7400 325 -6362710.015193278
7500 325 -6278646.911696242
7600 325 -6371642.56935385
7700 325 -6267374.47298154
7800 325 -6296170.721396396
7900 325 -6359020.63197778
8000 325 -6367244.847235949
8100 325 -6335271.253832924
8200 325 -6341966.598209639
8300 325 -6405083.291688934
8400 325 -6363389.976488016
8500 325 -6377111.609570011
8600 325 -6351151.756891536
8700 325 -6312530.427397847
8800 325 -6300266.204087211
8900 325 -6328965.44173085
9000 325 -6414430.576976611
9100 325 -6258753.605760776
9200 325 -6379801.164929853
9300 325 -6377644.90478563
9400 325 -6414047.272736723
9500 325 -6327875.929663049
9600 325 -6365880.827505007
9700 325 -6307691.739318375
9800 325 -6317844.895915941
9900 325 -6361012.752579832
10000 325 -6314827.241558243
10100 325 -6369948.623600908
10200 325 -6276411.365574881
10300 325 -6346830.92235126
10400 325 -6357429.646032192
10500 325 -6317156.380140452
10600 325 -6379882.813681524
10700 325 -6335135.489215551
10800 325 -6385919.228137104
10900 325 -6394814.938526478
11000 325 -6248718.066838863
11100 325 -6390299.517805031
11200 325 -6342545.640413916
11300 325 -6415417.436618347
11400 325 -6375332.929389165
11500 325 -6386914.007877148
11600 325 -6331442.503837472
11700 325 -6351289.524652906
11800 325 -6267957.430125093
11900 325 -6349979.99601395
12000 325 -6383417.363352679
12100 325 -6382610.870960962
12200 325 -6377646.944517927
12300 325 -6349537.429127188
12400 325 -6251189.861923972
12500 325 -6315059.141365536
12600 325 -6395555.609840078
12700 325 -6320073.791413301
12800 325 -6329565.603837036
12900 325 -6392550.395764923
13000 325 -6295450.20920861
13100 325 -6354347.765396422
13200 325 -6313782.849517003
13300 325 -6254052.027313432
13400 325 -6361332.825435977
13500 325 -6358778.911554404
13600 325 -6365378.312741721
13700 325 -6336870.671736235
13800 325 -6305589.28871794
13900 325 -6313463.20078839
14000 325 -6306128.356819795
14100 325 -6326450.515530767
14200 325 -6379084.303050678
14300 325 -6353291.574557073
14400 325 -6341687.415924178
14500 325 -6307141.714109661
14600 325 -6368366.081520347
14700 325 -6354657.444058327
14800 325 -6325874.858041275
14900 325 -6275516.211727682
15000 325 -6367495.278238793
15100 325 -6376097.30128902
15200 325 -6260425.715804014
15300 325 -6270983.221392816
15400 325 -6319560.05057627
15500 325 -6264266.519048678
15600 325 -6396541.885092353
15700 325 -6270204.261601869
15800 325 -6334761.024035547
15900 325 -6371060.684583118
16000 325 -6392465.883608818
16100 325 -6353943.101552116
16200 325 -6282914.853882664
16300 325 -6324152.560381872
16400 325 -6246499.918655703
16500 325 -6363348.188139901
16600 325 -6392981.421072975
16700 325 -6302996.518262617
16800 325 -6341165.658651592
16900 325 -6328318.297267521
17000 325 -6325761.775318501
17100 325 -6351856.858123595
17200 325 -6392403.215144166
17300 325 -6324824.376237432
17400 325 -6301892.718025666
17500 325 -6338189.406046081
17600 325 -6317482.911326949
17700 325 -6310234.851649974
17800 325 -6387258.540944602
17900 325 -6396999.959478458
18000 325 -6315848.249515356
18100 325 -6316641.547561711
18200 325 -6311713.73932241
18300 325 -6359777.606079917
18400 325 -6336752.083380848
18500 325 -6369151.442510506
18600 325 -6284682.237868369
18700 325 -6374454.688670263
18800 325 -6291617.510590137
18900 325 -6416403.316760828
19000 325 -6308602.811523706
19100 325 -6309281.613372004
19200 325 -6370547.300791712
19300 325 -6358760.080425404
19400 325 -6302690.892088226
19500 325 -6344858.174551273
19600 325 -6315507.087205829
19700 325 -6345536.509699568
19800 325 -6383641.897994918
19900 325 -6295134.28900362
20000 325 -6304945.371279228
20100 325 -6295645.811103659
20200 325 -6353496.2221814
20300 325 -6281621.609821565
20400 325 -6282871.969438503
20500 325 -6340023.939104617
20600 325 -6284818.225270621
20700 325 -6320966.631748841
20800 325 -6354698.038530619
20900 325 -6323558.49892292
21000 325 -6378370.942785108
21100 325 -6321807.944259368
21200 325 -6230387.658070238
21300 325 -6347825.821248662
21400 325 -6256768.873991234
21500 325 -6322329.475450021
21600 325 -6361857.904996153
21700 325 -6329609.194282415
21800 325 -6358180.325843773
21900 325 -6347544.811999869
22000 325 -6294299.284336114
22100 325 -6323690.430498498
22200 325 -6330091.937512599
22300 325 -6353066.929675406
22400 325 -6361891.698261393
22500 325 -6369509.807846073
22600 325 -6305935.273570146
22700 325 -6240487.816841847
22800 325 -6297283.682670079
22900 325 -6346135.612232996
23000 325 -6314033.227097098
23100 325 -6315797.55945893
23200 325 -6332906.778975639
23300 325 -6393346.761661498
23400 325 -6285658.660301184
23500 325 -6315124.433772168
23600 325 -6293524.576782944
23700 325 -6402808.394136321
23800 325 -6298605.978335894
23900 325 -6348737.445930927
24000 325 -6292092.808713122
24100 325 -6409712.826957544
24200 325 -6311891.382484347
24300 325 -6289556.412724236
24400 325 -6409712.998298304
24500 325 -6343945.903408174
24600 325 -6316157.024603296
24700 325 -6263262.619882881
24800 325 -6292286.441423476
24900 325 -6429441.076132932
25000 325 -6320088.384867283
25100 325 -6286681.106619552
25200 325 -6358249.947194282
25300 325 -6367153.070162135
25400 325 -6282245.01328522
25500 325 -6423013.301768461
25600 325 -6335814.153993061
25700 325 -6388752.487559656
25800 325 -6337147.189906607
25900 325 -6371094.791026857
26000 325 -6384228.725439961
26100 325 -6369224.455239381
26200 325 -6320457.866445625
26300 325 -6367083.442192792
26400 325 -6332622.356139114
26500 325 -6328897.132727053
26600 325 -6272994.640791138
26700 325 -6367525.911753919
26800 325 -6322138.923703745
26900 325 -6300428.685371231
27000 325 -6277691.01664615
27100 325 -6319576.713891063
27200 325 -6381690.193725174
27300 325 -6359303.411079831
27400 325 -6325159.270701712
27500 325 -6318604.212178685
27600 325 -6324609.360279948
27700 325 -6318104.697615506
27800 325 -6342937.188673424
27900 325 -6191407.366258258
28000 325 -6307227.680011363
28100 325 -6349291.798994254
28200 325 -6389254.404784629
28300 325 -6333956.007593105
28400 325 -6343907.176035166
28500 325 -6294916.523048947
28600 325 -6349275.614190066
28700 325 -6343430.500984273
28800 325 -6347039.484138244
28900 325 -6375836.927444846
29000 325 -6347907.550992622
29100 325 -6401798.023949869
29200 325 -6394792.476522423
29300 325 -6340007.662333282
29400 325 -6339190.089907527
29500 325 -6326902.425477256
29600 325 -6376837.062431636
29700 325 -6428611.145765176
29800 325 -6313736.116512555
29900 325 -6383750.399799688
30000 325 -6387292.055763863
30100 325 -6422817.918174226
30200 325 -6392828.116592739
30300 325 -6283200.075919105
30400 325 -6366448.450513436
30500 325 -6342039.595038733
30600 325 -6303439.685602797
30700 325 -6326478.187463574
30800 325 -6275750.514618764
30900 325 -6316921.082511818
31000 325 -6315723.004700219
31100 325 -6358153.476723686
31200 325 -6403667.430046479
31300 325 -6395303.528078305
31400 325 -6364117.686748881
31500 325 -6290973.709746879
31600 325 -6347842.807021544
31700 325 -6364173.205519988
31800 325 -6256729.048810317
31900 325 -6401266.271395698
32000 325 -6259868.390129608
32100 325 -6337298.269347031
32200 325 -6384090.90449217
32300 325 -6324960.907659039
32400 325 -6403991.333465093
32500 325 -6381661.226245917
32600 325 -6279268.021464255
32700 325 -6347224.349166931
32800 325 -6339146.574862684
32900 325 -6409988.22535775
33000 325 -6369941.493150101
33100 325 -6282487.721606708
33200 325 -6238066.16437077
33300 325 -6331998.710377403
33400 325 -6373967.269976481
33500 325 -6313225.163571486
33600 325 -6358872.133703738
33700 325 -6304614.298220985
33800 325 -6351742.391002877
33900 325 -6346598.256189024
34000 325 -6376103.030750461
34100 325 -6329474.293456705
34200 325 -6346791.645781428
34300 325 -6431633.451837595
34400 325 -6291938.416551288
34500 325 -6286069.02736964
34600 325 -6385551.825524251
34700 325 -6314129.483089633
34800 325 -6344029.875894899
34900 325 -6365686.12095041
35000 325 -6377004.517763812
35100 325 -6359530.599372191
35200 325 -6455793.630141777
35300 325 -6338171.856514193
35400 325 -6425977.017182996
35500 325 -6306175.395833436
35600 325 -6318621.205900295
35700 325 -6375343.912739598
35800 325 -6306532.381768866
35900 325 -6302127.153926691
36000 325 -6321188.493654533
36100 325 -6324519.393543096
36200 325 -6339534.703329324
36300 325 -6248572.317520718
36400 325 -6299595.49880045
36500 325 -6287686.74902551
36600 325 -6292798.724086301
36700 325 -6373612.397330089
36800 325 -6372690.554066225
36900 325 -6382892.715996755
37000 325 -6348730.849573463
37100 325 -6358704.821259735
37200 325 -6313450.294243522
37300 325 -6344862.470862355
37400 325 -6350322.56914087
37500 325 -6235472.625565665
37600 325 -6331589.446655724
37700 325 -6334005.683730537
37800 325 -6227157.081674591
37900 325 -6354004.728748383
38000 325 -6431784.925824864
38100 325 -6324612.553437881
38200 325 -6341349.85725466
38300 325 -6332927.956992563
38400 325 -6314178.796106898
38500 325 -6309150.930762803
38600 325 -6325366.754850143
38700 325 -6357408.257879253
38800 325 -6262136.51103304
38900 325 -6374726.73263802
39000 325 -6289412.053653099
39100 325 -6334418.996165866
39200 325 -6336442.929496214
39300 325 -6343480.356835054
39400 325 -6292439.788541392
39500 325 -6312917.02281021
39600 325 -6321598.855698386
39700 325 -6333317.76798539
39800 325 -6317533.808061031
39900 325 -6334532.079557409
40000 325 -6389254.829791358
40100 325 -6379596.356667724
40200 325 -6382307.665101019
40300 325 -6270812.522611385
40400 325 -6256583.94111252
40500 325 -6400181.99712953
40600 325 -6351806.253926602
40700 325 -6339359.848852744
40800 325 -6337889.452500784
40900 325 -6318691.350297354
41000 325 -6382426.869357474
41100 325 -6274151.586868187
41200 325 -6336777.594629927
41300 325 -6295629.735757707
41400 325 -6384751.891456671
41500 325 -6372529.558379182
41600 325 -6349530.578806583
41700 325 -6317271.651159942
41800 325 -6284820.984151418
41900 325 -6358818.55349886
42000 325 -6270066.588794927
42100 325 -6387006.733198616
42200 325 -6360548.341260535
42300 325 -6339213.252922677
42400 325 -6331143.136390097
42500 325 -6294544.807364666
42600 325 -6342818.118086398
42700 325 -6307676.242560582
42800 325 -6300567.841718959
42900 325 -6374257.473332318
43000 325 -6330006.960948644
43100 325 -6346269.197569548
43200 325 -6368576.707054788
43300 325 -6331184.881562085
43400 325 -6386221.030350624
43500 325 -6293306.272420901
43600 325 -6347058.131282745
43700 325 -6425818.932597815
43800 325 -6348103.647512674
43900 325 -6337726.098289687
44000 325 -6396641.284178575
44100 325 -6386337.097889049
44200 325 -6409609.364414469
44300 325 -6329949.638343394
44400 325 -6363219.958466954
44500 325 -6389347.139880653
44600 325 -6353926.682239782
44700 325 -6330558.491175554
44800 325 -6327201.507272094
44900 325 -6322740.140464228
45000 325 -6364666.656356907
45100 325 -6341606.576084984
45200 325 -6336266.168125079
45300 325 -6377066.32678635
45400 325 -6364161.17600594
45500 325 -6358543.244269203
45600 325 -6334999.263807197
45700 325 -6268764.029947068
45800 325 -6369411.323981969
45900 325 -6354401.324546354
46000 325 -6285142.134662296
46100 325 -6344017.068818655
46200 325 -6332858.122239732
46300 325 -6336023.291257247
46400 325 -6347871.286049645
46500 325 -6328789.083847092
46600 325 -6299079.395925811
46700 325 -6250042.114484425
46800 325 -6332974.762482053
46900 325 -6367710.996888572
47000 325 -6300736.846395591
47100 325 -6287626.736572418
47200 325 -6324927.16807228
47300 325 -6352173.640011219
47400 325 -6358284.655745584
47500 325 -6241148.139815826
47600 325 -6387058.040556166
47700 325 -6428496.06251616
47800 325 -6413682.362822115
47900 325 -6369349.472570892
48000 325 -6304421.212031536
48100 325 -6347558.916242822
48200 325 -6355550.047598513
48300 325 -6309062.726331551
48400 325 -6473405.708505001
48500 325 -6346585.748088537
48600 325 -6280222.947698224
48700 325 -6274545.437594227
48800 325 -6323423.187027456
48900 325 -6336572.109327862
49000 325 -6440840.362627865
49100 325 -6386246.444193587
49200 325 -6317040.872929703
49300 325 -6350048.953348029
49400 325 -6357629.935120752
49500 325 -6380413.497833088
49600 325 -6258213.401961284
49700 325 -6281928.172995564
49800 325 -6333433.876262178
49900 325 -6335309.818149365
50000 325 -6378157.621752823
50100 325 -6307252.589803525
50200 325 -6327832.502642228
50300 325 -6320562.347898858
50400 325 -6373771.466734326
50500 325 -6404242.349779464
50600 325 -6328603.06672139
50700 325 -6386713.657069924
50800 325 -6310933.931992528
50900 325 -6431158.625225225
51000 325 -6397562.890095435
51100 325 -6384875.498700101
51200 325 -6264829.625347961
51300 325 -6347369.963146709
51400 325 -6353750.493457383
51500 325 -6277537.125567297
51600 325 -6289861.194734396
51700 325 -6338072.23387013
51800 325 -6341655.557567762
51900 325 -6326919.406760394
52000 325 -6444809.09570029
52100 325 -6337838.181153711
52200 325 -6355104.670160611
52300 325 -6339694.440870314
52400 325 -6349301.69151855
52500 325 -6323363.446116108
52600 325 -6364824.479517092
52700 325 -6376154.513829771
52800 325 -6355718.76974074
52900 325 -6329538.865358518
53000 325 -6328176.005281003
53100 325 -6290963.961529916
53200 325 -6390367.02115876
53300 325 -6341157.600423923
53400 325 -6272248.456583133
53500 325 -6309157.261907034
53600 325 -6395633.867228628
53700 325 -6327558.133365706
53800 325 -6412633.946402457
53900 325 -6353642.462821273
54000 325 -6355621.913090562
54100 325 -6352995.806883113
54200 325 -6408092.707810665
54300 325 -6324616.373434126
54400 325 -6400481.58263159
54500 325 -6415831.764792775
54600 325 -6333047.343615228
54700 325 -6272906.917540963
54800 325 -6324948.641139524
54900 325 -6354062.064010328
55000 325 -6282864.859308788
55100 325 -6298632.72823214
55200 325 -6303476.695490055
55300 325 -6425619.882838655
55400 325 -6313055.284515055
55500 325 -6401761.80301655
55600 325 -6399578.063785284
55700 325 -6317383.199260799
55800 325 -6398591.63656295
55900 325 -6382580.418560441
56000 325 -6302320.199556315
56100 325 -6381088.743395645
56200 325 -6327313.438206661
56300 325 -6363784.266660814
56400 325 -6346466.371071871
56500 325 -6396271.714724997
56600 325 -6391967.601729795
56700 325 -6358963.22927075
56800 325 -6380653.096209316
56900 325 -6279004.142331628
57000 325 -6341229.835320625
57100 325 -6348264.972231707
57200 325 -6326255.888578018
57300 325 -6346251.688665441
57400 325 -6387330.581864174
57500 325 -6372556.754737458
57600 325 -6434518.012160311
57700 325 -6341471.554629948
57800 325 -6382787.648638722
57900 325 -6332774.940510519
58000 325 -6340884.589921048
58100 325 -6343257.483267581
58200 325 -6386596.162964331
58300 325 -6325869.257557835
58400 325 -6268397.962813565
58500 325 -6306064.329189602
58600 325 -6360303.039193748
58700 325 -6380700.157507958
58800 325 -6255604.457819751
58900 325 -6301728.64657474
59000 325 -6388794.243898268
59100 325 -6360699.080182428
59200 325 -6307082.186395417
59300 325 -6327346.674147198
59400 325 -6288928.892209088
59500 325 -6311524.736393761
59600 325 -6432464.278619701
59700 325 -6299095.015546005
59800 325 -6346616.862105863
59900 325 -6393961.412200341
60000 325 -6323023.078885793
60100 325 -6303287.16164518
60200 325 -6391435.015505589
60300 325 -6358988.084112206
60400 325 -6333728.235722451
60500 325 -6288538.001971287
60600 325 -6303712.251922567
60700 325 -6290887.683512026
60800 325 -6315767.026086582
60900 325 -6333116.59117691
61000 325 -6349532.160492584
61100 325 -6314438.47447994
61200 325 -6393856.650235147
61300 325 -6250743.116488707
61400 325 -6365660.729300568
61500 325 -6303944.76047006
61600 325 -6333543.630854281
61700 325 -6315101.90352199
61800 325 -6305879.14614425
61900 325 -6368135.126476804
62000 325 -6420641.195812675
62100 325 -6331756.382621665
62200 325 -6454416.068282869
62300 325 -6395286.705193833
62400 325 -6370065.574107829
62500 325 -6319720.57452869
62600 325 -6320175.047740452
62700 325 -6333892.996511115
62800 325 -6393247.095962386
62900 325 -6295162.832792032
63000 325 -6303692.316957182
63100 325 -6401669.924213618
63200 325 -6251887.734416911
63300 325 -6312738.289673588
63400 325 -6301306.324680069
63500 325 -6329046.980824426
63600 325 -6267663.24076619
63700 325 -6407382.251406351
63800 325 -6242367.048148409
63900 325 -6283361.197487794
64000 325 -6354527.120108508
64100 325 -6342008.430109996
64200 325 -6337350.440400023
64300 325 -6330261.58839872
64400 325 -6308293.289002798
64500 325 -6412768.87140196
64600 325 -6328602.383745542
64700 325 -6374593.621444109
64800 325 -6256394.339775477
64900 325 -6260780.098329845
65000 325 -6330718.114314452
65100 325 -6317907.85036211
65200 325 -6337754.667369872
65300 325 -6326244.693178348
65400 325 -6409434.59764355
65500 325 -6362362.62716353
65600 325 -6410322.493578257
65700 325 -6410782.084494808
65800 325 -6386755.880292938
65900 325 -6331664.530188461
66000 325 -6318122.446832368
66100 325 -6312432.651606419
66200 325 -6276258.431493113
66300 325 -6286485.357646864
66400 325 -6357469.338379852
66500 325 -6218102.945671886
66600 325 -6264891.831081779
66700 325 -6299790.517810591
66800 325 -6309496.783685576
66900 325 -6334063.865489125
67000 325 -6246184.629046966
67100 325 -6442219.09389879
67200 325 -6287395.304000443
67300 325 -6330946.894075497
67400 325 -6345062.754133157
67500 325 -6248870.783094286
67600 325 -6320005.027538572
67700 325 -6329166.043688565
67800 325 -6309825.052890562
67900 325 -6308262.987959452
68000 325 -6411838.865409638
68100 325 -6320717.516148666
68200 325 -6232144.451989993
68300 325 -6288405.535154529
68400 325 -6294720.937177256
68500 325 -6300338.805514241
68600 325 -6367143.053173249
68700 325 -6324104.593408043
68800 325 -6304232.408814994
68900 325 -6361809.389688221
69000 325 -6373133.886533941
69100 325 -6214248.820725834
69200 325 -6322543.37064605
69300 325 -6326079.726640908
69400 325 -6317220.011829227
69500 325 -6265020.563912099
69600 325 -6415695.835255437
69700 325 -6287116.375598869
69800 325 -6428397.528069969
69900 325 -6306693.789278019
70000 325 -6357061.162362968
70100 325 -6282865.804613149
70200 325 -6341530.722377963
70300 325 -6414083.03916231
70400 325 -6312342.989075986
70500 325 -6251131.395320413
70600 325 -6326543.696365202
70700 325 -6288438.805501221
70800 325 -6289671.43612345
70900 325 -6313693.613251222
71000 325 -6272199.638710002
71100 325 -6272596.741804096
71200 325 -6344947.048597449
71300 325 -6350378.456389027
71400 325 -6390743.099173543
71500 325 -6302420.32124432
71600 325 -6309049.169649754
71700 325 -6310093.064600653
71800 325 -6327060.374230769
71900 325 -6344437.507185515
72000 325 -6364457.424072647
72100 325 -6397043.14983447
72200 325 -6405640.955440188
72300 325 -6387456.287998775
72400 325 -6296925.971093256
72500 325 -6365283.115063529
72600 325 -6299788.530534256
72700 325 -6359816.171625591
72800 325 -6367577.37409733
72900 325 -6274229.074818017
73000 325 -6341252.506706011
73100 325 -6231086.624366978
73200 325 -6317771.762106612
73300 325 -6353965.696121849
73400 325 -6386812.525879627
73500 325 -6394909.803528428
73600 325 -6374622.333611691
73700 325 -6250203.673644504
73800 325 -6407207.524824753
73900 325 -6361513.330764078
74000 325 -6345609.838799994
74100 325 -6304130.024458045
74200 325 -6418816.770493364
74300 325 -6324570.415358358
74400 325 -6300994.573299074
74500 325 -6412054.31735165
74600 325 -6288983.15919614
74700 325 -6401816.508397387
74800 325 -6367200.387163386
74900 325 -6278828.085007207
75000 325 -6318291.463790368
75100 325 -6403728.814467501
75200 325 -6293697.439338569
75300 325 -6341350.317170275
75400 325 -6305666.328309838
75500 325 -6168202.654253365
75600 325 -6382075.892231949
75700 325 -6314389.998924874
75800 325 -6343391.364073582
75900 325 -6384719.120636137
76000 325 -6367459.409243149
76100 325 -6280742.333638515
76200 325 -6389330.200421974
76300 325 -6366685.549195629
76400 325 -6342161.952109806
76500 325 -6341684.980462267
76600 325 -6289326.806799286
76700 325 -6343128.554299876
76800 325 -6311306.04145259
76900 325 -6345601.7237215
77000 325 -6377214.27036633
77100 325 -6333002.281750527
77200 325 -6333476.791051684
77300 325 -6334101.635990752
77400 325 -6316465.025107913
77500 325 -6322317.163378019
77600 325 -6293067.687809746
77700 325 -6350792.170622736
77800 325 -6296958.448501209
77900 325 -6377375.644022221
78000 325 -6409748.314679246
78100 325 -6406332.170019008
78200 325 -6361317.713247686
78300 325 -6374848.47188444
78400 325 -6351063.838344712
78500 325 -6362979.811497269
78600 325 -6381457.887738327
78700 325 -6364577.978819804
78800 325 -6256698.170572002
78900 325 -6260127.276965903
79000 325 -6279675.265766369
79100 325 -6416795.733738046
79200 325 -6268171.40364828
79300 325 -6423436.025402013
79400 325 -6313767.758769079
79500 325 -6298001.735985069
79600 325 -6327955.174671064
79700 325 -6286386.091824004
79800 325 -6328496.116641959
79900 325 -6362248.583555885
80000 325 -6429035.120735705
80100 325 -6304972.217731765
80200 325 -6367939.733233729
80300 325 -6332372.270665253
80400 325 -6346385.631762456
80500 325 -6375310.596771309
80600 325 -6312940.780767521
80700 325 -6361325.722580385
80800 325 -6332918.774976281
80900 325 -6315697.033168789
81000 325 -6414368.841043384
81100 325 -6345044.569003489
81200 325 -6335428.808427101
81300 325 -6414779.434299082
81400 325 -6279336.850521435
81500 325 -6311338.437421825
81600 325 -6358194.560105177
81700 325 -6367649.68332297
81800 325 -6431970.37706106
81900 325 -6312801.26203293
82000 325 -6355551.117136935
82100 325 -6299865.40982181
82200 325 -6289177.927058524
82300 325 -6390987.361681568
82400 325 -6427854.874231731
82500 325 -6397130.578390514
82600 325 -6363475.427837238
82700 325 -6323028.669269985
82800 325 -6289577.965422294
82900 325 -6360077.63991621
83000 325 -6300111.319765847
83100 325 -6327909.444151104
83200 325 -6343278.241321225
83300 325 -6362339.324388931
83400 325 -6376318.230235932
83500 325 -6317751.174027303
83600 325 -6279297.017893097
83700 325 -6320727.435520308
83800 325 -6287496.838634605
83900 325 -6402756.279722066
84000 325 -6276917.845857415
84100 325 -6313404.248512267
84200 325 -6294096.33370031
84300 325 -6385650.485064343
84400 325 -6267023.421811597
84500 325 -6329909.344492575
84600 325 -6371934.689868731
84700 325 -6306254.66896777
84800 325 -6412226.750701266
84900 325 -6276088.38315954
85000 325 -6285209.717805019
85100 325 -6344731.531584813
85200 325 -6343016.392194971
85300 325 -6291379.759312265
85400 325 -6346011.013700573
85500 325 -6329170.89265586
85600 325 -6360690.388710661
85700 325 -6357101.763125701
85800 325 -6407100.331119625
85900 325 -6421615.402847103
86000 325 -6374993.600913391
86100 325 -6276582.299869116
86200 325 -6349245.682625616
86300 325 -6340595.564128559
86400 325 -6382632.602410888
86500 325 -6369773.826099157
86600 325 -6280457.811692763
86700 325 -6345243.258194463
86800 325 -6405849.838995416
86900 325 -6400560.642101888
87000 325 -6396217.105401723
87100 325 -6287106.919540871
87200 325 -6316624.586277453
87300 325 -6330574.630019492
87400 325 -6399488.507213878
87500 325 -6325416.405341475
87600 325 -6395005.412682681
87700 325 -6344441.368646499
87800 325 -6331481.235904937
87900 325 -6348644.707001634
88000 325 -6321009.065983055
88100 325 -6250977.614189908
88200 325 -6397180.534499997
88300 325 -6379498.270703838
88400 325 -6293864.216083001
88500 325 -6344071.34180231
88600 325 -6294137.450019294
88700 325 -6378806.762428179
88800 325 -6268693.809894914
88900 325 -6292711.147178248
89000 325 -6381762.25888868
89100 325 -6371230.194190759
89200 325 -6306233.256441643
89300 325 -6405818.527525722
89400 325 -6343374.20109738
89500 325 -6358256.920044012
89600 325 -6275545.458524132
89700 325 -6339778.148157036
89800 325 -6435696.149650845
89900 325 -6315574.425188117
90000 325 -6372702.782926008
90100 325 -6302332.897395978
90200 325 -6322283.957385942
90300 325 -6330252.387843997
90400 325 -6370405.460504686
90500 325 -6338397.678030511
90600 325 -6300710.434837831
90700 325 -6317703.917808599
90800 325 -6289840.230855582
90900 325 -6244938.751265478
91000 325 -6336154.649846352
91100 325 -6312071.314915284
91200 325 -6368323.684057963
91300 325 -6334601.253023803
91400 325 -6313994.836735871
91500 325 -6303763.17259907
91600 325 -6288325.487228755
91700 325 -6336315.109600436
91800 325 -6341921.324797744
91900 325 -6388209.136247042
92000 325 -6308429.394409275
92100 325 -6324239.794031957
92200 325 -6299622.112520545
92300 325 -6383626.171803904
92400 325 -6354900.134695011
92500 325 -6422815.488558353
92600 325 -6373519.905077963
92700 325 -6364216.892322337
92800 325 -6332829.348430988
92900 325 -6344804.071959946
93000 325 -6405986.486086081
93100 325 -6380205.385056061
93200 325 -6213903.182805619
93300 325 -6300876.288856286
93400 325 -6358653.80958573
93500 325 -6348228.648477303
93600 325 -6371038.046574033
93700 325 -6269400.713318666
93800 325 -6357852.703822603
93900 325 -6273168.466715233
94000 325 -6419667.416659704
94100 325 -6343310.385498742
94200 325 -6258352.10274874
94300 325 -6232914.374341078
94400 325 -6408187.783547215
94500 325 -6268298.003229098
94600 325 -6321579.431205377
94700 325 -6362155.54272566
94800 325 -6318317.648969555
94900 325 -6351543.138382338
95000 325 -6319731.8182765
95100 325 -6352682.118737957
95200 325 -6358085.638715083
95300 325 -6354030.687513852
95400 325 -6414031.376140598
95500 325 -6356727.170375133
95600 325 -6393335.10057056
95700 325 -6406816.501333548
95800 325 -6367945.484327991
95900 325 -6333963.435155338
96000 325 -6332406.487195905
96100 325 -6299175.884579534
96200 325 -6435374.898379697
96300 325 -6344474.757348084
96400 325 -6385835.877522142
96500 325 -6333448.797331333
96600 325 -6394965.631521435
96700 325 -6283760.286452336
96800 325 -6383603.14809979
96900 325 -6313005.132775454
97000 325 -6315066.662221701
97100 325 -6266110.504256042
97200 325 -6415874.561639748
97300 325 -6389676.608142854
97400 325 -6307088.029560124
97500 325 -6317132.786567295
97600 325 -6316078.192857239
97700 325 -6372436.468904831
97800 325 -6324487.939215699
97900 325 -6303414.927837722
98000 325 -6316302.687199899
98100 325 -6309168.805576391
98200 325 -6441328.750518925
98300 325 -6326148.44666367
98400 325 -6240271.415075719
98500 325 -6370244.904653905
98600 325 -6342911.387502079
98700 325 -6331847.656392891
98800 325 -6243620.645425159
98900 325 -6385124.282193296
99000 325 -6345142.600290664
99100 325 -6327270.141318517
99200 325 -6319424.690513481
99300 325 -6289078.428531003
99400 325 -6285291.093962085
99500 325 -6377373.705097601
99600 325 -6346557.512027023
99700 325 -6358754.48010511
99800 325 -6342996.425101212
99900 325 -6388729.368285034
100000 325 -6329952.099366321
100100 325 -6255652.801088918
100200 325 -6320345.802743191
100300 325 -6387982.123441858
100400 325 -6327195.854143012
100500 325 -6372457.358560046
100600 325 -6431045.398003316
100700 325 -6393775.010563724
100800 325 -6316097.253084673
100900 325 -6307914.778257737
101000 325 -6337975.005380807
101100 325 -6343599.34885678
101200 325 -6316354.625895116
101300 325 -6284482.747075261
101400 325 -6420029.853472403
101500 325 -6324542.331679819
101600 325 -6402975.577095298
101700 325 -6368244.723228391
101800 325 -6352533.819776768
101900 325 -6378761.555128597
102000 325 -6295504.057991082
102100 325 -6453517.89879653
102200 325 -6362782.221140618
102300 325 -6378003.520656299
102400 325 -6303539.655977225
102500 325 -6305208.121387779
102600 325 -6316715.260213142
102700 325 -6287677.038028136
102800 325 -6367256.019911009
102900 325 -6322803.96253611
103000 325 -6406666.786660539
103100 325 -6297516.035221882
103200 325 -6356839.754635585
103300 325 -6395454.991101469
103400 325 -6308865.240345236
103500 325 -6294444.55143268
103600 325 -6236640.34604029
103700 325 -6342214.057833482
103800 325 -6343924.165537093
103900 325 -6401883.868322451
104000 325 -6366599.215580925
104100 325 -6303531.698608305
104200 325 -6366921.156646401
104300 325 -6346521.385739598
104400 325 -6290512.906041767
104500 325 -6399086.004982149
104600 325 -6303142.957178392
104700 325 -6369129.50501222
104800 325 -6323498.917259289
104900 325 -6302614.404743062
105000 325 -6382866.059831519
105100 325 -6373130.239996475
105200 325 -6308641.017445351
105300 325 -6423008.08812743
105400 325 -6382412.8867494
105500 325 -6294574.598971452
105600 325 -6351641.870508065
105700 325 -6243031.144705907
105800 325 -6351058.342628497
105900 325 -6339583.225419581
106000 325 -6350833.878883266
106100 325 -6307662.105698832
106200 325 -6319840.637486619
106300 325 -6254876.740918636
106400 325 -6327668.388910802
106500 325 -6330410.53799535
106600 325 -6264797.763093196
106700 325 -6353079.315598762
106800 325 -6333597.341496119
106900 325 -6338552.341733209
107000 325 -6286258.89880673
107100 325 -6281702.041515098
107200 325 -6306986.082193614
107300 325 -6280363.190646149
107400 325 -6295738.254097164
107500 325 -6345482.01338933
107600 325 -6274313.872511567
107700 325 -6341020.758709095
107800 325 -6438269.497477241
107900 325 -6330990.726028944
108000 325 -6404571.851242116
108100 325 -6393929.755243199
108200 325 -6385565.624235482
108300 325 -6366030.580297554
108400 325 -6308117.474919932
108500 325 -6390080.2560421
108600 325 -6335129.798443085
108700 325 -6389143.711785896
108800 325 -6423193.132844757
108900 325 -6390028.498999186
109000 325 -6340137.017327432
109100 325 -6334358.018556057
109200 325 -6341919.401716632
109300 325 -6375712.320895705
109400 325 -6249817.348459978
109500 325 -6371239.502684464
109600 325 -6342688.891352145
109700 325 -6382498.917921209
109800 325 -6416241.814393774
109900 325 -6393134.179105843
110000 325 -6274416.874765527
110100 325 -6336003.713231973
110200 325 -6287953.050383402
110300 325 -6302759.159890115
110400 325 -6284501.351172756
110500 325 -6374736.709936693
110600 325 -6401927.442157647
110700 325 -6315831.163085666
110800 325 -6320399.240289982
110900 325 -6424030.109831584
111000 325 -6273670.970367433
111100 325 -6355803.224465738
111200 325 -6327606.661330001
111300 325 -6256410.17847556
111400 325 -6403086.69471346
111500 325 -6308433.698972069
111600 325 -6265116.595100229
111700 325 -6273025.819044647
111800 325 -6365960.192483121
111900 325 -6332256.077350118
112000 325 -6368884.231802695
112100 325 -6296412.378058752
112200 325 -6272716.741294771
112300 325 -6365502.649215764
112400 325 -6342357.931290159
112500 325 -6289873.88188646
112600 325 -6353604.057337178
112700 325 -6366735.149448062
112800 325 -6345633.437407263
112900 325 -6337661.259821511
113000 325 -6307184.21377145
113100 325 -6294224.768348186
113200 325 -6338071.941297924
113300 325 -6358602.736460414
113400 325 -6277601.733409001
113500 325 -6366793.976051996
113600 325 -6344626.468327286
113700 325 -6348596.882169254
113800 325 -6308584.668796578
113900 325 -6362819.013044067
114000 325 -6247697.050358547
114100 325 -6282960.671991039
114200 325 -6359566.786846742
114300 325 -6319437.842835037
114400 325 -6288475.786792523
114500 325 -6344826.052740568
114600 325 -6326396.9713101
114700 325 -6373344.4637466
114800 325 -6285063.479941498
114900 325 -6266475.484335246
115000 325 -6361167.63358414
115100 325 -6300251.127595726
115200 325 -6385280.267409431
115300 325 -6293346.219859981
115400 325 -6357113.778453371
115500 325 -6365151.146707958
115600 325 -6258437.566406593
115700 325 -6334807.038479326
115800 325 -6295653.889009758
115900 325 -6446051.914860331
116000 325 -6344850.506643702
116100 325 -6305812.646665663
116200 325 -6436545.70184823
116300 325 -6357107.995346826
116400 325 -6386511.801036382
116500 325 -6410655.840600766
116600 325 -6301697.405318648
116700 325 -6276550.514452798
116800 325 -6400870.638583794
116900 325 -6429996.669711797
117000 325 -6351694.420524126
117100 325 -6378647.364520624
117200 325 -6366689.022369436
117300 325 -6400750.435263094
117400 325 -6293165.205780129
117500 325 -6382119.976672431
117600 325 -6436677.741828663
117700 325 -6287577.071629368
117800 325 -6372277.891517559
117900 325 -6365218.694610968
118000 325 -6308788.014838187
118100 325 -6379773.204179125
118200 325 -6420076.942543469
118300 325 -6285985.583741977
118400 325 -6382629.34726106
118500 325 -6328091.881917403
118600 325 -6323030.929805672
118700 325 -6309662.703791725
118800 325 -6291785.683143124
118900 325 -6326896.323334202
119000 325 -6365594.567879299
119100 325 -6363553.474441355
119200 325 -6372800.089628836
119300 325 -6327374.212112777
119400 325 -6371487.573989832
119500 325 -6267000.845964266
119600 325 -6310680.272843464
119700 325 -6351512.163493375
119800 325 -6395292.647210423
119900 325 -6332994.924461657
120000 325 -6312592.712918698
120100 325 -6370986.174482672
120200 325 -6290363.289100849
120300 325 -6400278.472021291
120400 325 -6264131.180141103
120500 325 -6216120.572466142
120600 325 -6390950.941130346
120700 325 -6331940.40252201
120800 325 -6273352.327691043
120900 325 -6338804.119319081
121000 325 -6296395.538308523
121100 325 -6349005.714191161
121200 325 -6444905.744495513
121300 325 -6350533.53584131
121400 325 -6325218.040058334
121500 325 -6361445.96700415
121600 325 -6394107.951210741
121700 325 -6328738.671452606
121800 325 -6263299.89096868
121900 325 -6436845.311427554
122000 325 -6327271.014185847
122100 325 -6360061.889321581
122200 325 -6310147.185172085
122300 325 -6372032.667549172
122400 325 -6296767.598286193
122500 325 -6397626.050362454
122600 325 -6377351.792894886
122700 325 -6312410.408886508
122800 325 -6329554.10006234
122900 325 -6355473.918068647
123000 325 -6370374.166961391
123100 325 -6313415.390607681
123200 325 -6400249.61549437
123300 325 -6327490.479559376
123400 325 -6402153.713012682
123500 325 -6333456.83607363
123600 325 -6318236.977622284
123700 325 -6373688.955537072
123800 325 -6318837.006029206
123900 325 -6348026.825028112
124000 325 -6359037.589484397
124100 325 -6323006.236463198
124200 325 -6355965.534368893
124300 325 -6318007.698429955
124400 325 -6317744.736451545
124500 325 -6341989.940514466
124600 325 -6314468.669263114
124700 325 -6271188.602137223
124800 325 -6355867.582561399
124900 325 -6332690.104804985
125000 325 -6274415.576343548
125100 325 -6370929.495156866
125200 325 -6395673.983354997
125300 325 -6363663.665085682
125400 325 -6316918.971500365
125500 325 -6409153.829265652
125600 325 -6350512.076649537
125700 325 -6339704.318805914
125800 325 -6339343.071852775
125900 325 -6340404.355208646
126000 325 -6367066.95351328
126100 325 -6443427.769457765
126200 325 -6366602.32593788
126300 325 -6317630.634458052
126400 325 -6400521.007918045
126500 325 -6423021.486136839
126600 325 -6341161.553373436
126700 325 -6304907.23322981
126800 325 -6391758.509455818
126900 325 -6393381.292129931
127000 325 -6388838.695805945
127100 325 -6393269.904228628
127200 325 -6390199.632956866
127300 325 -6350673.579295192
127400 325 -6344332.368985727
127500 325 -6331682.58550884
127600 325 -6347242.555641528
127700 325 -6264450.227625148
127800 325 -6317441.017638147
127900 325 -6317885.937664405
128000 325 -6333231.88051885
128100 325 -6375474.868730484
128200 325 -6352417.820877194
128300 325 -6279367.342665464
128400 325 -6298650.103592346
128500 325 -6328854.632253802
128600 325 -6274305.270388626
128700 325 -6293536.404371476
128800 325 -6348933.466405513
128900 325 -6317786.104199438
129000 325 -6295838.904549487
129100 325 -6362354.154443965
129200 325 -6353031.176342492
129300 325 -6329324.18712566
129400 325 -6389737.674791545
129500 325 -6328019.725733846
129600 325 -6331069.57272503
129700 325 -6344413.025290261
129800 325 -6357888.261212664
129900 325 -6426477.746582555
130000 325 -6318450.020422149
130100 325 -6339467.809027666
130200 325 -6311305.304186961
130300 325 -6328502.722869665
130400 325 -6336364.620703693
130500 325 -6291947.234987985
130600 325 -6346175.263667192
130700 325 -6324000.586989984
130800 325 -6369021.397701811
130900 325 -6303533.954321584
131000 325 -6350622.472392699
131100 325 -6366902.195035697
131200 325 -6347301.730862182
131300 325 -6284843.433377281
131400 325 -6334806.662173854
131500 325 -6355969.819585644
131600 325 -6372498.965867763
131700 325 -6292774.199821885
131800 325 -6343257.059066766
131900 325 -6326251.189554619
132000 325 -6324379.043553239
132100 325 -6259681.388607842
132200 325 -6216372.133431273
132300 325 -6379952.641047958
132400 325 -6354868.206089882
132500 325 -6386665.357676102
132600 325 -6390053.707647221
132700 325 -6394609.017373353
132800 325 -6294252.721666502
132900 325 -6310881.437935703
133000 325 -6302342.759373825
133100 325 -6317505.926992856
133200 325 -6318788.504778989
133300 325 -6374896.968692359
133400 325 -6284349.464652469
133500 325 -6388691.818392513
133600 325 -6312714.36173651
133700 325 -6350440.431833263
133800 325 -6295677.164040718
133900 325 -6393269.334764391
134000 325 -6382376.420370679
134100 325 -6307898.571313127
134200 325 -6322096.660314366
134300 325 -6355306.127251722
134400 325 -6313591.497783735
134500 325 -6278356.83786934
134600 325 -6397989.681500999
134700 325 -6284147.061112965
134800 325 -6308789.788269406
134900 325 -6375936.343683736
135000 325 -6316281.52302797
135100 325 -6290381.808649321
135200 325 -6292354.839457378
135300 325 -6350505.001238464
135400 325 -6326392.014518728
135500 325 -6336276.615964482
135600 325 -6315810.554540825
135700 325 -6276391.695527399
135800 325 -6291722.575013828
135900 325 -6310852.094532738
136000 325 -6403329.269579805
136100 325 -6293057.588435861
136200 325 -6368755.078978613
136300 325 -6263900.184200913
136400 325 -6313687.733971437
136500 325 -6284433.952032447
136600 325 -6247801.846587878
136700 325 -6334689.852912135
136800 325 -6409379.125635369
136900 325 -6314452.157319829
137000 325 -6349271.032355158
137100 325 -6354340.032742754
137200 325 -6420393.9015636
137300 325 -6378390.25245899
137400 325 -6377057.728941873
137500 325 -6433961.611195749
137600 325 -6371264.727601328
137700 325 -6307055.411424373
137800 325 -6411355.750732083
137900 325 -6348265.644275548
138000 325 -6358285.163580398
138100 325 -6321564.14095522
138200 325 -6355969.33504829
138300 325 -6236656.065601438
138400 325 -6310244.666466491
138500 325 -6337019.211389951
138600 325 -6308062.534517352
138700 325 -6258423.8704402
138800 325 -6386989.524111385
138900 325 -6338837.398069827
139000 325 -6246182.955386375
139100 325 -6333069.495050377
139200 325 -6297452.355231487
139300 325 -6343261.070450604
139400 325 -6387166.185124892
139500 325 -6338618.714723265
139600 325 -6286609.231309954
139700 325 -6356447.925129227
139800 325 -6342180.543897998
139900 325 -6368216.638310228
140000 325 -6329376.199527986
140100 325 -6348858.225440595
140200 325 -6364667.381115672
140300 325 -6306624.524683887
140400 325 -6407858.426829905
140500 325 -6336099.560047425
140600 325 -6295596.643009624
140700 325 -6361257.517543061
140800 325 -6303374.914671699
140900 325 -6283171.340076453
141000 325 -6397732.682055859
141100 325 -6393525.15019913
141200 325 -6311663.783440875
141300 325 -6365320.721975795
141400 325 -6274305.435604618
141500 325 -6405804.381865174
141600 325 -6460329.906503907
141700 325 -6359316.651108548
141800 325 -6360260.731403618
141900 325 -6333022.798133417
142000 325 -6378190.819012263
142100 325 -6326505.930752406
142200 325 -6323943.384205294
142300 325 -6317936.036217416
142400 325 -6228850.992056683
142500 325 -6274546.921580603
142600 325 -6312734.208765853
142700 325 -6343014.217225291
142800 325 -6259616.081550988
142900 325 -6327157.821548261
143000 325 -6345660.179645533
143100 325 -6395072.771251978
143200 325 -6307842.767328016
143300 325 -6302953.024734074
143400 325 -6323260.902354353
143500 325 -6336606.606165715
143600 325 -6350268.50011849
143700 325 -6299881.23092393
143800 325 -6313943.466713494
143900 325 -6375594.538090029
144000 325 -6335419.744478818
144100 325 -6353350.31852563
144200 325 -6342371.468619551
144300 325 -6345490.241285294
144400 325 -6380923.680424862
144500 325 -6369562.799758933
144600 325 -6372309.922615841
144700 325 -6340946.288239513
144800 325 -6386810.793532051
144900 325 -6321714.63430088
145000 325 -6407754.058729548
145100 325 -6293969.631132366
145200 325 -6297920.021484777
145300 325 -6449475.69845839
145400 325 -6315452.976133288
145500 325 -6336598.051159609
145600 325 -6305963.936316274
145700 325 -6365621.920258735
145800 325 -6341006.524805794
145900 325 -6353729.606116794
146000 325 -6372984.77205541
146100 325 -6316117.570868349
146200 325 -6358738.228202425
146300 325 -6300941.638642278
146400 325 -6313024.920577902
146500 325 -6329879.593612995
146600 325 -6333995.183025211
146700 325 -6211596.837401936
146800 325 -6368960.129074952
146900 325 -6300107.46077358
147000 325 -6318255.120041924
147100 325 -6342314.098843467
147200 325 -6389234.210631423
147300 325 -6323886.121062456
147400 325 -6306291.313730896
147500 325 -6374846.368927645
147600 325 -6335769.445470392
147700 325 -6367943.195869819
147800 325 -6411597.164172705
147900 325 -6376348.922135694
148000 325 -6384580.558911638
148100 325 -6310736.053151504
148200 325 -6306971.90703704
148300 325 -6255267.727237408
148400 325 -6264305.882139545
148500 325 -6359230.86545339
148600 325 -6280731.813272424
148700 325 -6275448.285576267
148800 325 -6201078.388189626
148900 325 -6343305.275293414
149000 325 -6424009.851151612
149100 325 -6362662.638858774
149200 325 -6409528.668950513
149300 325 -6330184.022424279
149400 325 -6309000.024979413
149500 325 -6358372.666003282
149600 325 -6279605.048295626
149700 325 -6351000.712564161
149800 325 -6273262.886022224
149900 325 -6321895.461197853
150000 325 -6398948.405977244
150100 325 -6302940.481140375
150200 325 -6353275.860050909
150300 325 -6408731.284538643
150400 325 -6318762.613028063
150500 325 -6325446.461094836
150600 325 -6313095.856917632
150700 325 -6464692.434974775
150800 325 -6340118.487524763
150900 325 -6336744.610953578
151000 325 -6270056.323424406
151100 325 -6308377.462077498
151200 325 -6354290.968522847
151300 325 -6322730.415269827
151400 325 -6336022.265680352
151500 325 -6262396.76470433
151600 325 -6318494.929608071
151700 325 -6337076.654393131
151800 325 -6231092.207549937
151900 325 -6312634.831824406
152000 325 -6239998.503144908
152100 325 -6279913.874228638
152200 325 -6322573.887459915
152300 325 -6345948.427244285
152400 325 -6320231.765102128
152500 325 -6349073.385644849
152600 325 -6288110.339629982
152700 325 -6356325.020462639
152800 325 -6314653.406852344
152900 325 -6322934.907430534
153000 325 -6290253.249179425
153100 325 -6330464.243784321
153200 325 -6388258.653819148
153300 325 -6403964.931121107
153400 325 -6342638.417699953
153500 325 -6406060.320686551
153600 325 -6350727.638169912
153700 325 -6344908.46266597
153800 325 -6401563.274503483
153900 325 -6402382.572460948
154000 325 -6403728.498163668
154100 325 -6324920.235685027
154200 325 -6297791.741131778
154300 325 -6365832.164677415
154400 325 -6348408.328005881
154500 325 -6324120.356730049
154600 325 -6342332.144486243
154700 325 -6343895.632566687
154800 325 -6358957.759356162
154900 325 -6329136.135967403
155000 325 -6337442.29601101
155100 325 -6296951.200682016
155200 325 -6356277.665465128
155300 325 -6360446.828750759
155400 325 -6228367.602858013
155500 325 -6325238.495688053
155600 325 -6424927.325505309
155700 325 -6389390.490484679
155800 325 -6307754.743252367
155900 325 -6377806.377786371
156000 325 -6320073.098901212
156100 325 -6338792.002527172
156200 325 -6322586.607669428
156300 325 -6414748.142697817
156400 325 -6385125.629286934
156500 325 -6299755.713459149
156600 325 -6313917.394285167
156700 325 -6329244.788752068
156800 325 -6304108.946190771
156900 325 -6350349.594998891
157000 325 -6343523.414477292
157100 325 -6335265.121664471
157200 325 -6368178.952553242
157300 325 -6339420.79772131
157400 325 -6372764.715103853
157500 325 -6298077.621591501
157600 325 -6345613.253333366
157700 325 -6421299.971604901
157800 325 -6398474.613713543
157900 325 -6372870.107098736
158000 325 -6365270.483052788
158100 325 -6273733.232812385
158200 325 -6308686.900605745
158300 325 -6308435.326765236
158400 325 -6264119.792046221
158500 325 -6348868.746092578
158600 325 -6290270.855157904
158700 325 -6311315.619688958
158800 325 -6370392.018242238
158900 325 -6397121.757935863
159000 325 -6410900.218530048
159100 325 -6321759.194397856
159200 325 -6259711.749306135
159300 325 -6320191.483926126
159400 325 -6290238.646680165
159500 325 -6314527.884341467
159600 325 -6367625.939047534
159700 325 -6258517.753998903
159800 325 -6397895.652254004
159900 325 -6310224.676914108
160000 325 -6392704.49911934
160100 325 -6300812.448169462
160200 325 -6352961.450731713
160300 325 -6311534.157305508
160400 325 -6376051.667577395
160500 325 -6390090.267980129
160600 325 -6253302.649942193
160700 325 -6388166.008327737
160800 325 -6382690.03938166
160900 325 -6277871.728770934
161000 325 -6359982.79392794
161100 325 -6351850.900745861
161200 325 -6315185.498657694
161300 325 -6353764.535492934
161400 325 -6335486.839312034
161500 325 -6300464.48050691
161600 325 -6357954.298792487
161700 325 -6314494.479712227
161800 325 -6396997.512196055
161900 325 -6427828.005587586
162000 325 -6307246.832489264
162100 325 -6253739.659092184
162200 325 -6277446.920526772
162300 325 -6361441.66377073
162400 325 -6331505.558845283
162500 325 -6268787.343664592
162600 325 -6385488.898867525
162700 325 -6364314.436770402
162800 325 -6402174.635861435
162900 325 -6371822.638126066
163000 325 -6380116.296730911
163100 325 -6435679.093831377
163200 325 -6296529.780284831
163300 325 -6383032.333737782
163400 325 -6376907.323031195
163500 325 -6308365.795877861
163600 325 -6297713.242493816
163700 325 -6278875.22445403
163800 325 -6311433.537250206
163900 325 -6288018.275760167
164000 325 -6330937.835776437
164100 325 -6356567.206577349
164200 325 -6400339.495155873
164300 325 -6352249.314826764
164400 325 -6387149.034995303
164500 325 -6326475.098051006
164600 325 -6226939.633265243
164700 325 -6366153.847310416
164800 325 -6345752.760662698
164900 325 -6373326.721814476
165000 325 -6305362.320407558
165100 325 -6354922.536811829
165200 325 -6301056.894107028
165300 325 -6398906.509254754
165400 325 -6305114.145717626
165500 325 -6340185.382216377
165600 325 -6251290.291471146
165700 325 -6401209.038963038
165800 325 -6309591.760117374
165900 325 -6313842.292554179
166000 325 -6419245.535668587
166100 325 -6296440.409170767
166200 325 -6367794.266080163
166300 325 -6338140.277659995
166400 325 -6378452.188668367
166500 325 -6416446.011224479
166600 325 -6396463.373803599
166700 325 -6372034.449930824
166800 325 -6295157.43254888
166900 325 -6320454.719838838
167000 325 -6338016.735442074
167100 325 -6374827.483308413
167200 325 -6342764.758549768
167300 325 -6320882.35229074
167400 325 -6338663.787126778
167500 325 -6312997.033239
167600 325 -6265112.717097177
167700 325 -6332165.664694987
167800 325 -6325269.203339206
167900 325 -6345683.84196285
168000 325 -6319274.665747082
168100 325 -6265492.766401364
168200 325 -6337746.93929928
168300 325 -6414368.776817841
168400 325 -6385207.517258056
168500 325 -6287389.628258949
168600 325 -6267829.298947881
168700 325 -6363500.507811842
168800 325 -6369754.619906666
168900 325 -6373452.214588037
169000 325 -6416821.630764361
169100 325 -6333863.991180026
169200 325 -6365887.707892843
169300 325 -6357000.217003677
169400 325 -6273078.501624938
169500 325 -6383916.259329049
169600 325 -6296583.222473829
169700 325 -6354389.775117557
169800 325 -6353954.782114028
169900 325 -6276025.048296288
170000 325 -6316652.817974627
170100 325 -6334175.019647159
170200 325 -6335366.956307705
170300 325 -6374893.216831103
170400 325 -6395128.301638408
170500 325 -6397774.644899316
170600 325 -6418222.582866161
170700 325 -6246849.067494475
170800 325 -6360452.878514582
170900 325 -6303720.800680277
171000 325 -6358221.337217344
171100 325 -6440321.489348726
171200 325 -6221865.206771631
171300 325 -6297892.320726931
171400 325 -6370533.930034885
171500 325 -6396996.263589897
171600 325 -6351429.342160665
171700 325 -6258304.285745888
171800 325 -6343671.539714955
171900 325 -6409314.055607809
172000 325 -6331134.253575056
172100 325 -6415809.052299737
172200 325 -6333346.786133695
172300 325 -6358097.874387327
172400 325 -6362226.908623552
172500 325 -6298007.844401095
172600 325 -6360202.282058682
172700 325 -6353127.277254444
172800 325 -6348930.630902423
172900 325 -6324076.417271393
173000 325 -6420303.264616476
173100 325 -6262925.134197522
173200 325 -6283684.37520422
173300 325 -6309250.723491549
173400 325 -6332887.033573005
173500 325 -6238954.748012275
173600 325 -6295644.53793925
173700 325 -6332611.080268525
173800 325 -6386732.257999256
173900 325 -6366762.901764454
174000 325 -6356694.321671402
174100 325 -6378597.388145489
174200 325 -6275948.759537602
174300 325 -6372839.127356798
174400 325 -6369670.957103025
174500 325 -6368037.829284789
174600 325 -6257609.870711043
174700 325 -6376428.254778286
174800 325 -6392362.05093896
174900 325 -6314814.346176663
175000 325 -6343901.982372724
175100 325 -6339262.344731035
175200 325 -6398378.148993999
175300 325 -6384720.967986759
175400 325 -6265527.245876947
175500 325 -6323221.705054836
175600 325 -6283422.136680495
175700 325 -6304189.17732304
175800 325 -6394734.684063876
175900 325 -6386822.850682463
176000 325 -6347009.663121803
176100 325 -6269094.860395056
176200 325 -6275080.159150541
176300 325 -6345847.149654897
176400 325 -6351622.339237632
176500 325 -6270712.548681341
176600 325 -6347812.060328751
176700 325 -6367701.994314216
176800 325 -6296195.710153107
176900 325 -6363468.589600094
177000 325 -6296266.633683758
177100 325 -6292185.092670932
177200 325 -6344078.378088371
177300 325 -6283366.71766817
177400 325 -6331224.19150612
177500 325 -6383009.21356482
177600 325 -6327792.531282738
177700 325 -6307886.661214328
177800 325 -6312166.718549313
177900 325 -6340165.587914199
178000 325 -6362186.709308077
178100 325 -6257551.052244608
178200 325 -6365063.893462797
178300 325 -6350449.251718562
178400 325 -6273917.54260543
178500 325 -6350667.877498629
178600 325 -6366936.260722485
178700 325 -6309836.808996806
178800 325 -6330176.704629613
178900 325 -6303487.970408539
179000 325 -6284046.739710663
179100 325 -6350049.053679402
179200 325 -6329084.528875065
179300 325 -6363575.577654671
179400 325 -6354690.079425159
179500 325 -6276437.929212339
179600 325 -6372580.889662165
179700 325 -6304735.007604515
179800 325 -6330571.164509593
179900 325 -6318653.371253587
180000 325 -6358994.49750871
180100 325 -6377033.358757272
180200 325 -6318284.247254355
180300 325 -6381525.007188255
180400 325 -6327399.782028654
180500 325 -6306218.630737462
180600 325 -6311482.665987121
180700 325 -6410774.891003843
180800 325 -6276108.350747998
180900 325 -6296413.427701728
181000 325 -6339922.139648961
181100 325 -6232752.051525153
181200 325 -6341885.682086239
181300 325 -6319085.841987036
181400 325 -6359014.878829315
181500 325 -6437429.583399015
181600 325 -6298836.846002726
181700 325 -6329027.16338825
181800 325 -6312938.352677273
181900 325 -6393747.743288775
182000 325 -6352655.194481488
182100 325 -6297490.880068089
182200 325 -6310058.532109244
182300 325 -6391013.854653759
182400 325 -6424930.437085096
182500 325 -6267748.685854631
182600 325 -6321911.975503108
182700 325 -6461455.92825672
182800 325 -6307349.776347549
182900 325 -6400075.809235079
183000 325 -6307054.252688424
183100 325 -6321187.412113179
183200 325 -6369554.700072914
183300 325 -6202547.823992416
183400 325 -6365500.020134203
183500 325 -6382015.567127334
183600 325 -6401867.378628172
183700 325 -6336183.660829711
183800 325 -6395548.366340456
183900 325 -6318259.122309241
184000 325 -6357637.735638075
184100 325 -6299917.816043236
184200 325 -6339600.583862694
184300 325 -6344478.5998648
184400 325 -6349838.891436934
184500 325 -6384143.858262652
184600 325 -6317984.369987677
184700 325 -6408126.679461412
184800 325 -6353878.397146871
184900 325 -6339535.570140793
185000 325 -6406001.233989854
185100 325 -6331833.410588144
185200 325 -6311465.618967411
185300 325 -6359278.533826603
185400 325 -6283475.212821612
185500 325 -6331716.130328277
185600 325 -6300333.033198668
185700 325 -6298543.216649842
185800 325 -6346864.336493317
185900 325 -6410973.494548639
186000 325 -6338230.863544486
186100 325 -6348822.93756688
186200 325 -6394534.723719087
186300 325 -6311116.99801581
186400 325 -6428813.379095331
186500 325 -6287215.841994255
186600 325 -6286635.367803967
186700 325 -6303952.39352838
186800 325 -6333686.407140758
186900 325 -6380479.25954124
187000 325 -6327554.900351855
187100 325 -6364817.75021276
187200 325 -6275435.246002185
187300 325 -6268633.436047615
187400 325 -6370427.900238166
187500 325 -6317653.052793978
187600 325 -6395469.728126934
187700 325 -6248010.392636553
187800 325 -6266890.524652126
187900 325 -6286010.134816338
188000 325 -6358859.685837355
188100 325 -6342664.064385025
188200 325 -6292087.837417899
188300 325 -6376035.151248632
188400 325 -6365889.684944623
188500 325 -6300300.692896328
188600 325 -6231362.494179221
188700 325 -6290579.147353254
188800 325 -6397804.380329406
188900 325 -6365751.316912561
189000 325 -6350574.750864968
189100 325 -6259056.396088591
189200 325 -6399515.441772602
189300 325 -6304612.147940238
189400 325 -6338293.74694504
189500 325 -6361957.65562341
189600 325 -6352172.043964651
189700 325 -6381422.103247987
189800 325 -6320310.346812278
189900 325 -6393775.495198167
190000 325 -6295104.905684361
190100 325 -6307824.644600602
190200 325 -6259793.070671083
190300 325 -6356118.91321387
190400 325 -6302286.085655808
190500 325 -6345588.043850232
190600 325 -6342996.837962989
190700 325 -6389845.630536823
190800 325 -6264010.675643824
190900 325 -6357646.559951446
191000 325 -6322211.069657472
191100 325 -6370776.232366631
191200 325 -6298617.474867253
191300 325 -6354458.732011965
191400 325 -6345907.574050499
191500 325 -6342945.192125099
191600 325 -6326679.848392865
191700 325 -6356349.760568238
191800 325 -6332626.205020229
191900 325 -6320442.400003629
192000 325 -6330344.857601466
192100 325 -6276601.967366673
192200 325 -6293063.517074233
192300 325 -6290913.32862831
192400 325 -6307324.705628399
192500 325 -6397866.136882534
192600 325 -6371040.662902942
192700 325 -6336441.298221812
192800 325 -6453691.147606008
192900 325 -6288523.044568941
193000 325 -6331913.821668463
193100 325 -6334344.878989018
193200 325 -6328987.275466939
193300 325 -6344533.655351899
193400 325 -6290126.776151907
193500 325 -6197276.24610259
193600 325 -6383187.313034432
193700 325 -6308677.389391337
193800 325 -6416671.17448274
193900 325 -6327238.78496353
194000 325 -6339197.254304718
194100 325 -6352083.402596589
194200 325 -6287574.039748698
194300 325 -6262789.689875957
194400 325 -6305100.225582419
194500 325 -6359721.250616858
194600 325 -6368566.682334111
194700 325 -6312995.543160472
194800 325 -6265678.709299935
194900 325 -6406692.35199745
195000 325 -6285358.279609385
195100 325 -6347798.325706797
195200 325 -6435298.481131196
195300 325 -6366977.629905831
195400 325 -6396796.759396311
195500 325 -6304516.338024726
195600 325 -6327969.051947568
195700 325 -6395188.041970612
195800 325 -6376286.495472992
195900 325 -6384064.123933467
196000 325 -6342798.875050582
196100 325 -6316187.791265089
196200 325 -6408785.295498125
196300 325 -6336903.007077269
196400 325 -6302615.800993744
196500 325 -6198136.152228686
196600 325 -6291309.339359808
196700 325 -6332541.900703324
196800 325 -6335202.713162402
196900 325 -6384372.855030404
197000 325 -6308240.607576397
197100 325 -6303493.997721997
197200 325 -6414542.84260682
197300 325 -6341558.513234569
197400 325 -6327200.161112132
197500 325 -6361946.72708952
197600 325 -6348939.076091224
197700 325 -6239687.088279149
197800 325 -6368492.793929163
197900 325 -6261563.409872623
198000 325 -6417209.831255096
198100 325 -6316462.661778587
198200 325 -6355230.237618031
198300 325 -6273610.082057108
198400 325 -6372914.194398541
198500 325 -6398975.176902357
198600 325 -6347100.271840299
198700 325 -6396045.793362522
198800 325 -6310470.865759279
198900 325 -6357442.41987087
199000 325 -6366722.030812846
199100 325 -6399281.972800307
199200 325 -6374636.817111118
199300 325 -6351174.66887104
199400 325 -6329048.16884863
199500 325 -6278561.914529972
199600 325 -6341404.240259635
199700 325 -6360176.666903759
199800 325 -6360708.493173952
199900 325 -6426197.277973182
200000 325 -6372482.977037415
200100 325 -6360975.462389616
200200 325 -6372198.009550269
200300 325 -6398414.228131874
200400 325 -6329547.055448704
200500 325 -6211452.459158638
200600 325 -6331187.100969125
200700 325 -6359860.208225979
200800 325 -6303937.803773696
200900 325 -6317635.166533198
201000 325 -6276775.93507166
201100 325 -6350172.112084258
201200 325 -6294543.599826097
201300 325 -6329468.939826008
201400 325 -6287884.064927677
201500 325 -6272840.352942187
201600 325 -6338654.909130357
201700 325 -6390916.370704003
201800 325 -6315397.239202542
201900 325 -6380086.233548062
202000 325 -6297690.657090968
202100 325 -6340987.810430102
202200 325 -6342541.895746946
202300 325 -6372773.864311367
202400 325 -6421283.063945672
202500 325 -6334236.235536437
202600 325 -6332312.913543294
202700 325 -6380907.404669121
202800 325 -6348985.378147637
202900 325 -6310956.995807652
203000 325 -6295157.109498857
203100 325 -6322782.928485639
203200 325 -6233471.820565316
203300 325 -6365037.546392826
203400 325 -6364913.25332645
203500 325 -6271075.598997604
203600 325 -6223389.953212248
203700 325 -6286527.775787582
203800 325 -6305247.240769167
203900 325 -6462087.812258998
204000 325 -6346333.953734968
204100 325 -6352778.394611957
204200 325 -6310904.113466458
204300 325 -6345656.498822093
204400 325 -6321598.167021718
204500 325 -6361214.298114265
204600 325 -6324410.506328195
204700 325 -6339189.458331738
204800 325 -6376969.240635494
204900 325 -6374367.700532209
205000 325 -6418748.866298864
205100 325 -6375830.202259189
205200 325 -6285053.55156026
205300 325 -6293462.425918979
205400 325 -6270021.97744205
205500 325 -6343213.99682305
205600 325 -6322774.794928761
205700 325 -6321184.619874131
205800 325 -6284540.541675515
205900 325 -6306973.526434492
206000 325 -6313946.927989511
206100 325 -6305808.479234772
206200 325 -6298843.475464125
206300 325 -6306397.065349835
206400 325 -6257968.272567423
206500 325 -6325772.584385398
206600 325 -6406969.162857457
206700 325 -6342154.507450597
206800 325 -6399804.620523926
206900 325 -6317649.175899433
207000 325 -6355651.241077659
207100 325 -6335878.646310488
207200 325 -6366360.014182604
207300 325 -6300128.020475683
207400 325 -6393849.413333232
207500 325 -6366761.392420642
207600 325 -6348190.6113071
207700 325 -6317413.178656056
207800 325 -6375560.282193152
207900 325 -6375988.974419354
208000 325 -6293755.648798669
208100 325 -6246610.861443279
208200 325 -6354853.893078944
208300 325 -6276646.826079456
208400 325 -6410724.541439138
208500 325 -6281888.866333848
208600 325 -6312620.667454776
208700 325 -6364207.272937307
208800 325 -6277269.206707045
208900 325 -6349766.529647337
209000 325 -6399348.997361215
209100 325 -6302966.812854758
209200 325 -6256440.748730409
209300 325 -6392767.272746192
209400 325 -6329828.427663002
209500 325 -6336489.350517346
209600 325 -6267862.511020105
209700 325 -6293512.842721475
209800 325 -6277091.319930751
209900 325 -6331994.048165213
210000 325 -6369151.148757525
210100 325 -6385432.505510697
210200 325 -6281291.482442413
210300 325 -6385812.720167973
210400 325 -6370235.73413858
210500 325 -6335380.845362809
210600 325 -6342683.585747324
210700 325 -6346617.333907494
210800 325 -6327737.997422448
210900 325 -6288316.508264294
211000 325 -6330838.926352843
211100 325 -6368652.639025662
211200 325 -6314449.762007247
211300 325 -6386390.338296662
211400 325 -6428399.286029575
211500 325 -6406940.824510168
211600 325 -6325628.337159357
211700 325 -6189345.043555837
211800 325 -6363207.340625005
211900 325 -6310764.442626629
212000 325 -6301002.852889644
212100 325 -6261603.381806843
212200 325 -6341147.434880582
212300 325 -6315298.039554176
212400 325 -6326166.611711307
212500 325 -6226962.02089305
212600 325 -6308693.762341193
212700 325 -6341613.815697217
212800 325 -6359955.008978803
212900 325 -6352176.415952222
213000 325 -6363828.840079945
213100 325 -6359872.761553371
213200 325 -6284144.61571779
213300 325 -6382481.816120844
213400 325 -6438029.53556661
213500 325 -6376262.409057715
213600 325 -6313062.50484925
213700 325 -6278031.6725122
213800 325 -6328420.442561981
213900 325 -6374368.744136224
214000 325 -6344924.240983439
214100 325 -6300268.89459164
214200 325 -6332072.157974482
214300 325 -6427551.216899826
214400 325 -6370848.388145092
214500 325 -6388888.927681999
214600 325 -6390501.36592079
214700 325 -6366732.073306853
214800 325 -6397159.4313049
214900 325 -6299057.649686914
215000 325 -6429058.497500207
215100 325 -6275482.112780948
215200 325 -6397666.282480265
215300 325 -6360426.124784257
215400 325 -6356984.457574764
215500 325 -6319914.090457151
215600 325 -6423706.790938111
215700 325 -6407484.049796378
215800 325 -6297984.962582384
215900 325 -6353225.731253168
216000 325 -6257805.348905055
216100 325 -6383938.38395582
216200 325 -6324805.54660319
216300 325 -6308093.762916675
216400 325 -6386085.265667387
216500 325 -6305138.942536094
216600 325 -6276036.790866107
216700 325 -6301304.847997432
216800 325 -6413832.829726923
216900 325 -6328194.721358977
217000 325 -6391055.288371229
217100 325 -6302315.735104652
217200 325 -6343959.587334432
217300 325 -6393460.373639526
217400 325 -6429599.487398943
217500 325 -6393544.997307288
217600 325 -6376090.084990049
217700 325 -6312329.366524319
217800 325 -6317291.849878782
217900 325 -6278257.183473583
218000 325 -6384951.845935833
218100 325 -6362040.993083738
218200 325 -6329240.137413619
218300 325 -6346977.532325342
218400 325 -6378207.787619801
218500 325 -6387464.540589785
218600 325 -6292227.022844462
218700 325 -6314100.384425445
218800 325 -6379839.447295964
218900 325 -6290085.024200372
219000 325 -6302326.923590349
219100 325 -6290226.417503634
219200 325 -6304862.356136583
219300 325 -6358535.809547201
219400 325 -6350743.210108539
219500 325 -6343642.471241748
219600 325 -6301198.465855887
219700 325 -6296076.606819185
219800 325 -6260125.682981145
219900 325 -6341281.904092656
220000 325 -6339877.96001591
220100 325 -6413109.380458536
220200 325 -6341497.640917184
220300 325 -6426267.857714316
220400 325 -6366072.118060421
220500 325 -6323040.328895764
220600 325 -6275885.203971274
220700 325 -6332035.216665544
220800 325 -6337781.906550273
220900 325 -6314255.138666572
221000 325 -6305269.509619448
221100 325 -6315076.906828478
221200 325 -6417283.792875072
221300 325 -6414603.812943612
221400 325 -6338352.406877102
221500 325 -6405455.694638325
221600 325 -6347184.495335896
221700 325 -6419709.718191898
221800 325 -6373205.660522006
221900 325 -6231367.203829431
222000 325 -6272160.077884667
222100 325 -6375895.915784039
222200 325 -6307929.850308787
222300 325 -6332172.138965193
222400 325 -6366999.999025504
222500 325 -6340173.931662704
222600 325 -6376085.4119428
222700 325 -6357649.012727937
222800 325 -6331801.44129316
222900 325 -6364794.894359764
223000 325 -6345938.398872174
223100 325 -6328328.94338865
223200 325 -6322799.101725971
223300 325 -6268983.966872578
223400 325 -6252967.321091993
223500 325 -6446195.64125153
223600 325 -6297163.972447231
223700 325 -6379932.875048073
223800 325 -6276856.652523557
223900 325 -6373774.779313516
224000 325 -6327435.057741729
224100 325 -6279021.11944088
224200 325 -6324009.913244525
224300 325 -6318358.008858353
224400 325 -6347742.060817504
224500 325 -6352395.090766767
224600 325 -6382641.963701479
224700 325 -6300394.406481926
224800 325 -6274077.615881024
224900 325 -6325424.6029402
225000 325 -6320077.891025159
225100 325 -6351797.257781887
225200 325 -6364046.796483798
225300 325 -6333771.256999183
225400 325 -6380587.680287403
225500 325 -6334320.705840498
225600 325 -6347282.30232979
225700 325 -6319666.626202605
225800 325 -6390955.1153847
225900 325 -6334529.857466924
226000 325 -6286102.846732252
226100 325 -6293153.457953889
226200 325 -6342236.017057929
226300 325 -6394912.574858861
226400 325 -6417944.211285997
226500 325 -6338166.079274667
226600 325 -6312406.519258271
226700 325 -6304570.768019486
226800 325 -6451529.382201063
226900 325 -6328093.544470185
227000 325 -6266971.44101237
227100 325 -6322665.013153794
227200 325 -6396541.101372482
227300 325 -6394987.617157882
227400 325 -6369793.422608623
227500 325 -6307281.426350158
227600 325 -6377453.577567288
227700 325 -6403740.932681727
227800 325 -6227427.66911168
227900 325 -6427683.946083477
228000 325 -6319115.71319194
228100 325 -6317556.857757911
228200 325 -6306430.181721395
228300 325 -6353284.910277411
228400 325 -6314525.066410488
228500 325 -6286716.929168032
228600 325 -6317087.280220323
228700 325 -6298452.311128704
228800 325 -6369148.579120839
228900 325 -6357134.426009812
229000 325 -6339751.059999568
229100 325 -6338748.553687746
229200 325 -6369920.621796079
229300 325 -6402732.927713596
229400 325 -6418810.26846426
229500 325 -6331048.352640869
229600 325 -6315400.323243943
229700 325 -6305619.697056811
229800 325 -6362457.793125074
229900 325 -6374876.614129314
230000 325 -6304805.554890113
230100 325 -6446921.125726926
230200 325 -6347294.947695853
230300 325 -6396467.697680394
230400 325 -6298418.365991697
230500 325 -6308526.366616555
230600 325 -6270778.924772453
230700 325 -6278005.626258738
230800 325 -6366354.481154749
230900 325 -6337493.791070798
231000 325 -6328113.275547017
231100 325 -6280393.847074891
231200 325 -6358388.160727773
231300 325 -6374566.606869666
231400 325 -6389799.199290594
231500 325 -6401822.207334181
231600 325 -6332288.931447466
231700 325 -6340381.815299802
231800 325 -6276492.431382559
231900 325 -6231069.192464298
232000 325 -6366015.077831041
232100 325 -6356375.077839836
232200 325 -6323802.678438142
232300 325 -6328691.660566933
232400 325 -6301614.453248115
232500 325 -6344086.556317272
232600 325 -6397314.703715527
232700 325 -6311547.260924067
232800 325 -6328679.710042235
232900 325 -6369223.867177179
233000 325 -6316897.951370237
233100 325 -6402766.61458612
233200 325 -6400865.494944331
233300 325 -6276968.649654785
233400 325 -6401037.378975902
233500 325 -6363808.243462861
233600 325 -6373400.437686224
233700 325 -6372946.668579079
233800 325 -6421411.328086367
233900 325 -6267784.573837413
234000 325 -6410252.633012461
234100 325 -6317997.627628016
234200 325 -6292746.756043653
234300 325 -6366900.912099745
234400 325 -6327538.570716455
234500 325 -6284918.728652114
234600 325 -6298157.621911627
234700 325 -6352897.970051941
234800 325 -6397372.487916937
234900 325 -6313577.886439563
235000 325 -6329605.126191776
235100 325 -6393642.990392638
235200 325 -6287990.298641913
235300 325 -6343865.283195953
235400 325 -6351396.76582601
235500 325 -6317370.166721066
235600 325 -6309833.649803108
235700 325 -6347422.952793538
235800 325 -6297869.988972888
235900 325 -6287675.072830614
236000 325 -6361786.288605886
236100 325 -6320178.109622793
236200 325 -6321454.075807632
236300 325 -6291163.323218685
236400 325 -6376558.882471059
236500 325 -6323261.978509817
236600 325 -6273247.429467537
236700 325 -6306382.73999172
236800 325 -6388453.335645365
236900 325 -6355061.586499784
237000 325 -6420541.760420544
237100 325 -6243604.756953044
237200 325 -6352043.464843082
237300 325 -6388019.774399411
237400 325 -6278856.795701656
237500 325 -6372900.005967488
237600 325 -6358742.955231814
237700 325 -6317561.216889719
237800 325 -6277120.28636854
237900 325 -6326580.217017612
238000 325 -6380306.751996139
238100 325 -6380567.557888367
238200 325 -6349531.080927044
238300 325 -6319167.824136935
238400 325 -6370400.185379394
238500 325 -6385616.502375003
238600 325 -6289680.97861435
238700 325 -6355291.430297132
238800 325 -6363396.796285609
238900 325 -6281939.072113674
239000 325 -6360634.68839426
239100 325 -6315243.243015068
239200 325 -6367084.900563172
239300 325 -6322760.964861703
239400 325 -6288801.736446763
239500 325 -6373083.712923184
239600 325 -6329428.705150636
239700 325 -6280275.468484387
239800 325 -6343904.730563471
239900 325 -6364963.656316891
240000 325 -6314485.64205166
240100 325 -6348575.44008169
240200 325 -6300781.348393312
240300 325 -6337444.99773466
240400 325 -6410103.289672431
240500 325 -6315945.184337096
240600 325 -6287121.529393146
240700 325 -6376109.822388195
240800 325 -6374959.594782703
240900 325 -6274472.582576617
241000 325 -6425800.332572524
241100 325 -6317638.282561765
241200 325 -6441652.138014309
241300 325 -6383040.444861509
241400 325 -6281625.455901505
241500 325 -6252307.08738237
241600 325 -6333053.186442996
241700 325 -6351076.668113658
241800 325 -6388772.375198487
241900 325 -6356857.3814249
242000 325 -6288603.223830001
242100 325 -6288435.817464622
242200 325 -6289906.319234364
242300 325 -6300708.239903932
242400 325 -6368441.191537766
242500 325 -6338929.533642646
242600 325 -6325189.655708425
242700 325 -6335819.177640464
242800 325 -6375518.350660246
242900 325 -6336521.631655265
243000 325 -6322570.019750768
243100 325 -6256963.885301984
243200 325 -6315156.292720659
243300 325 -6350109.278985691
243400 325 -6267467.767174727
243500 325 -6336231.265667925
243600 325 -6245691.004523471
243700 325 -6260950.939600763
243800 325 -6301139.334957621
243900 325 -6373195.740134405
244000 325 -6350387.273140816
244100 325 -6382271.327589235
244200 325 -6291922.809044716
244300 325 -6409633.380872986
244400 325 -6376705.807187812
244500 325 -6311341.125010749
244600 325 -6285983.819963911
244700 325 -6375868.19598413
244800 325 -6364716.670908745
244900 325 -6304396.378697197
245000 325 -6337696.601221447
245100 325 -6410213.001566556
245200 325 -6293635.327207131
245300 325 -6380583.632536234
245400 325 -6396869.761909259
245500 325 -6373611.192167652
245600 325 -6411367.904356817
245700 325 -6336192.486805949
245800 325 -6369742.742969941
245900 325 -6288673.771558082
246000 325 -6322973.256129971
246100 325 -6282563.407563552
246200 325 -6294288.061847484
246300 325 -6311409.092408482
246400 325 -6224412.510429281
246500 325 -6362582.422574876
246600 325 -6303870.840093171
246700 325 -6291044.358680444
246800 325 -6305081.456479175
246900 325 -6262631.050524969
247000 325 -6284968.111388331
247100 325 -6358212.65635111
247200 325 -6303213.190124163
247300 325 -6374092.429054437
247400 325 -6357685.105267717
247500 325 -6326781.763489658
247600 325 -6357695.042607653
247700 325 -6395790.852682714
247800 325 -6321508.787244739
247900 325 -6308368.708625581
248000 325 -6395944.495045369
248100 325 -6301908.079659244
248200 325 -6339894.499049073
248300 325 -6340551.443447506
248400 325 -6330925.445106233
248500 325 -6305209.999720846
248600 325 -6332969.929145422
248700 325 -6307133.599907066
248800 325 -6313475.597981077
248900 325 -6347058.953728814
249000 325 -6263698.558339017
249100 325 -6348383.182082373
249200 325 -6287104.202445677
249300 325 -6330268.26647092
249400 325 -6330130.663888415
249500 325 -6347368.758804463
249600 325 -6407084.130860245
249700 325 -6289506.722522803
249800 325 -6279834.370004646
249900 325 -6282131.722194307
250000 325 -6262422.750059024
250100 325 -6337135.120961014
250200 325 -6364777.578571634
250300 325 -6357341.83089976
250400 325 -6340897.517939107
250500 325 -6346332.541030254
250600 325 -6392484.624696469
250700 325 -6454106.7342002
250800 325 -6268577.657347435
250900 325 -6295455.749344207
251000 325 -6356653.141221866
251100 325 -6358154.573228072
251200 325 -6331391.585510268
251300 325 -6307496.490664087
251400 325 -6374084.481649605
251500 325 -6421303.673733585
251600 325 -6351161.545672833
251700 325 -6329850.592481561
251800 325 -6344483.261833044
251900 325 -6409816.408800321
252000 325 -6350866.210930638
252100 325 -6411510.662104924
252200 325 -6293365.22571332
252300 325 -6436853.074681783
252400 325 -6210575.951708387
252500 325 -6344087.666734955
252600 325 -6340534.330241811
252700 325 -6317456.845373102
252800 325 -6389350.945305159
252900 325 -6318152.299034653
253000 325 -6273518.530624675
253100 325 -6286552.712055111
253200 325 -6351590.795939459
253300 325 -6321647.14846047
253400 325 -6347917.631754745
253500 325 -6311223.121521818
253600 325 -6298191.24265404
253700 325 -6344714.072849413
253800 325 -6332389.547283861
253900 325 -6325887.695081972
254000 325 -6313961.615258074
254100 325 -6303573.012758762
254200 325 -6281864.519987207
254300 325 -6366811.307284006
254400 325 -6341611.450849922
254500 325 -6350574.579316966
254600 325 -6325880.087701526
254700 325 -6431683.632266243
254800 325 -6250172.958720781
254900 325 -6356524.44811227
255000 325 -6266242.891054133
255100 325 -6377953.81601836
255200 325 -6382802.995574977
255300 325 -6343950.804555593
255400 325 -6347308.683099709
255500 325 -6392557.43063055
255600 325 -6361726.617395015
255700 325 -6329853.603138481
255800 325 -6399927.567322392
255900 325 -6211985.290478884
256000 325 -6321401.443249073
256100 325 -6448267.588121496
256200 325 -6415464.145738294
256300 325 -6300242.655361997
256400 325 -6241168.896338233
256500 325 -6436533.73044311
256600 325 -6441846.174171363
256700 325 -6339337.417724603
256800 325 -6356449.659807133
256900 325 -6403465.546741277
257000 325 -6313690.835673003
257100 325 -6375318.867965948
257200 325 -6366858.776408813
257300 325 -6333868.705078678
257400 325 -6392571.679733491
257500 325 -6484446.307480998
257600 325 -6434402.742478877
257700 325 -6355817.917120043
257800 325 -6340380.415297719
257900 325 -6316519.658567273
258000 325 -6380519.089291353
258100 325 -6315935.998068505
258200 325 -6344500.389833624
258300 325 -6395865.727294344
258400 325 -6345835.237433609
258500 325 -6340568.405363484
258600 325 -6289645.623868695
258700 325 -6365143.030339543
258800 325 -6343004.681909516
258900 325 -6412951.639652024
259000 325 -6390396.026609676
259100 325 -6320367.053605308
259200 325 -6302980.992364302
259300 325 -6357900.937918834
259400 325 -6367626.151308546
259500 325 -6361663.692854904
259600 325 -6266552.711571642
259700 325 -6406378.234232834
259800 325 -6279892.609808283
259900 325 -6379883.454071698
260000 325 -6216290.053994749
260100 325 -6310285.472450618
260200 325 -6307562.393223751
260300 325 -6360046.625293327
260400 325 -6399367.470837469
260500 325 -6282337.273632357
260600 325 -6409348.770628345
260700 325 -6271032.755239966
260800 325 -6343182.033753297
260900 325 -6312692.796394658
261000 325 -6395999.656114266
261100 325 -6406361.609658037
261200 325 -6360234.923080226
261300 325 -6324549.28759555
261400 325 -6337117.880503713
261500 325 -6444557.067649506
261600 325 -6397049.022646006
261700 325 -6317961.307041964
261800 325 -6330895.598398915
261900 325 -6331074.391645368
262000 325 -6395111.10584636
262100 325 -6380408.789983859
262200 325 -6324129.15455188
262300 325 -6322637.685118405
262400 325 -6295810.623335952
262500 325 -6399517.019065997
262600 325 -6358848.366950911
262700 325 -6326373.967194326
262800 325 -6376389.498296954
262900 325 -6350017.59974165
263000 325 -6275064.519567686
263100 325 -6210951.170974988
263200 325 -6354337.723862091
263300 325 -6352707.583466311
263400 325 -6399515.173974724
263500 325 -6373019.559826461
263600 325 -6354172.268960403
263700 325 -6340702.215543339
263800 325 -6312599.224035299
263900 325 -6323140.783039149
264000 325 -6413685.397261107
264100 325 -6343839.857118302
264200 325 -6332973.693207826
264300 325 -6342673.638094201
264400 325 -6422504.623099038
264500 325 -6379025.294697767
264600 325 -6373484.411856808
264700 325 -6398002.409692964
264800 325 -6276337.196117834
264900 325 -6289912.444731282
265000 325 -6325237.143976687
265100 325 -6358976.075182985
265200 325 -6360011.381453617
265300 325 -6404692.31187558
265400 325 -6290203.340418527
265500 325 -6260863.016760753
265600 325 -6311406.835319282
265700 325 -6355288.827976365
265800 325 -6325847.172562566
265900 325 -6330270.763676809
266000 325 -6366907.503591746
266100 325 -6353487.340101
266200 325 -6388846.389231762
266300 325 -6345960.510434642
266400 325 -6250502.663896306
266500 325 -6347619.395652546
266600 325 -6294378.510522783
266700 325 -6420335.833142681
266800 325 -6305566.036697885
266900 325 -6422952.569451954
267000 325 -6410535.36242666
267100 325 -6420690.954457
267200 325 -6359750.45403787
267300 325 -6326451.808794997
267400 325 -6380092.448796773
267500 325 -6390272.295397636
267600 325 -6265056.998775141
267700 325 -6443849.140777238
267800 325 -6286636.551135605
267900 325 -6335528.622216149
268000 325 -6305826.633683715
268100 325 -6322904.59289716
268200 325 -6327919.712127061
268300 325 -6342345.38377594
268400 325 -6314524.361324505
268500 325 -6373084.857778491
268600 325 -6274323.013149215
268700 325 -6298327.918631067
268800 325 -6287539.408194974
268900 325 -6353049.730716467
269000 325 -6363441.880581321
269100 325 -6334002.404497565
269200 325 -6381322.11191906
269300 325 -6311524.863590037
269400 325 -6366102.282881718
269500 325 -6346948.327445817
269600 325 -6374808.148658927
269700 325 -6265761.92331993
269800 325 -6432222.384954473
269900 325 -6295894.002777297
270000 325 -6394686.821769083
270100 325 -6254011.992391821
270200 325 -6322574.900164118
270300 325 -6332223.073945506
270400 325 -6386691.797706158
270500 325 -6359921.162339326
270600 325 -6424134.783105427
270700 325 -6241579.898720648
270800 325 -6345288.932095828
270900 325 -6328083.10921968
271000 325 -6343480.377542589
271100 325 -6276875.690992784
271200 325 -6366645.940057714
271300 325 -6371467.844985448
271400 325 -6453532.016407691
271500 325 -6433031.466120512
271600 325 -6352168.63724233
271700 325 -6191622.44992282
271800 325 -6390206.662274078
271900 325 -6258908.240119644
272000 325 -6356744.423296872
272100 325 -6342831.778950365
272200 325 -6309392.077477051
272300 325 -6429954.070613143
272400 325 -6379962.680137823
272500 325 -6300884.968886214
272600 325 -6386929.759679465
272700 325 -6353207.212659637
272800 325 -6315692.835277548
272900 325 -6378064.825962275
273000 325 -6357139.541612714
273100 325 -6390988.437975326
273200 325 -6351181.718341968
273300 325 -6296719.723042731
273400 325 -6305978.10149992
273500 325 -6265503.106883136
273600 325 -6334198.878229225
273700 325 -6286088.057210431
273800 325 -6349095.939309109
273900 325 -6296123.209103926
274000 325 -6359208.760586109
274100 325 -6415261.243927479
274200 325 -6325816.806883496
274300 325 -6356787.055349949
274400 325 -6394582.992803326
274500 325 -6344067.940553019
274600 325 -6284427.643103633
274700 325 -6349778.39209768
274800 325 -6302288.735754817
274900 325 -6333609.971732005
275000 325 -6332271.118874464
275100 325 -6348649.571997253
275200 325 -6275780.316863014
275300 325 -6237423.567912254
275400 325 -6313869.206868997
275500 325 -6283171.502014973
275600 325 -6316342.637978425
275700 325 -6366608.824971117
275800 325 -6336629.280403909
275900 325 -6342495.569485609
276000 325 -6356565.718308043
276100 325 -6359801.618055867
276200 325 -6335991.672593998
276300 325 -6272566.70704656
276400 325 -6290633.305178309
276500 325 -6428809.033962904
276600 325 -6360047.809347457
276700 325 -6301523.815609038
276800 325 -6363581.020547858
276900 325 -6343418.592216723
277000 325 -6324097.467495775
277100 325 -6420101.018382534
277200 325 -6318859.81559629
277300 325 -6244225.596284553
277400 325 -6349340.905791868
277500 325 -6279371.833879143
277600 325 -6431301.949462208
277700 325 -6295701.965687666
277800 325 -6308393.781179838
277900 325 -6384834.726221447
278000 325 -6307238.011852009
278100 325 -6261542.308165591
278200 325 -6381734.443792522
278300 325 -6306546.003970807
278400 325 -6354765.592124239
278500 325 -6351212.29551688
278600 325 -6327745.484395928
278700 325 -6320524.289023213
278800 325 -6307106.709003314
278900 325 -6316601.595125667
279000 325 -6376988.168851434
279100 325 -6292168.821241184
279200 325 -6390676.705946337
279300 325 -6351425.585001073
279400 325 -6389146.616690494
279500 325 -6275786.45006717
279600 325 -6349570.995904122
279700 325 -6370829.825977416
279800 325 -6274855.164613195
279900 325 -6361278.21435977
280000 325 -6330238.806864442
280100 325 -6415304.352534063
280200 325 -6334669.234379828
280300 325 -6414531.507860873
280400 325 -6320356.95500244
280500 325 -6303925.573161973
280600 325 -6328820.164496139
280700 325 -6262157.998820706
280800 325 -6302165.968489451
280900 325 -6339983.354767964
281000 325 -6287040.477141382
281100 325 -6377439.761859703
281200 325 -6368212.728734909
281300 325 -6368776.411955188
281400 325 -6327122.283777809
281500 325 -6320839.284928266
281600 325 -6321632.527571054
281700 325 -6369676.701250857
281800 325 -6253087.814569189
281900 325 -6397083.714051479
282000 325 -6277718.827614317
282100 325 -6366106.611112195
282200 325 -6276307.02675396
282300 325 -6329072.648556445
282400 325 -6369073.271102855
282500 325 -6408776.867254507
282600 325 -6275412.413338749
282700 325 -6390951.757057263
282800 325 -6359834.381898321
282900 325 -6361065.923896427
283000 325 -6388130.421644657
283100 325 -6357771.644484043
283200 325 -6292064.878842166
283300 325 -6350525.378059257
283400 325 -6290325.634466628
283500 325 -6286460.452811219
283600 325 -6285975.89640299
283700 325 -6411689.096920558
283800 325 -6352089.281886492
283900 325 -6332337.803501828
284000 325 -6322208.855789196
284100 325 -6397453.477817915
284200 325 -6359103.323625734
284300 325 -6396822.184767012
284400 325 -6362928.303612263
284500 325 -6392681.397138733
284600 325 -6300671.372841476
284700 325 -6234159.260592513
284800 325 -6397346.820409479
284900 325 -6311170.750215204
285000 325 -6383061.429550041
285100 325 -6375920.557034638
285200 325 -6389245.26844545
285300 325 -6268687.885011015
285400 325 -6285502.628049845
285500 325 -6373720.561812409
285600 325 -6322916.898008276
285700 325 -6256649.267329643
285800 325 -6292103.858477236
285900 325 -6404566.082626179
286000 325 -6311617.858083399
286100 325 -6280435.484311293
286200 325 -6338922.460801855
286300 325 -6277215.964193818
286400 325 -6304331.735980501
286500 325 -6278376.013766376
286600 325 -6379983.768430794
286700 325 -6351297.693361181
286800 325 -6397851.848188277
286900 325 -6338593.135615646
287000 325 -6312304.193501409
287100 325 -6380812.064672362
287200 325 -6291787.079884918
287300 325 -6406047.800771088
287400 325 -6339660.276623581
287500 325 -6298125.761597129
287600 325 -6295128.294113221
287700 325 -6347716.572038343
287800 325 -6313065.220850064
287900 325 -6415474.325469596
288000 325 -6285304.07167135
288100 325 -6337435.529701419
288200 325 -6290377.454946712
288300 325 -6322834.210571052
288400 325 -6384861.886823954
288500 325 -6340965.456370488
288600 325 -6307953.762980679
288700 325 -6320757.7760052
288800 325 -6392771.529974867
288900 325 -6313739.411009142
289000 325 -6407756.156017175
289100 325 -6285832.805515565
289200 325 -6293545.880048921
289300 325 -6347296.295738325
289400 325 -6360379.237039249
289500 325 -6410227.47335464
289600 325 -6349066.337118302
289700 325 -6249535.722256394
289800 325 -6303372.243195413
289900 325 -6241880.164938673
290000 325 -6402920.971154217
290100 325 -6359234.755785814
290200 325 -6327298.594435185
290300 325 -6276042.178807629
290400 325 -6332243.061100619
290500 325 -6279318.411443649
290600 325 -6339420.879849458
290700 325 -6345294.598484789
290800 325 -6243594.004090603
290900 325 -6380256.277617184
291000 325 -6248148.87846788
291100 325 -6317881.382279515
291200 325 -6342897.442515612
291300 325 -6406991.007803777
291400 325 -6354910.830865451
291500 325 -6318323.354926427
291600 325 -6372374.618683687
291700 325 -6363666.774209089
291800 325 -6353076.934746576
291900 325 -6398515.877976116
292000 325 -6200875.77760804
292100 325 -6276669.42485016
292200 325 -6388551.405111192
292300 325 -6314302.16597029
292400 325 -6308443.830734466
292500 325 -6351020.786487011
292600 325 -6264347.656533199
292700 325 -6315709.464821702
292800 325 -6294881.07389194
292900 325 -6338782.605977904
293000 325 -6331843.975018916
293100 325 -6234671.090937164
293200 325 -6387344.606414324
293300 325 -6305014.79339472
293400 325 -6364799.32511905
293500 325 -6328556.662808934
293600 325 -6302199.599533198
293700 325 -6316403.976756045
293800 325 -6318834.508163497
293900 325 -6302159.381453825
294000 325 -6302792.112009451
294100 325 -6349233.247573115
294200 325 -6425875.7815708
294300 325 -6395480.103796454
294400 325 -6238391.694230982
294500 325 -6327886.130410088
294600 325 -6310446.218979573
294700 325 -6415564.445646411
294800 325 -6340824.360165782
294900 325 -6345854.108748888
295000 325 -6275727.825943651
295100 325 -6371262.193017291
295200 325 -6300153.397238377
295300 325 -6335992.025093006
295400 325 -6361409.235503606
295500 325 -6378583.513233794
295600 325 -6362992.705061141
295700 325 -6442731.479522916
295800 325 -6296999.978597903
295900 325 -6393894.805878125
296000 325 -6320908.804660162
296100 325 -6273295.071606392
296200 325 -6311901.99211082
296300 325 -6331980.914251247
296400 325 -6357677.656432983
296500 325 -6279046.042577758
296600 325 -6331284.774683991
296700 325 -6334666.218521742
296800 325 -6308751.295156394
296900 325 -6357099.488291064
297000 325 -6334521.398379016
297100 325 -6311045.595666233
297200 325 -6365621.619953412
297300 325 -6315295.913458334
297400 325 -6311948.612854304
297500 325 -6344553.601678032
297600 325 -6377967.795017528
297700 325 -6357300.293738374
297800 325 -6374925.338892
297900 325 -6343399.391403638
298000 325 -6203661.499544006
298100 325 -6344461.694186786
298200 325 -6343187.749524664
298300 325 -6320490.25849987
298400 325 -6340623.330795546
298500 325 -6352951.436547864
298600 325 -6308526.43703687
298700 325 -6338283.792399472
298800 325 -6337839.075861229
298900 325 -6291296.270202558
299000 325 -6350562.333659886
299100 325 -6382529.323721379
299200 325 -6398429.424405112
299300 325 -6326141.811966406
299400 325 -6335364.38864615
299500 325 -6313333.171692692
299600 325 -6358395.720643856
299700 325 -6300351.494912299
299800 325 -6345496.219408778
299900 325 -6320060.928181309
300000 325 -6279108.440077798
300100 325 -6346195.736409474
300200 325 -6365590.363314466
300300 325 -6327075.666112239
300400 325 -6345404.083365205
300500 325 -6322603.537194949
300600 325 -6369715.443416938
300700 325 -6339130.584366865
300800 325 -6375726.939290486
300900 325 -6316041.454226615
301000 325 -6370943.041611571
301100 325 -6407882.219279424
301200 325 -6378201.732135725
301300 325 -6328154.629837155
301400 325 -6377009.471640747
301500 325 -6344545.643752338
301600 325 -6348743.652380765
301700 325 -6342873.213618834
301800 325 -6371460.854960339
301900 325 -6321036.579051338
302000 325 -6434760.347557026
302100 325 -6414572.300579594
302200 325 -6332158.159043541
302300 325 -6364892.073039809
302400 325 -6344630.89335095
302500 325 -6360195.253336032
302600 325 -6294114.337451551
302700 325 -6292715.330914395
302800 325 -6351969.30666565
302900 325 -6355544.350969889
303000 325 -6336492.832540384
303100 325 -6354364.007275466
303200 325 -6388902.799592623
303300 325 -6394604.383665283
303400 325 -6369537.055230237
303500 325 -6337668.494792644
303600 325 -6392732.300396356
303700 325 -6349042.972381551
303800 325 -6342444.062977288
303900 325 -6386155.479539512
304000 325 -6355850.515960535
304100 325 -6341802.996602421
304200 325 -6382282.035091922
304300 325 -6339080.757451721
304400 325 -6332638.428593876
304500 325 -6372431.001109532
304600 325 -6346549.473574245
304700 325 -6371323.999927677
304800 325 -6291889.8509121
304900 325 -6311883.964492738
305000 325 -6388014.403668007
305100 325 -6363920.849822946
305200 325 -6336235.663654244
305300 325 -6422713.256101051
305400 325 -6310280.918661613
305500 325 -6380489.635313367
305600 325 -6308259.874629887
305700 325 -6298536.702086815
305800 325 -6235223.831216631
305900 325 -6243796.616799869
306000 325 -6302144.089136177
306100 325 -6271100.850480835
306200 325 -6342006.3506566
306300 325 -6353043.094863704
306400 325 -6340942.358333335
306500 325 -6377822.459151953
306600 325 -6369054.919358557
306700 325 -6329687.483189547
306800 325 -6343769.473207721
306900 325 -6333560.098300051
307000 325 -6237980.920803938
307100 325 -6314432.667283895
307200 325 -6270508.021286066
307300 325 -6362862.307019811
307400 325 -6360304.504484823
307500 325 -6312227.791864304
307600 325 -6322200.742423886
307700 325 -6342841.714981452
307800 325 -6335627.846496062
307900 325 -6333265.733249255
308000 325 -6343259.705634248
308100 325 -6339894.01698737
308200 325 -6299191.918557301
308300 325 -6421832.560703446
308400 325 -6327215.937283937
308500 325 -6352934.059893014
308600 325 -6345270.665963043
308700 325 -6295884.580448322
308800 325 -6324344.577697681
308900 325 -6299971.571342954
309000 325 -6364111.542763714
309100 325 -6313425.593475793
309200 325 -6371048.179373968
309300 325 -6329795.678591099
309400 325 -6331324.908514968
309500 325 -6298302.252187216
309600 325 -6369901.237042111
309700 325 -6332779.974854917
309800 325 -6357179.455405738
309900 325 -6302576.475873461
310000 325 -6287616.58595385
310100 325 -6270403.958296316
310200 325 -6314454.32438485
310300 325 -6300490.546960555
310400 325 -6391285.529447819
310500 325 -6265992.584206151
310600 325 -6399802.806939626
310700 325 -6280279.055915351
310800 325 -6300865.184398865
310900 325 -6338539.463509123
311000 325 -6426850.733551089
311100 325 -6335638.762729462
311200 325 -6371964.060773762
311300 325 -6350967.466840093
311400 325 -6373027.65153705
311500 325 -6284797.442198741
311600 325 -6299086.038917435
311700 325 -6353905.6137651
311800 325 -6353204.477914777
311900 325 -6323213.619461102
312000 325 -6357242.865277503
312100 325 -6341491.055190603
312200 325 -6266305.567928998
312300 325 -6263657.96561827
312400 325 -6389696.640339311
312500 325 -6326361.559143782
312600 325 -6304032.696790844
312700 325 -6321590.613872644
312800 325 -6361138.226171054
312900 325 -6353214.041231025
313000 325 -6287010.970680044
313100 325 -6380017.59765124
313200 325 -6346771.202294758
313300 325 -6368258.824153321
313400 325 -6330543.554950327
313500 325 -6385637.538679561
313600 325 -6303218.041256595
313700 325 -6363956.369317453
313800 325 -6316868.389667993
313900 325 -6375144.705206653
314000 325 -6466245.113968172
314100 325 -6282288.240805915
314200 325 -6321748.796797186
314300 325 -6394275.962024832
314400 325 -6358350.009195431
314500 325 -6313577.727130167
314600 325 -6250457.646119485
314700 325 -6272503.087294489
314800 325 -6359570.258559089
314900 325 -6287055.030010147
315000 325 -6345057.510592258
315100 325 -6386905.1008279
315200 325 -6371891.844543407
315300 325 -6277829.753719737
315400 325 -6322009.117496319
315500 325 -6319915.406078799
315600 325 -6337399.846145939
315700 325 -6313569.029733049
315800 325 -6364867.851979746
315900 325 -6252275.969897894
316000 325 -6316186.054290809
316100 325 -6363253.357973065
316200 325 -6331767.968167866
316300 325 -6340978.546748101
316400 325 -6378790.082400875
316500 325 -6405448.868750374
316600 325 -6364411.151292305
316700 325 -6353953.787442962
316800 325 -6361894.616098564
316900 325 -6316708.533701178
317000 325 -6330940.861107462
317100 325 -6354267.581336571
317200 325 -6369421.941169132
317300 325 -6300428.762808375
317400 325 -6358875.869094525
317500 325 -6350830.119760854
317600 325 -6316034.660709217
317700 325 -6302540.206378754
317800 325 -6439390.145002708
317900 325 -6388731.882594991
318000 325 -6333794.557238412
318100 325 -6333214.422790762
318200 325 -6347615.885856722
318300 325 -6366695.519722629
318400 325 -6320315.409106812
318500 325 -6278930.791180421
318600 325 -6281395.589653053
318700 325 -6311930.345785184
318800 325 -6269955.84575311
318900 325 -6362699.010187643
319000 325 -6377321.09130903
319100 325 -6323950.016660395
319200 325 -6353645.479838857
319300 325 -6235237.434527406
319400 325 -6387977.587503301
319500 325 -6335653.05683086
319600 325 -6348694.576855561
319700 325 -6316508.498093653
319800 325 -6348407.681617133
319900 325 -6334332.074953322
320000 325 -6334044.287087819
320100 325 -6367346.105641461
320200 325 -6417422.294741105
320300 325 -6325343.980338341
320400 325 -6381758.996560376
320500 325 -6433967.559311945
320600 325 -6305862.058150966
320700 325 -6271419.317664693
320800 325 -6412363.187476769
320900 325 -6301140.322375434
321000 325 -6366740.845804971
321100 325 -6316319.931569574
321200 325 -6294623.942499045
321300 325 -6362308.785367886
321400 325 -6293613.708803924
321500 325 -6317299.870703505
321600 325 -6281120.948356781
321700 325 -6301021.75546322
321800 325 -6345539.321191176
321900 325 -6282884.455801854
322000 325 -6383808.501061707
322100 325 -6359793.997218166
322200 325 -6293774.790671119
322300 325 -6346994.635051118
322400 325 -6362678.708776297
322500 325 -6331832.539413255
322600 325 -6387612.168985363
322700 325 -6259572.061473185
322800 325 -6344494.09294645
322900 325 -6382568.818375001
323000 325 -6337367.263084167
323100 325 -6368567.987214502
323200 325 -6388054.572233712
323300 325 -6366712.290546732
323400 325 -6344780.090315911
323500 325 -6295858.554597467
323600 325 -6319252.153763734
323700 325 -6370988.604130567
323800 325 -6388112.92302247
323900 325 -6305476.503415857
324000 325 -6243307.668202367
324100 325 -6315576.113618985
324200 325 -6302075.01768833
324300 325 -6374281.800118875
324400 325 -6338890.176549542
324500 325 -6344290.13464677
324600 325 -6401509.710676679
324700 325 -6347635.041445868
324800 325 -6346438.816789265
324900 325 -6292620.099390404
325000 325 -6323634.313539665
325100 325 -6321612.658099246
325200 325 -6326274.437273533
325300 325 -6331911.26863654
325400 325 -6403773.388397908
325500 325 -6363162.153360631
325600 325 -6352647.09463222
325700 325 -6279932.717194691
325800 325 -6319613.256060794
325900 325 -6299214.048970642
326000 325 -6283146.772814155
326100 325 -6403637.336981468
326200 325 -6314943.998036439
326300 325 -6359215.932440065
326400 325 -6422951.039993867
326500 325 -6436173.667864105
326600 325 -6411057.670597291
326700 325 -6369696.523856889
326800 325 -6348491.037532475
326900 325 -6387361.326540593
327000 325 -6319203.018209933
327100 325 -6313679.250132245
327200 325 -6343749.883109564
327300 325 -6356044.262895856
327400 325 -6282125.080976133
327500 325 -6291660.740784341
327600 325 -6308662.708046861
327700 325 -6372783.747787149
327800 325 -6270710.943275744
327900 325 -6389924.449360102
328000 325 -6322638.79697015
328100 325 -6291798.179350358
328200 325 -6314258.805109137
328300 325 -6397884.861922746
328400 325 -6344616.904096287
328500 325 -6265384.647363363
328600 325 -6414562.288720405
328700 325 -6317726.237063834
328800 325 -6420071.290277721
328900 325 -6350489.758596646
329000 325 -6437893.820844879
329100 325 -6351901.372885594
329200 325 -6356207.871719201
329300 325 -6303085.873887332
329400 325 -6334917.781370996
329500 325 -6409102.408166332
329600 325 -6414806.742520459
329700 325 -6330027.876486088
329800 325 -6373866.713675843
329900 325 -6255501.694391122
330000 325 -6346793.688339059
330100 325 -6287654.902742346
330200 325 -6333927.18205036
330300 325 -6398768.862697866
330400 325 -6273857.106526809
330500 325 -6310528.397776293
330600 325 -6319394.56433171
330700 325 -6246438.835157668
330800 325 -6280127.157056908
330900 325 -6264057.530850833
331000 325 -6320214.595126033
331100 325 -6380429.842164343
331200 325 -6308974.393413494
331300 325 -6363504.394985011
331400 325 -6346592.423465287
331500 325 -6397321.107889332
331600 325 -6263097.255595073
331700 325 -6350340.982420623
331800 325 -6368919.423603113
331900 325 -6262272.277274884
332000 325 -6317716.280022838
332100 325 -6333965.219993241
332200 325 -6336403.500233819
332300 325 -6266032.720238183
332400 325 -6250276.312102426
332500 325 -6414298.091081132
332600 325 -6321405.83621359
332700 325 -6297433.37878661
332800 325 -6263970.337512408
332900 325 -6363511.86617261
333000 325 -6365660.868550348
333100 325 -6368509.918713082
333200 325 -6309431.92443948
333300 325 -6267675.085965129
333400 325 -6293409.867950284
333500 325 -6310826.093653598
333600 325 -6350190.533575518
333700 325 -6318480.231271597
333800 325 -6285722.713405561
333900 325 -6289679.996781003
334000 325 -6335209.002739659
334100 325 -6358252.873535704
334200 325 -6398721.676421512
334300 325 -6295803.542403949
334400 325 -6293516.805509623
334500 325 -6359496.193173973
334600 325 -6401112.635732211
334700 325 -6363913.914970896
334800 325 -6423549.766845282
334900 325 -6276648.195224813
335000 325 -6338342.991799357
335100 325 -6389677.885204657
335200 325 -6344757.652941181
335300 325 -6254492.917133703
335400 325 -6258407.115331435
335500 325 -6287506.274699345
335600 325 -6324323.428896675
335700 325 -6373171.304050867
335800 325 -6332919.320060382
335900 325 -6392055.364733874
336000 325 -6314903.151920581
336100 325 -6386716.339559909
336200 325 -6315139.191818874
336300 325 -6306038.964251212
336400 325 -6375189.449335193
336500 325 -6363684.10721717
336600 325 -6310406.335819405
336700 325 -6414020.72036563
336800 325 -6355948.426401591
336900 325 -6281217.497122249
337000 325 -6314493.521811517
337100 325 -6251728.332020478
337200 325 -6329889.025938572
337300 325 -6284672.405148789
337400 325 -6336397.294843063
337500 325 -6269899.283798641
337600 325 -6331830.320606139
337700 325 -6310783.409180594
337800 325 -6337988.1794709
337900 325 -6369315.046957402
338000 325 -6296625.544736825
338100 325 -6323403.172574749
338200 325 -6398969.258415403
338300 325 -6274798.386273712
338400 325 -6354330.236024886
338500 325 -6359702.402796193
338600 325 -6318338.880802102
338700 325 -6281956.698086197
338800 325 -6358200.718842812
338900 325 -6314341.828667866
339000 325 -6357005.056928628
339100 325 -6329470.815603565
339200 325 -6286299.898454799
339300 325 -6375292.008276889
339400 325 -6425075.799006557
339500 325 -6319310.518709924
339600 325 -6319229.134297744
339700 325 -6367724.514001171
339800 325 -6287146.39605794
339900 325 -6336701.688220493
340000 325 -6321287.489200808
340100 325 -6326305.485342999
340200 325 -6359078.321515588
340300 325 -6290520.20762451
340400 325 -6352563.145309682
340500 325 -6304639.648090921
340600 325 -6394946.609653202
340700 325 -6309586.585196272
340800 325 -6355845.792378174
340900 325 -6301393.068604823
341000 325 -6312269.69708968
341100 325 -6278419.775787611
341200 325 -6252212.675090648
341300 325 -6316047.467671421
341400 325 -6294616.042787688
341500 325 -6337053.068887173
341600 325 -6366893.061936535
341700 325 -6324806.96788593
341800 325 -6256654.275309777
341900 325 -6286550.888857927
342000 325 -6270041.710316243
342100 325 -6326951.160397245
342200 325 -6342831.190997817
342300 325 -6471286.868199622
342400 325 -6288119.215628094
342500 325 -6321717.893789275
342600 325 -6285946.964806655
342700 325 -6342602.502259225
342800 325 -6320574.670193508
342900 325 -6350265.727875381
343000 325 -6344871.05972215
343100 325 -6312451.595432326
343200 325 -6355068.998107141
343300 325 -6371787.68295138
343400 325 -6282349.03231996
343500 325 -6299593.322857464
343600 325 -6342830.134033451
343700 325 -6335396.134013422
343800 325 -6253250.431893348
343900 325 -6352271.263725972
344000 325 -6318055.870440033
344100 325 -6352608.299655566
344200 325 -6368624.441239277
344300 325 -6386108.561822748
344400 325 -6295129.267171979
344500 325 -6278822.037297024
344600 325 -6304447.975995393
344700 325 -6384621.149890259
344800 325 -6265345.790814586
344900 325 -6400325.568444291
345000 325 -6322830.749055124
345100 325 -6208562.97240945
345200 325 -6324693.800305308
345300 325 -6319737.965772168
345400 325 -6320471.736690844
345500 325 -6348598.992002753
345600 325 -6379858.729618669
345700 325 -6274533.194776174
345800 325 -6316898.745125781
345900 325 -6392209.155731373
346000 325 -6348128.68101123
346100 325 -6298549.932671473
346200 325 -6400984.78546923
346300 325 -6374883.532861836
346400 325 -6247609.807383448
346500 325 -6408115.612565761
346600 325 -6301535.921240676
346700 325 -6301096.314809648
346800 325 -6291440.671348714
346900 325 -6391730.431540187
347000 325 -6339400.372753559
347100 325 -6342026.880390208
347200 325 -6348509.661035968
347300 325 -6309931.708829238
347400 325 -6355945.334844632
347500 325 -6364423.466758044
347600 325 -6319093.632237846
347700 325 -6322584.090623267
347800 325 -6386365.190811122
347900 325 -6261489.816950344
348000 325 -6379260.491826681
348100 325 -6273264.72279617
348200 325 -6304605.304461656
348300 325 -6292095.817633389
348400 325 -6313330.892204098
348500 325 -6360264.838512495
348600 325 -6407578.37896735
348700 325 -6373797.035384852
348800 325 -6318868.816429961
348900 325 -6406897.480022216
349000 325 -6345883.861229997
349100 325 -6360792.572851705
349200 325 -6305117.255260696
349300 325 -6447962.127592496
349400 325 -6367854.119829627
349500 325 -6376596.998380941
349600 325 -6360862.034622481
349700 325 -6282098.593847084
349800 325 -6428192.121375055
349900 325 -6288312.817960134
350000 325 -6399542.65361743
350100 325 -6320893.933064459
350200 325 -6358786.776726913
350300 325 -6332704.447252119
350400 325 -6334359.32025753
350500 325 -6335558.142870381
350600 325 -6298196.334367133
350700 325 -6288066.089117868
350800 325 -6317014.151060092
350900 325 -6281934.19042192
351000 325 -6390460.574686445
351100 325 -6359734.189247765
351200 325 -6326851.974413665
351300 325 -6403391.991475476
351400 325 -6309858.04280205
351500 325 -6374062.770664629
351600 325 -6305900.656648526
351700 325 -6344870.166182747
351800 325 -6372700.035495618
351900 325 -6345237.901170988
352000 325 -6295998.301758036
352100 325 -6348634.309218606
352200 325 -6362455.48476986
352300 325 -6366446.136859663
352400 325 -6354428.392022815
352500 325 -6375342.689970958
352600 325 -6428913.854323502
352700 325 -6341284.70473735
352800 325 -6286104.714005202
352900 325 -6344179.031269259
353000 325 -6312316.232435905
353100 325 -6348986.139846054
353200 325 -6275988.559326449
353300 325 -6231685.798379442
353400 325 -6350846.800912963
353500 325 -6305902.799841008
353600 325 -6333988.554420834
353700 325 -6348279.939416488
353800 325 -6254913.507637486
353900 325 -6280768.468932078
354000 325 -6350516.42910821
354100 325 -6322247.666902483
354200 325 -6322919.724077318
354300 325 -6310927.201469714
354400 325 -6395879.748456342
354500 325 -6331420.423780867
354600 325 -6281095.89547102
354700 325 -6384958.959989921
354800 325 -6346115.406766448
354900 325 -6335551.134440404
355000 325 -6367626.404527381
355100 325 -6301455.067668811
355200 325 -6388330.571046152
355300 325 -6363711.632338956
355400 325 -6290184.810405639
355500 325 -6369592.417067373
355600 325 -6381462.781742763
355700 325 -6339968.313184926
355800 325 -6326674.304999782
355900 325 -6426639.937700087
356000 325 -6331597.506456908
356100 325 -6347899.680236969
356200 325 -6388670.466804009
356300 325 -6344074.510007592
356400 325 -6404790.879485584
356500 325 -6212066.099426766
356600 325 -6344181.535669319
356700 325 -6381476.551591605
356800 325 -6351525.29724617
356900 325 -6345952.564516932
357000 325 -6303202.065008021
357100 325 -6328389.509549576
357200 325 -6436711.573122858
357300 325 -6292650.719498559
357400 325 -6329857.157669051
357500 325 -6429532.33801876
357600 325 -6334634.227566792
357700 325 -6308763.701239986
357800 325 -6359357.096872217
357900 325 -6296913.084765209
358000 325 -6379688.637713921
358100 325 -6371324.738168763
358200 325 -6392661.931758378
358300 325 -6302487.848482748
358400 325 -6359454.817668623
358500 325 -6295326.461143387
358600 325 -6325297.357574455
358700 325 -6373405.873719871
358800 325 -6297380.449578047
358900 325 -6297251.880852196
359000 325 -6334350.756898148
359100 325 -6286589.129606504
359200 325 -6266773.588530374
359300 325 -6345686.168424265
359400 325 -6331892.211505651
359500 325 -6348359.25721118
359600 325 -6204010.312618296
359700 325 -6336573.187402658
359800 325 -6297201.543116109
359900 325 -6269926.696797965
360000 325 -6298201.824593144
360100 325 -6326413.379413741
360200 325 -6354001.212823019
360300 325 -6319293.729762131
360400 325 -6345357.402524052
360500 325 -6273315.494273428
360600 325 -6329506.025052859
360700 325 -6300230.591192664
360800 325 -6340728.240485474
360900 325 -6340710.894865463
361000 325 -6358231.342586491
361100 325 -6359367.121211205
361200 325 -6289221.943526084
361300 325 -6278867.793825204
361400 325 -6342321.283765603
361500 325 -6290093.212089797
361600 325 -6381141.543953041
361700 325 -6319377.236757297
361800 325 -6294366.857220925
361900 325 -6336175.767102581
362000 325 -6410554.212320736
362100 325 -6330185.935532196
362200 325 -6410534.424872875
362300 325 -6317914.620722495
362400 325 -6423206.359825395
362500 325 -6298886.608976586
362600 325 -6382178.845837466
362700 325 -6215432.476692653
362800 325 -6335498.619415037
362900 325 -6324918.063205795
363000 325 -6297376.119439829
363100 325 -6339882.048209881
363200 325 -6325176.23981122
363300 325 -6392164.874062582
363400 325 -6356489.120742865
363500 325 -6319231.729005234
363600 325 -6343648.231789932
363700 325 -6372895.992064497
363800 325 -6362655.028387074
363900 325 -6294788.049194131
364000 325 -6308427.934188828
364100 325 -6265268.838771349
364200 325 -6326170.16083435
364300 325 -6357127.503196125
364400 325 -6302496.816261307
364500 325 -6310870.39612601
364600 325 -6290708.188625814
364700 325 -6414880.605169901
364800 325 -6376681.477208258
364900 325 -6348870.008693906
365000 325 -6400016.868482083
365100 325 -6372362.199510859
365200 325 -6275701.983795557
365300 325 -6379645.218875204
365400 325 -6387354.05451584
365500 325 -6355584.263944945
365600 325 -6269931.784964316
365700 325 -6325447.748281096
365800 325 -6363699.554465801
365900 325 -6377232.311991051
366000 325 -6307780.686036517
366100 325 -6323255.092692291
366200 325 -6370932.796053614
366300 325 -6349936.62643786
366400 325 -6353790.956125128
366500 325 -6428553.508417483
366600 325 -6347879.622949976
366700 325 -6366231.277791593
366800 325 -6271746.994671432
366900 325 -6302908.843614867
367000 325 -6300794.414860509
367100 325 -6326083.913442193
367200 325 -6373280.982138976
367300 325 -6429544.186877076
367400 325 -6266236.245129015
367500 325 -6309607.025018802
367600 325 -6340181.324415887
367700 325 -6328294.434614345
367800 325 -6310460.959358202
367900 325 -6359165.936837613
368000 325 -6346581.040700953
368100 325 -6390414.07049244
368200 325 -6363846.291356498
368300 325 -6385290.755983465
368400 325 -6337357.399403442
368500 325 -6442049.617069526
368600 325 -6399487.866664998
368700 325 -6319833.220708663
368800 325 -6322837.429428659
368900 325 -6338565.924353698
369000 325 -6321622.219123987
369100 325 -6418807.2669407
369200 325 -6365075.092677621
369300 325 -6420888.05551507
369400 325 -6325359.24423063
369500 325 -6303578.603960162
369600 325 -6313078.104265583
369700 325 -6293269.515566783
369800 325 -6330245.269915055
369900 325 -6216601.308782382
370000 325 -6383645.683957272
370100 325 -6291728.054022884
370200 325 -6375573.964710257
370300 325 -6318247.702203136
370400 325 -6402271.797575597
370500 325 -6353687.798116835
370600 325 -6345511.7208873
370700 325 -6326984.668073274
370800 325 -6256179.28406796
370900 325 -6316431.080768827
371000 325 -6350942.427721592
371100 325 -6382315.05707643
371200 325 -6341421.904229845
371300 325 -6322319.051425446
371400 325 -6353267.764148581
371500 325 -6326197.825999349
371600 325 -6264565.056579972
371700 325 -6276746.378034368
371800 325 -6289344.67566856
371900 325 -6344282.11248122
372000 325 -6393325.88041429
372100 325 -6281535.294327499
372200 325 -6310037.42543431
372300 325 -6387020.793424094
372400 325 -6376587.311789585
372500 325 -6249544.678511468
372600 325 -6339156.7754913
372700 325 -6335020.432279414
372800 325 -6325168.485812956
372900 325 -6409781.857782691
373000 325 -6279719.210850868
373100 325 -6284196.563441643
373200 325 -6360034.785925964
373300 325 -6291572.017714718
373400 325 -6397257.509438021
373500 325 -6371189.503338198
373600 325 -6355100.973377511
373700 325 -6351675.359638652
373800 325 -6278675.374782074
373900 325 -6349913.862942236
374000 325 -6271556.244975778
374100 325 -6356426.284300421
374200 325 -6386038.34479782
374300 325 -6263998.945035299
374400 325 -6306567.266483052
374500 325 -6293509.646492913
374600 325 -6314499.075153145
374700 325 -6342321.07515456
374800 325 -6319994.26952091
374900 325 -6378652.275066855
375000 325 -6279286.249715854
375100 325 -6363030.004349917
375200 325 -6369799.248219638
375300 325 -6321854.975145057
375400 325 -6276439.956441503
375500 325 -6362268.971908871
375600 325 -6369919.044305898
375700 325 -6317772.673244474
375800 325 -6313035.870499952
375900 325 -6259390.645529169
376000 325 -6308057.731300646
376100 325 -6319554.754911516
376200 325 -6372438.796848312
376300 325 -6330277.41032215
376400 325 -6334011.975746486
376500 325 -6315314.529369179
376600 325 -6398245.854831808
376700 325 -6346114.806476878
376800 325 -6408774.947472593
376900 325 -6377255.915970735
377000 325 -6301469.931803449
377100 325 -6354435.774838775
377200 325 -6329225.069132466
377300 325 -6307622.332493579
377400 325 -6310620.122817047
377500 325 -6321028.082888039
377600 325 -6274731.11906872
377700 325 -6314939.388468197
377800 325 -6413182.671135029
377900 325 -6351537.171222155
378000 325 -6296672.442105053
378100 325 -6309055.022916192
378200 325 -6367313.631566852
378300 325 -6276596.213192835
378400 325 -6366744.10223896
378500 325 -6286772.857212629
378600 325 -6337001.737233521
378700 325 -6411351.212635204
378800 325 -6335487.656564212
378900 325 -6344764.837291688
379000 325 -6362817.568179717
379100 325 -6306510.65580332
379200 325 -6401031.864427896
379300 325 -6353900.677580869
379400 325 -6348356.029103864
379500 325 -6254875.434234174
379600 325 -6314855.628481165
379700 325 -6340747.09004452
379800 325 -6246256.460791476
379900 325 -6301754.49662041
380000 325 -6361821.792544053
380100 325 -6303723.791982512
380200 325 -6302239.954798463
380300 325 -6299571.362006337
380400 325 -6301315.980059249
380500 325 -6409417.071026292
380600 325 -6369649.841268584
380700 325 -6322315.000343811
380800 325 -6339188.355050413
380900 325 -6225419.339265706
381000 325 -6356270.947928041
381100 325 -6279031.506200088
381200 325 -6355829.840828353
381300 325 -6356525.026034016
381400 325 -6304612.505289413
381500 325 -6386533.195280742
381600 325 -6362873.824791498
381700 325 -6308211.951647282
381800 325 -6301913.429273019
381900 325 -6329556.467540625
382000 325 -6324233.934268748
382100 325 -6390876.669790264
382200 325 -6375784.65657182
382300 325 -6416225.872073975
382400 325 -6345440.068618105
382500 325 -6329719.311445318
382600 325 -6300456.859165205
382700 325 -6304958.752807231
382800 325 -6416097.740255889
382900 325 -6324338.016009856
383000 325 -6342972.924308151
383100 325 -6350772.92702703
383200 325 -6355845.755911975
383300 325 -6401274.420546465
383400 325 -6459184.036168339
383500 325 -6450707.681937369
383600 325 -6403682.53899653
383700 325 -6352808.166623687
383800 325 -6384381.893499196
383900 325 -6365210.224584563
384000 325 -6326770.841809206
384100 325 -6313938.788075358
384200 325 -6410022.72466812
384300 325 -6352922.514747096
384400 325 -6357611.665487185
384500 325 -6417943.772194268
384600 325 -6258757.190820085
384700 325 -6384934.635953317
384800 325 -6360035.195496276
384900 325 -6369105.091079687
385000 325 -6334652.133091962
385100 325 -6371308.967110846
385200 325 -6383197.585547854
385300 325 -6354199.215580421
385400 325 -6379984.388626876
385500 325 -6298812.197012361
385600 325 -6290030.607911977
385700 325 -6437823.717997232
385800 325 -6356233.794165071
385900 325 -6281334.787666755
386000 325 -6412307.880827631
386100 325 -6319405.02203011
386200 325 -6384661.933168924
386300 325 -6302827.015544493
386400 325 -6312544.798521442
386500 325 -6329123.630284657
386600 325 -6288918.893707735
386700 325 -6351506.460408894
386800 325 -6269424.663373682
386900 325 -6316281.701454096
387000 325 -6190927.63517366
387100 325 -6326105.267010795
387200 325 -6382705.164135797
387300 325 -6339875.956561012
387400 325 -6361689.984557126
387500 325 -6386637.386506321
387600 325 -6329532.284124301
387700 325 -6360115.014055913
387800 325 -6274350.39017712
387900 325 -6345235.706158645
388000 325 -6435546.158805315
388100 325 -6338216.971457871
388200 325 -6346904.71053623
388300 325 -6452446.925173502
388400 325 -6400465.339203915
388500 325 -6364488.019682147
388600 325 -6305347.326824314
388700 325 -6328564.819740868
388800 325 -6375711.861782611
388900 325 -6358700.123921376
389000 325 -6303981.581773315
389100 325 -6379823.850529388
389200 325 -6320739.087772187
389300 325 -6256655.790337094
389400 325 -6349701.135359906
389500 325 -6350596.431385926
389600 325 -6363091.623123706
389700 325 -6299836.096789385
389800 325 -6273823.031400667
389900 325 -6351960.922177441
390000 325 -6339579.48408498
390100 325 -6328162.602238167
390200 325 -6318755.719617077
390300 325 -6380199.497403531
390400 325 -6313029.082803052
390500 325 -6347461.386778012
390600 325 -6362749.255432349
390700 325 -6347345.865696495
390800 325 -6326233.034314366
390900 325 -6321216.073091608
391000 325 -6332785.079359964
391100 325 -6289325.217920638
391200 325 -6390051.342204118
391300 325 -6326080.874820927
391400 325 -6344312.03542892
391500 325 -6322717.287609898
391600 325 -6368920.383245835
391700 325 -6328026.615046684
391800 325 -6352181.420991402
391900 325 -6367751.750887513
392000 325 -6289336.90467602
392100 325 -6383256.395117963
392200 325 -6375923.339300966
392300 325 -6378857.616198514
392400 325 -6345229.270095998
392500 325 -6283544.335175097
392600 325 -6365450.420445271
392700 325 -6410688.409588641
392800 325 -6300033.563630445
392900 325 -6339400.988979898
393000 325 -6334849.672580867
393100 325 -6327541.910689704
393200 325 -6322738.854816687
393300 325 -6390000.396746606
393400 325 -6395195.744651864
393500 325 -6371033.426740164
393600 325 -6333852.368309296
393700 325 -6287144.971594743
393800 325 -6357528.780618601
393900 325 -6351109.753363371
394000 325 -6268971.54538299
394100 325 -6398036.94799347
394200 325 -6309851.506209817
394300 325 -6338186.06989148
394400 325 -6357603.616282489
394500 325 -6413466.399444493
394600 325 -6291610.256593895
394700 325 -6365730.170540635
394800 325 -6367256.40379007
394900 325 -6291077.33369868
395000 325 -6367502.194634967
395100 325 -6365154.027579819
395200 325 -6369797.691762282
395300 325 -6382494.199631409
395400 325 -6381189.85846319
395500 325 -6364895.160176186
395600 325 -6262996.626068924
395700 325 -6309964.073514987
395800 325 -6369543.394449275
395900 325 -6281621.113000843
396000 325 -6278386.297761527
396100 325 -6383102.011681605
396200 325 -6327426.52284523
396300 325 -6336009.028947409
396400 325 -6368061.241193552
396500 325 -6293930.541053358
396600 325 -6337682.959166145
396700 325 -6331872.410874512
396800 325 -6320759.606888379
396900 325 -6317696.253684919
397000 325 -6375888.957771957
397100 325 -6256267.787485483
397200 325 -6324316.743907051
397300 325 -6369074.290998822
397400 325 -6252717.53452976
397500 325 -6376774.087938065
397600 325 -6391885.405160957
397700 325 -6305194.388498321
397800 325 -6357553.003203256
397900 325 -6370785.527460505
398000 325 -6404960.729259026
398100 325 -6335871.867500552
398200 325 -6369291.013500044
398300 325 -6368266.177466206
398400 325 -6395820.842962794
398500 325 -6283109.361018565
398600 325 -6299630.684798272
398700 325 -6392242.186422707
398800 325 -6399821.206956862
398900 325 -6302975.861790589
399000 325 -6297651.10044839
399100 325 -6363362.631563395
399200 325 -6385004.862572899
399300 325 -6310802.742893421
399400 325 -6335812.88395717
399500 325 -6305997.568561563
399600 325 -6361439.841340176
399700 325 -6320119.728839071
399800 325 -6313989.131828209
399900 325 -6296708.054241457
400000 325 -6280629.557964065
400100 325 -6286710.64963794
400200 325 -6344187.178579835
400300 325 -6452057.759496425
400400 325 -6370188.794274691
400500 325 -6351297.402468929
400600 325 -6282839.591850232
400700 325 -6293189.866853638
400800 325 -6331768.617847746
400900 325 -6365642.029516528
401000 325 -6362369.866860598
401100 325 -6296953.172851315
401200 325 -6349131.061808728
401300 325 -6307387.568987747
401400 325 -6237026.017364118
401500 325 -6395697.301447356
401600 325 -6300687.740395093
401700 325 -6312641.910537139
401800 325 -6337355.178003441
401900 325 -6363183.286513449
402000 325 -6355541.59303019
402100 325 -6342986.447227732
402200 325 -6267263.1379182
402300 325 -6379532.66138559
402400 325 -6324804.757575494
402500 325 -6374780.096298197
402600 325 -6334477.246554567
402700 325 -6345201.34845267
402800 325 -6319818.347537411
402900 325 -6354331.819607494
403000 325 -6285548.947941585
403100 325 -6374857.724220549
403200 325 -6371531.723289115
403300 325 -6309023.173466589
403400 325 -6356481.899822124
403500 325 -6394519.026804595
403600 325 -6343520.943818602
403700 325 -6358415.281169863
403800 325 -6377067.637525039
403900 325 -6388590.291722126
404000 325 -6321892.413529012
404100 325 -6301622.635944679
404200 325 -6300789.28588034
404300 325 -6377523.117410004
404400 325 -6331898.708863939
404500 325 -6363866.02775238
404600 325 -6328650.26028268
404700 325 -6369522.705916555
404800 325 -6316556.00599127
404900 325 -6335585.284102634
405000 325 -6365279.854758592
405100 325 -6356175.603359474
405200 325 -6413728.404885029
405300 325 -6273818.235939514
405400 325 -6292027.09119295
405500 325 -6338140.56218402
405600 325 -6283036.103622837
405700 325 -6348581.173379743
405800 325 -6286360.009610587
405900 325 -6310519.342197626
406000 325 -6314632.953471143
406100 325 -6309464.852578198
406200 325 -6325754.77565249
406300 325 -6305882.236665089
406400 325 -6347124.766109454
406500 325 -6396375.743685329
406600 325 -6298938.197544772
406700 325 -6333741.680216051
406800 325 -6310932.319759059
406900 325 -6365562.560258783
407000 325 -6348338.053357994
407100 325 -6330434.719156858
407200 325 -6332807.959322557
407300 325 -6330783.416472681
407400 325 -6329504.969168996
407500 325 -6365754.745362137
407600 325 -6370212.689324761
407700 325 -6243783.149588238
407800 325 -6279619.087158983
407900 325 -6390370.871195079
408000 325 -6311361.081655443
408100 325 -6272952.180576598
408200 325 -6344647.446553232
408300 325 -6303131.381905751
408400 325 -6323890.852696497
408500 325 -6359640.273076069
408600 325 -6379574.378261147
408700 325 -6288747.259071304
408800 325 -6345072.655026405
408900 325 -6361814.19979257
409000 325 -6336040.339857396
409100 325 -6361248.516140401
409200 325 -6349808.176827325
409300 325 -6466383.986758283
409400 325 -6326393.469261581
409500 325 -6332549.785457393
409600 325 -6380099.01413996
409700 325 -6318754.234920273
409800 325 -6296799.531445332
409900 325 -6361023.335406649
410000 325 -6271149.449234929
410100 325 -6330300.099492899
410200 325 -6321218.610805811
410300 325 -6369201.853750909
410400 325 -6330615.468337202
410500 325 -6328104.922529869
410600 325 -6313731.997361337
410700 325 -6297555.232389517
410800 325 -6325257.0456705
410900 325 -6387992.838394288
411000 325 -6352866.546119083
411100 325 -6353098.884146156
411200 325 -6256360.067081555
411300 325 -6322216.035193067
411400 325 -6320713.167781617
411500 325 -6349389.835408058
411600 325 -6347767.187900926
411700 325 -6280640.862244813
411800 325 -6374474.223669079
411900 325 -6351513.302217113
412000 325 -6334959.904915622
412100 325 -6219976.095002378
412200 325 -6343646.770077614
412300 325 -6358019.51168424
412400 325 -6343773.800688974
412500 325 -6328618.065597065
412600 325 -6380414.433794643
412700 325 -6357819.775813903
412800 325 -6310719.913362805
412900 325 -6293736.398823574
413000 325 -6398436.797247209
413100 325 -6348964.914460052
413200 325 -6366432.036663674
413300 325 -6379500.163308736
413400 325 -6262978.897210634
413500 325 -6335714.032980997
413600 325 -6300750.716371045
413700 325 -6366879.124250991
413800 325 -6368642.549091113
413900 325 -6301010.636641452
414000 325 -6310656.264879687
414100 325 -6285559.90921112
414200 325 -6307955.195374507
414300 325 -6318553.473393709
414400 325 -6371230.128985689
414500 325 -6359710.050692957
414600 325 -6367725.425892752
414700 325 -6304045.310458628
414800 325 -6363374.199621337
414900 325 -6330126.493869912
415000 325 -6392893.243737074
415100 325 -6341807.892976653
415200 325 -6397392.041883919
415300 325 -6418315.156828458
415400 325 -6383666.738050018
415500 325 -6369911.672209775
415600 325 -6331433.109286363
415700 325 -6359551.741088441
415800 325 -6368915.33545504
415900 325 -6329152.641695496
416000 325 -6267827.175920729
416100 325 -6313682.272166982
416200 325 -6383754.328055573
416300 325 -6312111.199872153
416400 325 -6397161.90538132
416500 325 -6278765.690133255
416600 325 -6370697.405286704
416700 325 -6310214.410649722
416800 325 -6351313.220083675
416900 325 -6368733.466769999
417000 325 -6273537.966165037
417100 325 -6378291.135055304
417200 325 -6323993.280248297
417300 325 -6344407.488367867
417400 325 -6349687.527921318
417500 325 -6332460.717666509
417600 325 -6324512.46463793
417700 325 -6370388.177700402
417800 325 -6375412.920408126
417900 325 -6295551.355955892
418000 325 -6288306.024339117
418100 325 -6311825.627101256
418200 325 -6339236.971549886
418300 325 -6322906.200683055
418400 325 -6348376.658184071
418500 325 -6407728.187366594
418600 325 -6379496.799278722
418700 325 -6390187.982641557
418800 325 -6332941.598954638
418900 325 -6327862.759294689
419000 325 -6321441.411039924
419100 325 -6402714.280281307
419200 325 -6298464.732068468
419300 325 -6396771.686953875
419400 325 -6386804.775658322
419500 325 -6301645.230342199
419600 325 -6422309.120583067
419700 325 -6365532.377995175
419800 325 -6335917.05740042
419900 325 -6339927.321375418
420000 325 -6269763.604467295
420100 325 -6354483.064658752
420200 325 -6315485.533900503
420300 325 -6418046.881113635
420400 325 -6345280.737786217
420500 325 -6388908.832792904
420600 325 -6305965.281337898
420700 325 -6280681.330780529
420800 325 -6347268.298823795
420900 325 -6328683.726373183
421000 325 -6288224.058002861
421100 325 -6311155.606762404
421200 325 -6365550.929371899
421300 325 -6384850.054068365
421400 325 -6237487.271063563
421500 325 -6299228.574538585
421600 325 -6307631.37710173
421700 325 -6301322.50037027
421800 325 -6316598.619755257
421900 325 -6325790.33791773
422000 325 -6336766.910704048
422100 325 -6261581.672893638
422200 325 -6336073.423164479
422300 325 -6308736.906044791
422400 325 -6336018.117360422
422500 325 -6365770.420621822
422600 325 -6308815.724820705
422700 325 -6362086.05731361
422800 325 -6324137.777200348
422900 325 -6375615.667168646
423000 325 -6320380.43127545
423100 325 -6288455.087219082
423200 325 -6281851.44363788
423300 325 -6398126.591697555
423400 325 -6357269.534822589
423500 325 -6303404.541608146
423600 325 -6351097.875067875
423700 325 -6342962.223567043
423800 325 -6304250.4105192
423900 325 -6307823.083890732
424000 325 -6386652.119144866
424100 325 -6378806.055753189
424200 325 -6387252.048570814
424300 325 -6321866.071644171
424400 325 -6330375.892056549
424500 325 -6330637.107645854
424600 325 -6289054.665219074
424700 325 -6394566.485053249
424800 325 -6344870.393685467
424900 325 -6329252.315306879
425000 325 -6371656.514073886
425100 325 -6327795.942388901
425200 325 -6349485.632224197
425300 325 -6348609.205875289
425400 325 -6365964.49831344
425500 325 -6375590.981172954
425600 325 -6249834.506219834
425700 325 -6263525.755484289
425800 325 -6301909.475928446
425900 325 -6354462.885097949
426000 325 -6342022.114086878
426100 325 -6385922.277198699
426200 325 -6337105.129269144
426300 325 -6280198.219348252
426400 325 -6277708.071708176
426500 325 -6304124.769854235
426600 325 -6447805.004820171
426700 325 -6287550.359385783
426800 325 -6359735.438926416
426900 325 -6301623.269576314
427000 325 -6318936.201806796
427100 325 -6414158.803892468
427200 325 -6399678.746933411
427300 325 -6334563.171652126
427400 325 -6261232.603460604
427500 325 -6381145.389178042
427600 325 -6375332.347977915
427700 325 -6451414.134554714
427800 325 -6292256.284703979
427900 325 -6286996.521558946
428000 325 -6400423.147037037
428100 325 -6352247.229179538
428200 325 -6371456.383737307
428300 325 -6342473.153412078
428400 325 -6309847.732590179
428500 325 -6406614.10053583
428600 325 -6310377.635334413
428700 325 -6278273.844054691
428800 325 -6306990.163658731
428900 325 -6408949.853808241
429000 325 -6386282.908648001
429100 325 -6306980.621591359
429200 325 -6289522.037820368
429300 325 -6362747.116296326
429400 325 -6291127.953122143
429500 325 -6263844.356157366
429600 325 -6370541.217602008
429700 325 -6363760.822905542
429800 325 -6398812.859953923
429900 325 -6296025.229128657
430000 325 -6305666.324018451
430100 325 -6339722.893407856
430200 325 -6349960.940232082
430300 325 -6292873.987535781
430400 325 -6319291.77682874
430500 325 -6397146.750692176
430600 325 -6323156.968012991
430700 325 -6391781.56605524
430800 325 -6409397.396860917
430900 325 -6323340.393158957
431000 325 -6307672.268200764
431100 325 -6264938.408929005
431200 325 -6333163.757935368
431300 325 -6373041.417116642
431400 325 -6306440.665737107
431500 325 -6295987.769409325
431600 325 -6278304.85531271
431700 325 -6304156.913956693
431800 325 -6413739.664207641
431900 325 -6353600.579363935
432000 325 -6308808.234235179
432100 325 -6392366.873189992
432200 325 -6291861.776411695
432300 325 -6251626.963733919
432400 325 -6334577.570302334
432500 325 -6382246.120055007
432600 325 -6312676.89345408
432700 325 -6364516.852955122
432800 325 -6475722.911622114
432900 325 -6340167.00398441
433000 325 -6356957.127552791
433100 325 -6322063.812938841
433200 325 -6377008.432948666
433300 325 -6360831.169536057
433400 325 -6337021.257925379
433500 325 -6222029.991372466
433600 325 -6306086.230241338
433700 325 -6418844.863655858
433800 325 -6305226.93073707
433900 325 -6286785.685366716
434000 325 -6364629.922595404
434100 325 -6324322.103124535
434200 325 -6414446.895569391
434300 325 -6308293.420270203
434400 325 -6308516.414457375
434500 325 -6339260.092357045
434600 325 -6290902.653789397
434700 325 -6379514.964572471
434800 325 -6361910.046363369
434900 325 -6349144.944026906
435000 325 -6288997.958296461
435100 325 -6343832.421284277
435200 325 -6334296.703168321
435300 325 -6273715.443771928
435400 325 -6335984.221451195
435500 325 -6313238.440106401
435600 325 -6297783.319562713
435700 325 -6338858.454313625
435800 325 -6378576.7166418
435900 325 -6367418.753147786
436000 325 -6348815.469384739
436100 325 -6313875.618942793
436200 325 -6352550.28277573
436300 325 -6303832.063540423
436400 325 -6305069.581379762
436500 325 -6300959.984230286
436600 325 -6343105.87866882
436700 325 -6363995.909590267
436800 325 -6373792.397026841
436900 325 -6338618.237932686
437000 325 -6288679.005648568
437100 325 -6330204.939938525
437200 325 -6295882.450173648
437300 325 -6309781.95794026
437400 325 -6315487.446515453
437500 325 -6396430.269733788
437600 325 -6349164.287621625
437700 325 -6383549.219159858
437800 325 -6330665.17913215
437900 325 -6332379.611791478
438000 325 -6389297.206223189
438100 325 -6363355.948610445
438200 325 -6315425.151574402
438300 325 -6314493.224952836
438400 325 -6344753.527942509
438500 325 -6296874.495156841
438600 325 -6332208.47075649
438700 325 -6345725.438676887
438800 325 -6305978.998945804
438900 325 -6333719.728010236
439000 325 -6401506.722989171
439100 325 -6324901.497452337
439200 325 -6329132.284873584
439300 325 -6403557.828649107
439400 325 -6347625.226307818
439500 325 -6290958.507206719
439600 325 -6366794.749564901
439700 325 -6388224.045219882
439800 325 -6309397.340015106
439900 325 -6344139.326335407
440000 325 -6418185.099930044
440100 325 -6312712.693293362
440200 325 -6328266.804232992
440300 325 -6363943.406782918
440400 325 -6348288.909147765
440500 325 -6268239.013379443
440600 325 -6340205.837828856
440700 325 -6281298.530213924
440800 325 -6280392.721211031
440900 325 -6319328.181667742
441000 325 -6323840.170940282
441100 325 -6247618.00187609
441200 325 -6357621.458050566
441300 325 -6257604.232813668
441400 325 -6327419.769501684
441500 325 -6349094.163516554
441600 325 -6329409.147385008
441700 325 -6365642.909165235
441800 325 -6292714.650301153
441900 325 -6310208.640817372
442000 325 -6328348.801618743
442100 325 -6279262.128968094
442200 325 -6389236.289321559
442300 325 -6374784.880347527
442400 325 -6420895.685462009
442500 325 -6342143.673845557
442600 325 -6403263.065007644
442700 325 -6241024.812193772
442800 325 -6294704.107479336
442900 325 -6311173.369884506
443000 325 -6329328.10367211
443100 325 -6347846.178923172
443200 325 -6252672.296374379
443300 325 -6275109.112061618
443400 325 -6373191.104373509
443500 325 -6352361.21820751
443600 325 -6377813.643596338
443700 325 -6250919.823591053
443800 325 -6341605.692109545
443900 325 -6398176.396131337
444000 325 -6370517.468892204
444100 325 -6285772.716099683
444200 325 -6331034.09993916
444300 325 -6286518.052333593
444400 325 -6341157.870945124
444500 325 -6307417.109278319
444600 325 -6282739.735071152
444700 325 -6332731.090326292
444800 325 -6387039.051779501
444900 325 -6404883.085484022
445000 325 -6361885.220631527
445100 325 -6344522.805280573
445200 325 -6372210.911513813
445300 325 -6267290.309460469
445400 325 -6460015.03107067
445500 325 -6286482.069690377
445600 325 -6319549.26312406
445700 325 -6430797.88088777
445800 325 -6355644.461207239
445900 325 -6343763.239107123
446000 325 -6361467.106796653
446100 325 -6338287.935874318
446200 325 -6378204.38146149
446300 325 -6339135.655777062
446400 325 -6376033.058316374
446500 325 -6357172.287681848
446600 325 -6301550.711403083
446700 325 -6276902.086157735
446800 325 -6455123.982047556
446900 325 -6475114.433414031
447000 325 -6313091.25920746
447100 325 -6323377.092050273
447200 325 -6259162.5916819
447300 325 -6304221.450132093
447400 325 -6332121.113828199
447500 325 -6299761.612810132
447600 325 -6396008.678708205
447700 325 -6324722.60739599
447800 325 -6375649.479699778
447900 325 -6274668.974553527
448000 325 -6305270.204407126
448100 325 -6294231.743988743
448200 325 -6354928.406388468
448300 325 -6303146.220544918
448400 325 -6287221.405841818
448500 325 -6391853.269862412
448600 325 -6338273.089062905
448700 325 -6402624.025509167
448800 325 -6370429.159136368
448900 325 -6399706.58624687
449000 325 -6345055.919399558
449100 325 -6386873.587590681
449200 325 -6374121.421215639
449300 325 -6436199.447861245
449400 325 -6303596.384062218
449500 325 -6331888.431019403
449600 325 -6406933.588121509
449700 325 -6400340.587986058
449800 325 -6418736.211610095
449900 325 -6304328.045920222
450000 325 -6365288.767597495
450100 325 -6264256.846268097
450200 325 -6287736.913122669
450300 325 -6313036.974417018
450400 325 -6356215.465935248
450500 325 -6319925.438650203
450600 325 -6419195.175056266
450700 325 -6340642.657518191
450800 325 -6369498.610178377
450900 325 -6258124.75810422
451000 325 -6367508.397784209
451100 325 -6290940.705300307
451200 325 -6330949.192125431
451300 325 -6285250.112824009
451400 325 -6428629.968963655
451500 325 -6412726.530538501
451600 325 -6366893.575170136
451700 325 -6347335.440505056
451800 325 -6321824.932438584
451900 325 -6374201.097000384
452000 325 -6266820.866489395
452100 325 -6343309.681142109
452200 325 -6384188.373186683
452300 325 -6333792.852752035
452400 325 -6335649.996279687
452500 325 -6344206.942930132
452600 325 -6357420.528446819
452700 325 -6390859.853279524
452800 325 -6330169.68787415
452900 325 -6324447.925277505
453000 325 -6255995.151076197
453100 325 -6266240.470908472
453200 325 -6357954.920052204
453300 325 -6369154.108637323
453400 325 -6332243.774676878
453500 325 -6358996.289157162
453600 325 -6292729.085555128
453700 325 -6282388.176101774
453800 325 -6390394.866792543
453900 325 -6367654.246043386
454000 325 -6358342.314790299
454100 325 -6355040.947841135
454200 325 -6324973.388252236
454300 325 -6313159.776205505
454400 325 -6384194.382159242
454500 325 -6365846.234917114
454600 325 -6299144.594528343
454700 325 -6367196.788314406
454800 325 -6437293.60149722
454900 325 -6392890.553705193
455000 325 -6343940.941605503
455100 325 -6351996.241520457
455200 325 -6340966.114147786
455300 325 -6339740.136163075
455400 325 -6374255.334885063
455500 325 -6291884.016630313
455600 325 -6295846.141413208
455700 325 -6461398.659946581
455800 325 -6385085.848518826
455900 325 -6301819.409117838
456000 325 -6331898.005968222
456100 325 -6383939.902240451
456200 325 -6367638.612670146
456300 325 -6396138.04606454
456400 325 -6366283.161363312
456500 325 -6338681.768760083
456600 325 -6302971.40117337
456700 325 -6384796.936595371
456800 325 -6363873.47822924
456900 325 -6351563.004175876
457000 325 -6333998.101673394
457100 325 -6398630.974415324
457200 325 -6330453.019151805
457300 325 -6375847.689461283
457400 325 -6263832.309143802
457500 325 -6306451.84780371
457600 325 -6412550.376820443
457700 325 -6354081.019887952
457800 325 -6338850.475944314
457900 325 -6287011.143013578
458000 325 -6395954.4606985
458100 325 -6375819.380205289
458200 325 -6452012.010621982
458300 325 -6374431.407321004
458400 325 -6300930.971511699
458500 325 -6381442.794411801
458600 325 -6444461.764668959
458700 325 -6326578.137849696
458800 325 -6332543.961414531
458900 325 -6369568.486974541
459000 325 -6381433.043024687
459100 325 -6362991.738171399
459200 325 -6427509.447405486
459300 325 -6278649.099893914
459400 325 -6335665.163494386
459500 325 -6368160.928724
459600 325 -6382764.989193158
459700 325 -6328019.654616226
459800 325 -6353635.988408508
459900 325 -6380971.37384568
460000 325 -6319802.079184567
460100 325 -6279926.711327791
460200 325 -6295836.548904924
460300 325 -6384593.052223599
460400 325 -6331683.516628843
460500 325 -6449844.333907932
460600 325 -6341509.579660909
460700 325 -6359472.997148007
460800 325 -6354756.453558375
460900 325 -6288815.882314572
461000 325 -6301782.872259517
461100 325 -6274958.610048642
461200 325 -6358100.39611274
461300 325 -6323703.760839464
461400 325 -6362675.302039847
461500 325 -6424872.117157541
461600 325 -6345734.878604274
461700 325 -6255755.747275823
461800 325 -6369883.644059557
461900 325 -6342636.602587163
462000 325 -6417489.879845805
462100 325 -6358358.387331022
462200 325 -6377981.055108145
462300 325 -6339172.477618672
462400 325 -6277472.725490938
462500 325 -6353882.167112101
462600 325 -6373870.539330702
462700 325 -6290610.615140045
462800 325 -6388802.623128753
462900 325 -6336671.307669161
463000 325 -6314072.899142216
463100 325 -6256335.172327293
463200 325 -6321387.162450353
463300 325 -6294822.046991951
463400 325 -6325084.042856189
463500 325 -6308273.542437689
463600 325 -6326622.155062657
463700 325 -6264820.830827996
463800 325 -6316144.653575718
463900 325 -6311298.642423632
464000 325 -6365531.321179069
464100 325 -6333350.493177185
464200 325 -6312729.369796483
464300 325 -6343248.145039802
464400 325 -6321047.564064586
464500 325 -6294233.634676279
464600 325 -6333078.167783927
464700 325 -6315313.449795778
464800 325 -6344469.697908939
464900 325 -6367903.996603223
465000 325 -6228677.433267768
465100 325 -6356625.093900334
465200 325 -6311013.594582058
465300 325 -6363025.097456109
465400 325 -6331797.445241126
465500 325 -6302716.211934604
465600 325 -6391867.316035226
465700 325 -6307583.236180235
465800 325 -6326248.813239377
465900 325 -6326146.025877202
466000 325 -6362684.028918947
466100 325 -6404512.323913366
466200 325 -6318907.624187235
466300 325 -6352826.184446158
466400 325 -6310890.882106245
466500 325 -6301857.697118206
466600 325 -6269369.164332699
466700 325 -6362378.258222367
466800 325 -6399038.872579448
466900 325 -6337974.598049769
467000 325 -6329700.67841376
467100 325 -6281914.698142437
467200 325 -6381001.409853672
467300 325 -6303174.654716237
467400 325 -6296944.034765704
467500 325 -6323234.538570739
467600 325 -6331722.251438705
467700 325 -6281593.883705123
467800 325 -6275198.112118356
467900 325 -6332232.234528733
468000 325 -6348815.447630068
468100 325 -6330538.27008931
468200 325 -6320414.896531113
468300 325 -6333560.92932032
468400 325 -6260839.332873061
468500 325 -6395201.737337513
468600 325 -6324173.345782194
468700 325 -6437192.481210105
468800 325 -6349861.31768062
468900 325 -6316249.760728966
469000 325 -6325735.660273906
469100 325 -6295707.941962094
469200 325 -6392898.091982402
469300 325 -6363041.348986145
469400 325 -6356775.864893197
469500 325 -6373418.643345881
469600 325 -6365192.158199056
469700 325 -6324430.364106448
469800 325 -6372446.522775702
469900 325 -6333400.350527293
470000 325 -6396544.639182925
470100 325 -6311479.631362736
470200 325 -6327098.2841244
470300 325 -6333321.595799264
470400 325 -6329121.321485297
470500 325 -6419059.524678867
470600 325 -6348707.322538308
470700 325 -6362555.874327109
470800 325 -6337023.481786702
470900 325 -6462797.488918409
471000 325 -6176911.708708735
471100 325 -6299486.604972633
471200 325 -6224007.599071276
471300 325 -6274070.187532933
471400 325 -6310475.018043071
471500 325 -6302314.469193001
471600 325 -6313535.262470337
471700 325 -6416290.719300179
471800 325 -6329171.314799832
471900 325 -6293629.978517881
472000 325 -6313142.461138773
472100 325 -6361588.66192805
472200 325 -6287982.250455562
472300 325 -6377629.633217189
472400 325 -6437329.439759163
472500 325 -6206124.180474951
472600 325 -6285987.348207892
472700 325 -6285458.074218923
472800 325 -6325927.278310434
472900 325 -6311077.049395737
473000 325 -6349986.741733467
473100 325 -6290987.56011594
473200 325 -6360520.269173387
473300 325 -6332032.717107675
473400 325 -6324929.894833384
473500 325 -6269537.931382101
473600 325 -6448671.942934897
473700 325 -6348830.156424372
473800 325 -6406923.293612279
473900 325 -6419783.896038778
474000 325 -6391299.308289321
474100 325 -6386925.251878895
474200 325 -6308729.098417304
474300 325 -6441867.860931031
474400 325 -6379321.761970194
474500 325 -6356215.203262395
474600 325 -6331715.47383013
474700 325 -6289914.20120069
474800 325 -6289237.203422853
474900 325 -6327426.361912563
475000 325 -6273125.237062393
475100 325 -6311077.254938713
475200 325 -6346249.268068148
475300 325 -6374671.218146191
475400 325 -6291991.760541759
475500 325 -6346307.596919336
475600 325 -6351358.920627266
475700 325 -6355511.435035091
475800 325 -6308420.207465161
475900 325 -6370141.992170963
476000 325 -6294539.260731881
476100 325 -6302595.369936917
476200 325 -6279978.709045217
476300 325 -6337964.082118038
476400 325 -6316402.6951741
476500 325 -6354615.687634321
476600 325 -6284897.284540646
476700 325 -6386242.187763061
476800 325 -6422588.997812187
476900 325 -6361249.088444113
477000 325 -6238419.223377988
477100 325 -6322516.063935842
477200 325 -6272183.350760434
477300 325 -6437372.501643686
477400 325 -6299262.986848443
477500 325 -6345334.000168227
477600 325 -6399320.039986642
477700 325 -6317975.509503834
477800 325 -6341674.42959612
477900 325 -6333313.576919382
478000 325 -6320697.221890252
478100 325 -6277946.659038479
478200 325 -6306490.850030478
478300 325 -6333320.984873798
478400 325 -6272766.991989432
478500 325 -6345529.382688642
478600 325 -6325343.401365607
478700 325 -6315836.784966229
478800 325 -6318164.586856265
478900 325 -6299648.270849149
479000 325 -6389020.43808607
479100 325 -6372293.279926323
479200 325 -6321801.686930692
479300 325 -6325886.68007418
479400 325 -6305257.316423036
479500 325 -6329509.575948086
479600 325 -6308578.50498886
479700 325 -6274643.766554541
479800 325 -6306067.323557045
479900 325 -6385911.234596624
480000 325 -6371841.113535386
480100 325 -6363490.544388805
480200 325 -6361217.061206036
480300 325 -6380315.611721247
480400 325 -6268848.988025698
480500 325 -6243384.648095131
480600 325 -6282499.433616707
480700 325 -6365017.558940885
480800 325 -6308515.083971944
480900 325 -6262109.564209856
481000 325 -6346715.855541165
481100 325 -6277012.048699671
481200 325 -6316781.884276432
481300 325 -6322327.057950219
481400 325 -6340192.630126498
481500 325 -6320251.123936511
481600 325 -6361510.0245938
481700 325 -6356914.749541493
481800 325 -6299290.175382322
481900 325 -6302016.229590259
482000 325 -6373311.210474664
482100 325 -6328062.118565885
482200 325 -6331178.980853314
482300 325 -6305123.645383405
482400 325 -6330737.629529044
482500 325 -6306098.676363494
482600 325 -6338238.716998033
482700 325 -6260659.10217618
482800 325 -6355116.916297482
482900 325 -6268301.733109683
483000 325 -6309024.274485849
483100 325 -6402945.65654071
483200 325 -6300678.614083657
483300 325 -6361186.608541049
483400 325 -6298933.237654469
483500 325 -6319264.487770038
483600 325 -6389177.331872912
483700 325 -6316371.803702513
483800 325 -6306154.3451951
483900 325 -6350004.172128097
484000 325 -6299119.15250473
484100 325 -6289412.353949447
484200 325 -6285131.664298175
484300 325 -6307940.884346849
484400 325 -6257765.393935088
484500 325 -6381242.213102501
484600 325 -6367196.930173273
484700 325 -6361037.11081722
484800 325 -6325500.412056198
484900 325 -6375952.761647061
485000 325 -6271488.440208248
485100 325 -6374069.526603119
485200 325 -6401324.53386564
485300 325 -6340894.610308833
485400 325 -6353035.584788607
485500 325 -6356498.368755294
485600 325 -6401120.350307142
485700 325 -6329716.053247913
485800 325 -6420943.945787407
485900 325 -6373815.712283429
486000 325 -6381198.466549397
486100 325 -6379490.061533764
486200 325 -6312861.980533065
486300 325 -6315875.678489819
486400 325 -6404659.905013263
486500 325 -6354295.464850908
486600 325 -6392128.647866511
486700 325 -6365944.044065142
486800 325 -6416036.05160188
486900 325 -6362452.154321125
487000 325 -6331291.314352736
487100 325 -6318293.318140646
487200 325 -6333873.330116713
487300 325 -6404538.395177528
487400 325 -6365182.27446414
487500 325 -6345057.601337662
487600 325 -6394248.230491932
487700 325 -6335415.381696766
487800 325 -6280966.63136365
487900 325 -6330979.815069206
488000 325 -6370026.258245591
488100 325 -6394932.761199504
488200 325 -6401448.861082083
488300 325 -6376923.71599696
488400 325 -6402770.843910387
488500 325 -6298651.727156205
488600 325 -6318414.677224599
488700 325 -6391599.994790442
488800 325 -6327172.409217762
488900 325 -6230668.255827272
489000 325 -6343473.735154131
489100 325 -6345780.471522785
489200 325 -6292557.56782039
489300 325 -6369480.304363739
489400 325 -6326609.556927755
489500 325 -6298617.250852233
489600 325 -6265954.028719466
489700 325 -6372802.233672988
489800 325 -6258655.364690071
489900 325 -6349803.777667597
490000 325 -6345067.855678847
490100 325 -6330849.971175266
490200 325 -6401639.177440953
490300 325 -6422270.670882182
490400 325 -6377312.69756862
490500 325 -6314384.329287501
490600 325 -6426791.526935697
490700 325 -6359366.906749343
490800 325 -6214421.1102363
490900 325 -6253559.125127017
491000 325 -6350778.057062788
491100 325 -6352005.490308911
491200 325 -6320736.033166742
491300 325 -6467462.308196286
491400 325 -6323137.30135916
491500 325 -6262916.06275315
491600 325 -6423483.340379191
491700 325 -6244470.933855515
491800 325 -6357882.875992451
491900 325 -6287691.740174113
492000 325 -6304721.277908673
492100 325 -6288679.932831629
492200 325 -6425867.833583602
492300 325 -6388878.711322427
492400 325 -6336881.369422779
492500 325 -6366511.540820444
492600 325 -6316936.540107735
492700 325 -6379497.383541388
492800 325 -6267248.652967609
492900 325 -6394727.602212243
493000 325 -6396504.166051377
493100 325 -6331070.001892813
493200 325 -6374135.549484091
493300 325 -6304083.148041895
493400 325 -6415818.269423139
493500 325 -6362647.545602979
493600 325 -6441204.345733263
493700 325 -6362868.882770419
493800 325 -6346151.278016195
493900 325 -6366818.604891923
494000 325 -6373627.115162257
494100 325 -6330443.366468584
494200 325 -6385573.519302441
494300 325 -6364656.011297416
494400 325 -6253044.666983493
494500 325 -6320588.618961106
494600 325 -6363425.647655954
494700 325 -6306712.012474057
494800 325 -6401971.978391947
494900 325 -6372956.300928723
495000 325 -6378945.737696407
495100 325 -6342873.049530836
495200 325 -6312218.542213742
495300 325 -6307520.128073938
495400 325 -6347120.320907103
495500 325 -6313984.805631986
495600 325 -6373385.766893815
495700 325 -6332660.878801441
495800 325 -6351781.124667455
495900 325 -6394638.858317108
496000 325 -6367532.450580791
496100 325 -6341363.695512046
496200 325 -6326414.962134299
496300 325 -6346937.012053225
496400 325 -6279436.759214963
496500 325 -6380915.81153966
496600 325 -6373536.60055129
496700 325 -6327210.715027414
496800 325 -6335195.881306538
496900 325 -6368491.578704055
497000 325 -6299800.021575579
497100 325 -6271719.37247659
497200 325 -6213050.030743007
497300 325 -6325107.978775801
497400 325 -6391451.386056038
497500 325 -6347820.203529164
497600 325 -6344743.828051886
497700 325 -6385459.299707678
497800 325 -6304200.4196893
497900 325 -6247702.896729826
498000 325 -6333621.152351126
498100 325 -6361406.22738328
498200 325 -6340241.060828849
498300 325 -6318846.958952237
498400 325 -6401659.882250069
498500 325 -6246483.803328196
498600 325 -6260767.530432838
498700 325 -6283858.610207373
498800 325 -6273384.11093948
498900 325 -6369121.046161776
499000 325 -6412047.233673371
499100 325 -6249416.040001107
499200 325 -6393830.54585063
499300 325 -6417863.006040647
499400 325 -6342764.41867971
499500 325 -6390731.819846643
499600 325 -6319338.486655574
499700 325 -6353807.615138449
499800 325 -6316445.322460951
499900 325 -6400188.979124718
500000 325 -6354162.000876636
500100 325 -6332771.67815779
500200 325 -6317741.874741813
500300 325 -6361324.269584535
500400 325 -6415505.666519425
500500 325 -6324407.394423833
500600 325 -6415782.302301288
500700 325 -6322004.870111434
500800 325 -6392852.942316923
500900 325 -6345779.987686278
501000 325 -6382743.75785661
501100 325 -6272161.661798197
501200 325 -6350147.163642092
501300 325 -6294444.070386035
501400 325 -6276220.846501679
501500 325 -6253121.288922282
501600 325 -6435658.881368736
501700 325 -6246835.178506043
501800 325 -6400297.51033435
501900 325 -6375680.445605922
502000 325 -6330146.531935834
502100 325 -6393952.897586347
502200 325 -6381179.25710048
502300 325 -6360939.494902703
502400 325 -6313046.341391806
502500 325 -6358417.90925226
502600 325 -6296215.135495725
502700 325 -6305521.737564427
502800 325 -6378055.366949674
502900 325 -6358220.898812157
503000 325 -6387865.604860796
503100 325 -6360166.258148395
503200 325 -6356802.44720026
503300 325 -6348183.688464341
503400 325 -6355224.023534393
503500 325 -6289014.269849714
503600 325 -6338878.26794356
503700 325 -6313554.355577494
503800 325 -6295873.332767452
503900 325 -6362819.27998637
504000 325 -6420246.814361026
504100 325 -6257696.15972196
504200 325 -6336576.877479067
504300 325 -6268315.661557816
504400 325 -6294774.825899892
504500 325 -6387961.607851706
504600 325 -6296602.082487661
504700 325 -6254883.797694679
504800 325 -6451313.92666523
504900 325 -6408157.103185932
505000 325 -6320414.978455996
505100 325 -6303564.149048548
505200 325 -6394782.416116279
505300 325 -6371846.053242086
505400 325 -6278735.903580607
505500 325 -6294344.774957708
505600 325 -6349264.678020686
505700 325 -6334782.283823756
505800 325 -6297281.125037262
505900 325 -6326575.473188104
506000 325 -6393468.915137458
506100 325 -6279499.023768816
506200 325 -6294717.956201548
506300 325 -6265062.062350992
506400 325 -6405533.622966174
506500 325 -6368210.703566395
506600 325 -6330900.821589582
506700 325 -6374219.736175728
506800 325 -6329442.992316817
506900 325 -6283157.115165738
507000 325 -6302104.548970473
507100 325 -6352873.199455679
507200 325 -6428049.395534966
507300 325 -6337394.321802838
507400 325 -6301564.524116984
507500 325 -6378123.246344483
507600 325 -6310686.940027667
507700 325 -6382009.465442257
507800 325 -6353926.777112652
507900 325 -6284733.734091441
508000 325 -6312430.029083615
508100 325 -6302645.978957864
508200 325 -6304246.23423739
508300 325 -6329665.098067495
508400 325 -6275488.192397307
508500 325 -6270947.377494048
508600 325 -6346267.467957623
508700 325 -6338230.338706873
508800 325 -6277786.730013164
508900 325 -6381432.477297187
509000 325 -6363404.694131442
509100 325 -6410444.939066624
509200 325 -6352843.819745881
509300 325 -6344825.834052864
509400 325 -6352096.974995619
509500 325 -6420017.227783283
509600 325 -6300906.21250957
509700 325 -6334606.550802708
509800 325 -6383169.487406336
509900 325 -6393877.52521109
510000 325 -6354892.422151469
510100 325 -6375015.775555468
510200 325 -6344714.504429622
510300 325 -6385464.193929252
510400 325 -6311063.311253563
510500 325 -6310037.789399535
510600 325 -6405142.276947671
510700 325 -6320148.422945907
510800 325 -6304632.356286508
510900 325 -6345361.129738787
511000 325 -6281273.954115345
511100 325 -6325432.485405935
511200 325 -6372366.056797371
511300 325 -6402624.709790319
511400 325 -6339124.292854207
511500 325 -6327577.286739515
511600 325 -6304498.27200173
511700 325 -6291176.072304091
511800 325 -6373724.589736776
511900 325 -6329023.750455194
512000 325 -6343980.948597873
512100 325 -6277315.946184012
512200 325 -6312732.202908243
512300 325 -6342367.557697266
512400 325 -6355642.806952392
512500 325 -6362806.621091776
512600 325 -6272334.315581851
512700 325 -6270605.073712915
512800 325 -6396440.689612249
512900 325 -6363075.137668213
513000 325 -6300163.779210307
513100 325 -6305407.923831658
513200 325 -6307965.209974788
513300 325 -6289279.152935674
513400 325 -6329734.845329131
513500 325 -6317965.2302219
513600 325 -6370962.568882248
513700 325 -6342379.860014273
513800 325 -6285045.237385157
513900 325 -6321089.500302456
514000 325 -6332446.792657579
514100 325 -6252722.850597906
514200 325 -6279280.134328948
514300 325 -6364784.669364166
514400 325 -6272592.747400423
514500 325 -6370571.748953959
514600 325 -6416814.801710146
514700 325 -6378024.632364417
514800 325 -6352408.042653836
514900 325 -6322788.482491931
515000 325 -6348250.735092036
515100 325 -6350921.66656296
515200 325 -6369594.43952408
515300 325 -6305316.751459832
515400 325 -6380004.658903739
515500 325 -6275485.259838578
515600 325 -6370418.284206191
515700 325 -6387268.798628297
515800 325 -6310138.24133458
515900 325 -6387006.104552006
516000 325 -6331145.558704503
516100 325 -6303645.972603077
516200 325 -6306204.601266114
516300 325 -6305032.236203047
516400 325 -6355564.182957256
516500 325 -6296197.078254184
516600 325 -6365726.468514506
516700 325 -6323436.814963867
516800 325 -6377752.135747063
516900 325 -6330953.911663922
517000 325 -6431834.646251006
517100 325 -6333726.774020579
517200 325 -6320315.189515128
517300 325 -6400310.073684828
517400 325 -6354153.689515139
517500 325 -6339944.847851375
517600 325 -6284039.591072209
517700 325 -6329869.415701913
517800 325 -6347294.150618722
517900 325 -6380418.238727359
518000 325 -6397072.652088594
518100 325 -6364817.620490825
518200 325 -6283914.039998526
518300 325 -6399998.255401076
518400 325 -6394348.303097423
518500 325 -6323190.458178593
518600 325 -6370284.847858415
518700 325 -6348635.275840587
518800 325 -6342908.008829653
518900 325 -6280648.601264162
519000 325 -6347957.825938765
519100 325 -6369844.089418132
519200 325 -6270260.7902655
519300 325 -6360227.512349211
519400 325 -6334198.927363584
519500 325 -6317491.350798775
519600 325 -6308664.502669426
519700 325 -6316762.27256898
519800 325 -6333287.810585828
519900 325 -6379811.49276343
520000 325 -6401976.472368184
520100 325 -6252743.869819393
520200 325 -6379681.635855436
520300 325 -6396723.13966159
520400 325 -6379232.761214528
520500 325 -6356119.262130094
520600 325 -6295569.885133944
520700 325 -6327199.530441869
520800 325 -6309748.522504983
520900 325 -6331961.046499822
521000 325 -6362513.958928717
521100 325 -6311423.324546603
521200 325 -6393727.992946176
521300 325 -6386896.757658875
521400 325 -6322194.711613959
521500 325 -6287002.413297242
521600 325 -6336736.276145739
521700 325 -6363371.873501578
521800 325 -6331051.470464162
521900 325 -6345007.962682705
522000 325 -6340850.690261925
522100 325 -6332218.301094102
522200 325 -6382724.887849262
522300 325 -6393286.495192774
522400 325 -6328986.583579639
522500 325 -6200471.427367575
522600 325 -6439807.298689751
522700 325 -6385064.603987532
522800 325 -6328603.825781886
522900 325 -6400030.0997343
523000 325 -6268661.056603273
523100 325 -6310613.630571957
523200 325 -6316002.466147555
523300 325 -6214791.277239205
523400 325 -6336780.520908813
523500 325 -6377990.868423484
523600 325 -6333085.888047799
523700 325 -6308929.96112134
523800 325 -6480494.757227953
523900 325 -6297247.896808522
524000 325 -6408288.554955502
524100 325 -6410125.784169085
524200 325 -6412343.828423083
524300 325 -6308535.118240155
524400 325 -6333676.630281218
524500 325 -6361566.725053995
524600 325 -6353311.64124909
524700 325 -6332272.291977857
524800 325 -6265055.442776073
524900 325 -6322140.839310635
525000 325 -6312375.697299705
525100 325 -6328947.209844243
525200 325 -6368609.556957139
525300 325 -6268717.2726213
525400 325 -6436053.807586376
525500 325 -6332222.974045869
525600 325 -6246204.205957595
525700 325 -6356448.800476509
525800 325 -6373536.58975273
525900 325 -6304929.737505356
526000 325 -6265702.28266094
526100 325 -6324607.389553448
526200 325 -6381895.160552443
526300 325 -6374430.27668377
526400 325 -6347404.828653257
526500 325 -6430738.495475552
526600 325 -6335283.491152716
526700 325 -6365763.848680945
526800 325 -6436187.483148478
526900 325 -6285938.946866184
527000 325 -6381440.502235375
527100 325 -6309423.491106295
527200 325 -6338005.496436901
527300 325 -6396345.474609289
527400 325 -6353481.59001399
527500 325 -6330175.468025785
527600 325 -6325064.322608447
527700 325 -6322290.472061707
527800 325 -6402443.739420732
527900 325 -6300221.268769691
528000 325 -6322717.218671111
528100 325 -6199312.106667917
528200 325 -6373963.922657559
528300 325 -6416086.486575279
528400 325 -6263729.165145341
528500 325 -6324277.336577892
528600 325 -6366313.790529737
528700 325 -6377834.77291444
528800 325 -6323645.967613527
528900 325 -6312464.46936761
529000 325 -6338004.735980836
529100 325 -6335257.354930523
529200 325 -6357866.29453754
529300 325 -6320250.158319573
529400 325 -6342203.974595997
529500 325 -6366098.627856871
529600 325 -6415119.999371657
529700 325 -6408563.611502787
529800 325 -6254073.315330675
529900 325 -6284001.868893813
530000 325 -6376221.755210756
530100 325 -6351594.488346923
530200 325 -6245104.231348081
530300 325 -6415873.308104636
530400 325 -6314729.284383586
530500 325 -6289110.137451775
530600 325 -6273341.889021927
530700 325 -6316676.693930872
530800 325 -6283017.809816077
530900 325 -6367282.879891192
531000 325 -6406207.353132856
531100 325 -6276158.417303992
531200 325 -6406496.290463609
531300 325 -6285466.084076525
531400 325 -6351397.779280536
531500 325 -6353298.517202696
531600 325 -6287196.579727096
531700 325 -6324024.875000382
531800 325 -6292171.63984035
531900 325 -6223529.724553674
532000 325 -6334485.475044426
532100 325 -6336796.669975547
532200 325 -6338430.442527326
532300 325 -6342277.407791488
532400 325 -6343644.558993363
532500 325 -6326459.280060229
532600 325 -6300447.317335327
532700 325 -6358315.05501033
532800 325 -6327834.174613622
532900 325 -6383230.333370079
533000 325 -6280477.82925066
533100 325 -6346299.427461779
533200 325 -6326733.591167836
533300 325 -6369367.36532616
533400 325 -6332816.636442643
533500 325 -6318773.730190407
533600 325 -6374596.008430662
533700 325 -6250813.056041741
533800 325 -6405147.321594344
533900 325 -6375730.34516098
534000 325 -6371261.090832463
534100 325 -6377792.477710138
534200 325 -6305922.864010394
534300 325 -6406180.815215683
534400 325 -6270011.802991137
534500 325 -6370324.559947195
534600 325 -6414419.423349501
534700 325 -6309020.96857873
534800 325 -6372077.686246647
534900 325 -6442580.575160367
535000 325 -6258977.306962666
535100 325 -6308782.182661043
535200 325 -6318327.713039799
535300 325 -6324440.129065378
535400 325 -6249560.296221832
535500 325 -6355780.821813749
535600 325 -6274603.195939615
535700 325 -6302842.827289806
535800 325 -6391656.1208522
535900 325 -6295347.893635977
536000 325 -6373323.204938412
536100 325 -6364004.817846075
536200 325 -6296060.576276416
536300 325 -6416359.842607879
536400 325 -6314048.95262665
536500 325 -6350924.45298454
536600 325 -6351330.560463818
536700 325 -6252316.775058895
536800 325 -6251137.636480728
536900 325 -6350885.743263287
537000 325 -6375082.678820768
537100 325 -6282687.416535357
537200 325 -6379093.931871711
537300 325 -6327879.272703547
537400 325 -6312767.124702092
537500 325 -6345405.076197965
537600 325 -6374358.586419528
537700 325 -6319653.13958439
537800 325 -6253395.634530624
537900 325 -6374698.101923877
538000 325 -6259731.901273604
538100 325 -6416954.528375768
538200 325 -6307163.718280284
538300 325 -6312024.741668832
538400 325 -6284329.119371399
538500 325 -6290711.809236636
538600 325 -6325973.759416245
538700 325 -6420092.926461308
538800 325 -6321059.315275865
538900 325 -6296448.826870305
539000 325 -6317529.987410408
539100 325 -6289705.228256794
539200 325 -6355503.549789181
539300 325 -6348623.874846349
539400 325 -6273518.603297085
539500 325 -6291821.787017353
539600 325 -6341971.124726083
539700 325 -6281116.472159696
539800 325 -6319228.602598896
539900 325 -6365266.2986864
540000 325 -6388612.112734292
540100 325 -6346256.998553126
540200 325 -6265049.400844615
540300 325 -6340592.054567498
540400 325 -6354518.420647496
540500 325 -6357041.962397048
540600 325 -6265658.423577402
540700 325 -6326964.495992147
540800 325 -6344523.172123032
540900 325 -6276761.58493904
541000 325 -6356147.483067827
541100 325 -6423406.339452488
541200 325 -6337832.581985213
541300 325 -6344674.951925958
541400 325 -6300579.603042318
541500 325 -6371621.87068666
541600 325 -6356140.575162972
541700 325 -6354635.395559067
541800 325 -6262507.352381126
541900 325 -6423826.36712769
542000 325 -6391505.862318793
542100 325 -6369549.74850158
542200 325 -6406544.916495865
542300 325 -6316606.971179387
542400 325 -6321332.86274091
542500 325 -6303775.421452964
542600 325 -6294611.668443635
542700 325 -6347486.303600993
542800 325 -6333945.813313385
542900 325 -6367237.769050153
543000 325 -6291637.628642409
543100 325 -6374791.85352088
543200 325 -6369402.217335898
543300 325 -6286996.460852891
543400 325 -6382111.380764969
543500 325 -6322559.870062208
543600 325 -6411802.455155849
543700 325 -6415541.608075958
543800 325 -6350645.190414369
543900 325 -6343770.74752702
544000 325 -6301219.244263135
544100 325 -6312411.141009847
544200 325 -6368223.726539053
544300 325 -6350974.446766104
544400 325 -6292739.389898814
544500 325 -6336274.770277111
544600 325 -6349247.58311676
544700 325 -6383098.627120294
544800 325 -6325492.672610451
544900 325 -6312667.703812318
545000 325 -6249862.495806227
545100 325 -6247525.192954786
545200 325 -6329613.637983263
545300 325 -6359908.214662967
545400 325 -6332007.321491579
545500 325 -6368907.721683633
545600 325 -6266542.731407962
545700 325 -6245775.798865927
545800 325 -6338642.91858024
545900 325 -6275098.60083263
546000 325 -6309340.32512246
546100 325 -6306221.728145162
546200 325 -6375529.941309847
546300 325 -6361324.360765949
546400 325 -6336455.713348744
546500 325 -6369546.379081043
546600 325 -6290852.214702832
546700 325 -6392015.729736597
546800 325 -6387638.431248371
546900 325 -6395805.407525208
547000 325 -6330536.172336914
547100 325 -6326822.852614792
547200 325 -6248719.869535435
547300 325 -6293795.597603744
547400 325 -6330837.127557009
547500 325 -6356968.884970358
547600 325 -6292619.787614526
547700 325 -6321276.588381672
547800 325 -6359395.820111448
547900 325 -6306195.941786685
548000 325 -6344000.667056131
548100 325 -6250472.391625844
548200 325 -6289146.612527432
548300 325 -6376839.373942338
548400 325 -6304161.462760543
548500 325 -6327948.385360546
548600 325 -6384997.251095379
548700 325 -6412447.119775121
548800 325 -6211146.186341424
548900 325 -6309579.204414548
549000 325 -6347495.41047903
549100 325 -6387132.893050821
549200 325 -6404813.918313554
549300 325 -6388867.97093812
549400 325 -6355685.773180018
549500 325 -6276948.695332505
549600 325 -6332304.858024122
549700 325 -6378950.948841635
549800 325 -6342129.512675833
549900 325 -6293589.95560527
550000 325 -6356740.873577388
550100 325 -6322860.641351539
550200 325 -6358125.932555759
550300 325 -6322121.354183607
550400 325 -6387772.035619172
550500 325 -6339886.641415818
550600 325 -6351293.282678693
550700 325 -6313865.053679883
550800 325 -6326140.097944043
550900 325 -6351713.549903048
551000 325 -6263807.478205651
551100 325 -6322587.365721763
551200 325 -6307523.280745178
551300 325 -6370124.46692406
551400 325 -6342156.937406427
551500 325 -6397022.902989465
551600 325 -6316882.011137636
551700 325 -6378252.931125736
551800 325 -6336554.03974298
551900 325 -6329959.791638328
552000 325 -6397487.338831821
552100 325 -6325930.761127617
552200 325 -6312615.305739686
552300 325 -6313703.862091321
552400 325 -6457741.902436922
552500 325 -6395069.001421588
552600 325 -6305256.41221022
552700 325 -6346483.489110809
552800 325 -6382361.309734374
552900 325 -6320543.612708375
553000 325 -6327593.07104063
553100 325 -6321135.003662593
553200 325 -6341070.776703855
553300 325 -6306724.19762865
553400 325 -6390346.999100255
553500 325 -6348856.608247848
553600 325 -6365827.984779522
553700 325 -6309925.233242532
553800 325 -6314544.318378411
553900 325 -6311453.670256091
554000 325 -6310442.440829655
554100 325 -6349535.11606088
554200 325 -6303007.496938206
554300 325 -6338394.886852214
554400 325 -6314544.32652179
554500 325 -6315160.465315756
554600 325 -6379152.719671867
554700 325 -6292340.964223504
554800 325 -6326477.51991307
554900 325 -6346446.669917497
555000 325 -6355199.333448646
555100 325 -6415087.545595726
555200 325 -6366109.555904007
555300 325 -6397000.420790186
555400 325 -6309350.136892186
555500 325 -6275343.489619411
555600 325 -6282653.107750015
555700 325 -6417601.686292008
555800 325 -6369050.924643839
555900 325 -6315433.980732646
556000 325 -6378711.305310149
556100 325 -6339887.893215083
556200 325 -6316852.659271641
556300 325 -6336992.956499964
556400 325 -6271953.815269997
556500 325 -6295748.422135642
556600 325 -6327402.954690985
556700 325 -6341662.127630163
556800 325 -6209750.943673889
556900 325 -6414679.084251744
557000 325 -6288500.795522062
557100 325 -6333103.135502378
557200 325 -6382344.369312527
557300 325 -6278737.260955678
557400 325 -6323348.419291991
557500 325 -6363403.187609076
557600 325 -6278144.155789474
557700 325 -6308114.983087696
557800 325 -6326312.409031853
557900 325 -6343675.044060905
558000 325 -6362058.905300451
558100 325 -6385260.034871239
558200 325 -6315143.070285071
558300 325 -6271015.301921451
558400 325 -6459573.300735161
558500 325 -6269666.196646485
558600 325 -6290463.956738483
558700 325 -6371243.853957037
558800 325 -6356100.724171978
558900 325 -6316058.882037606
559000 325 -6295351.990040878
559100 325 -6361531.922076179
559200 325 -6337189.65259979
559300 325 -6274526.961560258
559400 325 -6349504.802299569
559500 325 -6314866.916778166
559600 325 -6309972.114543169
559700 325 -6317675.434391416
559800 325 -6375781.735600552
559900 325 -6363571.778281405
560000 325 -6356277.016498351
560100 325 -6322707.701525803
560200 325 -6396151.106073589
560300 325 -6330289.567920903
560400 325 -6391495.347407337
560500 325 -6328907.849253158
560600 325 -6368780.77019557
560700 325 -6422932.44748799
560800 325 -6393077.477327969
560900 325 -6392060.108380012
561000 325 -6360260.846264917
561100 325 -6310363.883405672
561200 325 -6378891.353873293
561300 325 -6337968.651174137
561400 325 -6415617.675166301
561500 325 -6301047.55905239
561600 325 -6313404.107834444
561700 325 -6416749.635000217
561800 325 -6230142.424849777
561900 325 -6320495.489952373
562000 325 -6278509.876362972
562100 325 -6268845.946670339
562200 325 -6350096.74467208
562300 325 -6371572.496441891
562400 325 -6296934.193429116
562500 325 -6275032.017102123
562600 325 -6371098.045905669
562700 325 -6394042.029564745
562800 325 -6372697.160186122
562900 325 -6354396.195480805
563000 325 -6376785.364701804
563100 325 -6293184.906104427
563200 325 -6316523.005755674
563300 325 -6276721.25656271
563400 325 -6286961.924385386
563500 325 -6341501.290230987
563600 325 -6303383.311440344
563700 325 -6382128.003999864
563800 325 -6340408.994962017
563900 325 -6332962.854081156
564000 325 -6314812.031292726
564100 325 -6384331.973658163
564200 325 -6363326.993669497
564300 325 -6349754.39129749
564400 325 -6379810.113778285
564500 325 -6388235.687324845
564600 325 -6421057.290256628
564700 325 -6332035.866716163
564800 325 -6315998.074583681
564900 325 -6300594.486889297
565000 325 -6346634.872956002
565100 325 -6347764.131953874
565200 325 -6337058.14631368
565300 325 -6415746.51057421
565400 325 -6348693.104235108
565500 325 -6312646.155528283
565600 325 -6306411.760163599
565700 325 -6347320.879011746
565800 325 -6309241.266251549
565900 325 -6377191.392644798
566000 325 -6422975.337730763
566100 325 -6337914.23780458
566200 325 -6298193.201315474
566300 325 -6326185.5451158
566400 325 -6355499.677731261
566500 325 -6309000.125550598
566600 325 -6269760.433504564
566700 325 -6311088.511379425
566800 325 -6380758.293913523
566900 325 -6354336.960049022
567000 325 -6342064.832390549
567100 325 -6254170.777026342
567200 325 -6351868.435833139
567300 325 -6303523.948362575
567400 325 -6277236.944070022
567500 325 -6386960.439057168
567600 325 -6296257.398680051
567700 325 -6411752.628389973
567800 325 -6397182.990548901
567900 325 -6401846.981818269
568000 325 -6308204.852975039
568100 325 -6292099.393342821
568200 325 -6260155.798963465
568300 325 -6361295.262324698
568400 325 -6307663.098618759
568500 325 -6325789.241969944
568600 325 -6337841.102902596
568700 325 -6256583.987770785
568800 325 -6330357.526489919
568900 325 -6280769.000756369
569000 325 -6293852.026675047
569100 325 -6279833.025047366
569200 325 -6300949.456123474
569300 325 -6362026.858232442
569400 325 -6370150.660339201
569500 325 -6275715.688532718
569600 325 -6347846.337382449
569700 325 -6357904.240419434
569800 325 -6371060.609032663
569900 325 -6367765.432233644
570000 325 -6306399.497043098
570100 325 -6304143.610005651
570200 325 -6320757.677578866
570300 325 -6334855.584075445
570400 325 -6295627.525036318
570500 325 -6301195.667781563
570600 325 -6294183.344312476
570700 325 -6319718.568400851
570800 325 -6394960.834442054
570900 325 -6386784.456311421
571000 325 -6368371.11613567
571100 325 -6376479.536848059
571200 325 -6301457.743807454
571300 325 -6325761.877721059
571400 325 -6262688.367110865
571500 325 -6331924.98791545
571600 325 -6406184.759281214
571700 325 -6337133.625007011
571800 325 -6293169.575680504
571900 325 -6332235.846988006
572000 325 -6355569.217087598
572100 325 -6354499.001117218
572200 325 -6369719.861606767
572300 325 -6328859.722906967
572400 325 -6383520.32757353
572500 325 -6327904.33125571
572600 325 -6237939.159846263
572700 325 -6405873.092455762
572800 325 -6325994.413108615
572900 325 -6417363.322605398
573000 325 -6366671.643120384
573100 325 -6401868.402218747
573200 325 -6293720.646627618
573300 325 -6343897.238926267
573400 325 -6406850.125828221
573500 325 -6361206.457482464
573600 325 -6356264.060613808
573700 325 -6350527.882401201
573800 325 -6353964.337697703
573900 325 -6272064.033043196
574000 325 -6308038.045397354
574100 325 -6335511.202383864
574200 325 -6329083.857229962
574300 325 -6368509.774440194
574400 325 -6274869.096379679
574500 325 -6266960.932095281
574600 325 -6309928.083684064
574700 325 -6353199.102011843
574800 325 -6404350.782626349
574900 325 -6353291.761782677
575000 325 -6338561.798242554
575100 325 -6288638.964420714
575200 325 -6362627.354418317
575300 325 -6380204.936056286
575400 325 -6336701.360452887
575500 325 -6322602.303345868
575600 325 -6296568.450809745
575700 325 -6388385.890660631
575800 325 -6338152.390705262
575900 325 -6394689.206532303
576000 325 -6275716.76417516
576100 325 -6353049.278067602
576200 325 -6273835.347995745
576300 325 -6261740.35877463
576400 325 -6311752.231833131
576500 325 -6296319.507384611
576600 325 -6318905.358501867
576700 325 -6308859.208075669
576800 325 -6371984.925856412
576900 325 -6354081.632481945
577000 325 -6372242.510891328
577100 325 -6270712.156873321
577200 325 -6309062.150337235
577300 325 -6317175.647179523
577400 325 -6331854.151990155
577500 325 -6353346.680836448
577600 325 -6394804.71592243
577700 325 -6305320.447067692
577800 325 -6330202.725932161
577900 325 -6332501.100880383
578000 325 -6325862.628579383
578100 325 -6383305.693943651
578200 325 -6469877.626100402
578300 325 -6320023.743412763
578400 325 -6335033.616742972
578500 325 -6343858.71234855
578600 325 -6331040.267218582
578700 325 -6400619.07728547
578800 325 -6354754.496083682
578900 325 -6394823.259254236
579000 325 -6357844.019237308
579100 325 -6330769.040105168
579200 325 -6317144.364959029
579300 325 -6383037.857604878
579400 325 -6336712.27381389
579500 325 -6337746.199253583
579600 325 -6329006.018914485
579700 325 -6246148.322465526
579800 325 -6298086.505667923
579900 325 -6362004.537053236
580000 325 -6366819.845220536
580100 325 -6286717.924957959
580200 325 -6324241.031686001
580300 325 -6290726.015704282
580400 325 -6356087.100474779
580500 325 -6402854.525923656
580600 325 -6417898.786657522
580700 325 -6359397.628024884
580800 325 -6345670.215142636
580900 325 -6400057.37364894
581000 325 -6392933.116806781
581100 325 -6369229.011631574
581200 325 -6337677.091411374
581300 325 -6374739.483680109
581400 325 -6318507.271271154
581500 325 -6206961.063104043
581600 325 -6345172.065900763
581700 325 -6424295.168605521
581800 325 -6334199.521279464
581900 325 -6338465.951617423
582000 325 -6303002.766676771
582100 325 -6387566.947025262
582200 325 -6333230.741112877
582300 325 -6386456.379066911
582400 325 -6388877.005732143
582500 325 -6334407.105019186
582600 325 -6373103.254646516
582700 325 -6356744.865356036
582800 325 -6418375.376872448
582900 325 -6352002.060665458
583000 325 -6372779.675054688
583100 325 -6370360.238264054
583200 325 -6351368.243336953
583300 325 -6351188.685230687
583400 325 -6345377.923963167
583500 325 -6380249.582164612
583600 325 -6363937.142045206
583700 325 -6265674.732033147
583800 325 -6273431.524914578
583900 325 -6356365.887528904
584000 325 -6394204.390096466
584100 325 -6384095.143283203
584200 325 -6341893.516150014
584300 325 -6396107.110005476
584400 325 -6302923.379181199
584500 325 -6315267.650275461
584600 325 -6364955.261775303
584700 325 -6425209.168651486
584800 325 -6312449.741739559
584900 325 -6355269.369875994
585000 325 -6294970.913618836
585100 325 -6377395.521344282
585200 325 -6388604.970409945
585300 325 -6311582.826626549
585400 325 -6244547.783391571
585500 325 -6322392.856862595
585600 325 -6319757.789113704
585700 325 -6358509.905616119
585800 325 -6385758.878574179
585900 325 -6272471.04414911
586000 325 -6333035.878956977
586100 325 -6359178.912963443
586200 325 -6323089.359595691
586300 325 -6293112.561166596
586400 325 -6279344.28073648
586500 325 -6350372.346158655
586600 325 -6385242.452663545
586700 325 -6446109.403773677
586800 325 -6332835.13803518
586900 325 -6293370.494863665
587000 325 -6240031.505662439
587100 325 -6366296.519932179
587200 325 -6333773.468859702
587300 325 -6317751.276342344
587400 325 -6385563.861493506
587500 325 -6350845.652388548
587600 325 -6398042.685101619
587700 325 -6349321.529207275
587800 325 -6357777.389732847
587900 325 -6368801.692231709
588000 325 -6318576.07903897
588100 325 -6300110.292113115
588200 325 -6274684.498448787
588300 325 -6369964.016033873
588400 325 -6312540.932299212
588500 325 -6267618.572213562
588600 325 -6292061.63912205
588700 325 -6385551.280010195
588800 325 -6299920.994169239
588900 325 -6385754.453873571
589000 325 -6233414.738519154
589100 325 -6364416.413059458
589200 325 -6385387.205344848
589300 325 -6314252.448486511
589400 325 -6408416.639656132
589500 325 -6382475.350789827
589600 325 -6303990.052981713
589700 325 -6330102.448570946
589800 325 -6240891.393673973
589900 325 -6377461.991643027
590000 325 -6316387.628285062
590100 325 -6335021.802138263
590200 325 -6381789.470495284
590300 325 -6297711.05715506
590400 325 -6376266.398712954
590500 325 -6387823.404238199
590600 325 -6295378.607433915
590700 325 -6378573.104435329
590800 325 -6390759.987548294
590900 325 -6344210.661526301
591000 325 -6347662.935046533
591100 325 -6329196.864824272
591200 325 -6399060.185138714
591300 325 -6341087.944190515
591400 325 -6332087.874387202
591500 325 -6247174.337962458
591600 325 -6398921.994396928
591700 325 -6242072.103871334
591800 325 -6311160.410106407
591900 325 -6323147.776582514
592000 325 -6321914.706800163
592100 325 -6398575.272660919
592200 325 -6415598.167722287
592300 325 -6358762.415692247
592400 325 -6366901.104446994
592500 325 -6379487.950633528
592600 325 -6375086.674824494
592700 325 -6367697.410895947
592800 325 -6239932.855891999
592900 325 -6372905.106268614
593000 325 -6328472.725959148
593100 325 -6299688.353779491
593200 325 -6404400.66436851
593300 325 -6298460.539743425
593400 325 -6253353.736818355
593500 325 -6357370.364050018
593600 325 -6378281.85768752
593700 325 -6363793.848425375
593800 325 -6388354.154977251
593900 325 -6365511.753354329
594000 325 -6323826.365141587
594100 325 -6363567.850585802
594200 325 -6322485.672450673
594300 325 -6282852.402469605
594400 325 -6401354.773373436
594500 325 -6390046.630379185
594600 325 -6351512.097620076
594700 325 -6301892.991997385
594800 325 -6409583.451172426
594900 325 -6271911.623105381
595000 325 -6347429.138126349
595100 325 -6399897.446725639
595200 325 -6308343.48772542
595300 325 -6322279.313857157
595400 325 -6308283.28249127
595500 325 -6318242.731488375
595600 325 -6393445.854804738
595700 325 -6363349.431042911
595800 325 -6325378.426921226
595900 325 -6336377.229615249
596000 325 -6337753.167508474
596100 325 -6348629.515050806
596200 325 -6358217.070608223
596300 325 -6292747.514395917
596400 325 -6282272.398167815
596500 325 -6301210.788101446
596600 325 -6342411.264040026
596700 325 -6379789.784962942
596800 325 -6356651.360079961
596900 325 -6361407.862252835
597000 325 -6344175.974547198
597100 325 -6331585.925107371
597200 325 -6357111.446885308
597300 325 -6362530.660154264
597400 325 -6430494.60135952
597500 325 -6345491.883633057
597600 325 -6338857.516980952
597700 325 -6348587.753997627
597800 325 -6306758.072753126
597900 325 -6305494.590744725
598000 325 -6370227.891930455
598100 325 -6336021.870409703
598200 325 -6320612.062372116
598300 325 -6421474.386428015
598400 325 -6336534.896381179
598500 325 -6319454.81325845
598600 325 -6370001.919738813
598700 325 -6317398.487827709
598800 325 -6314831.189242756
598900 325 -6458051.920395321
599000 325 -6380755.390838385
599100 325 -6283381.616388394
599200 325 -6422105.553612418
599300 325 -6373587.330388306
599400 325 -6319757.081277772
599500 325 -6316324.477352416
599600 325 -6414073.915974814
599700 325 -6436507.252103427
599800 325 -6404645.104112693
599900 325 -6326436.428878233
600000 325 -6330399.805914525
600100 325 -6340861.585458735
600200 325 -6345938.416978719
600300 325 -6358928.21880564
600400 325 -6313556.736231932
600500 325 -6237695.754523262
600600 325 -6351940.457381333
600700 325 -6329539.115047053
600800 325 -6338669.884256113
600900 325 -6434848.179119512
601000 325 -6250864.046521656
601100 325 -6293591.821677498
601200 325 -6324957.349107906
601300 325 -6383352.373276683
601400 325 -6287073.528356299
601500 325 -6346907.013015739
601600 325 -6308634.959441459
601700 325 -6438192.066918615
601800 325 -6408115.975821991
601900 325 -6336431.632482953
602000 325 -6280873.624034951
602100 325 -6349791.961507481
602200 325 -6356357.935447162
602300 325 -6296927.023322778
602400 325 -6302376.214885963
602500 325 -6288098.072960703
602600 325 -6294122.75222948
602700 325 -6341490.238569981
602800 325 -6324321.861633867
602900 325 -6306303.292150261
603000 325 -6349275.992289927
603100 325 -6384176.709894873
603200 325 -6357083.147330452
603300 325 -6300906.033962926
603400 325 -6403740.044407867
603500 325 -6357134.572447827
603600 325 -6317843.113359468
603700 325 -6329261.147723231
603800 325 -6439341.900082896
603900 325 -6294138.942517042
604000 325 -6311306.077118403
604100 325 -6260621.774524551
604200 325 -6354587.212808821
604300 325 -6301675.399499981
604400 325 -6294840.296872653
604500 325 -6270766.463944335
604600 325 -6331705.789202387
604700 325 -6334942.544159575
604800 325 -6346181.366135281
604900 325 -6372139.977232695
605000 325 -6377243.965667964
605100 325 -6348202.413814623
605200 325 -6313682.715186488
605300 325 -6337430.315933393
605400 325 -6328307.658298227
605500 325 -6373877.682313878
605600 325 -6366084.647121821
605700 325 -6354550.343701098
605800 325 -6339790.928665595
605900 325 -6299374.195934759
606000 325 -6350023.312534802
606100 325 -6417063.017975173
606200 325 -6317317.002611727
606300 325 -6332406.268526821
606400 325 -6325989.553829692
606500 325 -6277077.539567304
606600 325 -6411262.091272229
606700 325 -6392206.514587006
606800 325 -6311057.202219307
606900 325 -6328706.023864888
607000 325 -6389739.126202082
607100 325 -6340115.523742003
607200 325 -6298591.234086184
607300 325 -6354775.588493063
607400 325 -6386931.88499655
607500 325 -6369557.042615602
607600 325 -6356880.615928035
607700 325 -6316736.250094398
607800 325 -6351467.756611954
607900 325 -6415578.56025663
608000 325 -6353709.700101832
608100 325 -6343338.467125433
608200 325 -6308296.713957028
608300 325 -6422424.815639177
608400 325 -6350430.290457207
608500 325 -6253366.886914754
608600 325 -6346110.688350749
608700 325 -6378595.089191451
608800 325 -6344578.233626457
608900 325 -6397243.557744112
609000 325 -6327345.438803169
609100 325 -6227809.559626071
609200 325 -6355435.535319325
609300 325 -6373845.410000812
609400 325 -6339551.007298561
609500 325 -6340586.995656761
609600 325 -6360537.625600001
609700 325 -6355622.930836115
609800 325 -6371157.109475811
609900 325 -6313702.388977239
610000 325 -6258861.403127821
610100 325 -6386256.349412935
610200 325 -6323302.693021815
610300 325 -6273862.023747231
610400 325 -6377591.388393955
610500 325 -6430291.949464044
610600 325 -6335115.421367715
610700 325 -6236747.252035404
610800 325 -6367816.792184388
610900 325 -6313924.396548856
611000 325 -6367346.39263793
611100 325 -6353957.416591039
611200 325 -6391040.043322561
611300 325 -6349623.067211118
611400 325 -6336171.66564825
611500 325 -6405505.951755936
611600 325 -6417475.699774533
611700 325 -6397614.579948081
611800 325 -6341685.302375665
611900 325 -6323458.122439033
612000 325 -6229836.739272405
612100 325 -6384322.269541211
612200 325 -6350714.574991941
612300 325 -6256856.417852182
612400 325 -6306596.972931067
612500 325 -6335940.811619468
612600 325 -6333852.034840783
612700 325 -6321018.710856776
612800 325 -6388857.579960294
612900 325 -6351323.336758494
613000 325 -6270548.13277698
613100 325 -6344958.770664446
613200 325 -6344001.392096763
613300 325 -6374591.752414322
613400 325 -6258516.19765796
613500 325 -6308641.876444921
613600 325 -6218330.879188351
613700 325 -6290732.586100907
613800 325 -6323715.11181635
613900 325 -6286797.366318767
614000 325 -6389741.847771037
614100 325 -6398938.674242992
614200 325 -6265984.359638888
614300 325 -6244938.865438818
614400 325 -6297467.129351417
614500 325 -6358713.614626854
614600 325 -6264879.08729683
614700 325 -6316303.911404198
614800 325 -6273870.77347935
614900 325 -6313376.826792182
615000 325 -6384293.890789511
615100 325 -6412558.620268485
615200 325 -6409744.107817071
615300 325 -6340844.501695169
615400 325 -6315923.112740863
615500 325 -6339804.72354094
615600 325 -6333986.907331326
615700 325 -6279180.634709537
615800 325 -6316650.776844207
615900 325 -6321232.002323212
616000 325 -6256176.766221992
616100 325 -6300432.570070652
616200 325 -6439208.772307502
616300 325 -6312878.370786442
616400 325 -6323884.252091425
616500 325 -6457096.954471365
616600 325 -6410663.245674511
616700 325 -6394329.982336704
616800 325 -6298975.042531028
616900 325 -6323388.187489007
617000 325 -6384464.41321717
617100 325 -6341966.018777843
617200 325 -6341216.055490103
617300 325 -6378358.658463392
617400 325 -6428712.832913238
617500 325 -6343343.784218823
617600 325 -6380851.276000899
617700 325 -6253898.252126992
617800 325 -6293135.48413927
617900 325 -6312269.85168567
618000 325 -6350193.536615181
618100 325 -6292342.21382189
618200 325 -6281197.430126259
618300 325 -6313050.565209401
618400 325 -6345813.151286962
618500 325 -6322919.461736056
618600 325 -6305201.410571752
618700 325 -6223303.31767622
618800 325 -6329516.237246464
618900 325 -6234419.841192784
619000 325 -6288092.983151179
619100 325 -6289182.611988781
619200 325 -6248279.368254199
619300 325 -6343317.134913725
619400 325 -6322072.536643994
619500 325 -6268998.434716154
619600 325 -6360663.081330213
619700 325 -6354376.758623039
619800 325 -6358748.515231095
619900 325 -6374929.377970033
620000 325 -6349011.740076633
620100 325 -6345883.096181057
620200 325 -6386756.06721854
620300 325 -6390001.053045029
620400 325 -6314511.358503248
620500 325 -6340825.234642109
620600 325 -6317888.972082727
620700 325 -6355839.783855613
620800 325 -6316705.306765143
620900 325 -6358826.471037259
621000 325 -6407298.228832533
621100 325 -6288765.111791234
621200 325 -6405394.103967955
621300 325 -6388708.211088084
621400 325 -6330389.647912638
621500 325 -6314346.963856058
621600 325 -6315680.50187362
621700 325 -6349443.268081993
621800 325 -6312661.164348275
621900 325 -6372073.705519252
622000 325 -6316507.621241813
622100 325 -6332180.82034256
622200 325 -6422755.370015622
622300 325 -6301682.453845544
622400 325 -6306983.378020195
622500 325 -6318651.716728851
622600 325 -6369919.185846408
622700 325 -6283693.188018487
622800 325 -6373871.048859424
622900 325 -6401460.368859991
623000 325 -6264494.512949791
623100 325 -6304879.311909463
623200 325 -6325845.60112357
623300 325 -6403103.467116575
623400 325 -6322046.241533499
623500 325 -6369384.68706429
623600 325 -6348849.140712639
623700 325 -6351280.077252643
623800 325 -6313138.851511767
623900 325 -6347385.023166905
624000 325 -6369713.400094406
624100 325 -6289134.797715539
624200 325 -6253301.367831968
624300 325 -6409965.53334971
624400 325 -6337134.373635434
624500 325 -6247986.769979481
624600 325 -6323822.618945858
624700 325 -6264157.856037599
624800 325 -6383200.175739055
624900 325 -6424945.030628068
625000 325 -6273756.268601736
625100 325 -6293146.074833473
625200 325 -6300728.09998486
625300 325 -6234660.821064884
625400 325 -6284553.025525851
625500 325 -6388091.943222981
625600 325 -6296018.032285206
625700 325 -6327680.140964214
625800 325 -6330074.607289865
625900 325 -6325022.10391029
626000 325 -6310112.10487999
626100 325 -6332161.94722458
626200 325 -6343501.480426231
626300 325 -6390748.314569973
626400 325 -6362223.233254778
626500 325 -6362498.297375268
626600 325 -6347913.720139582
626700 325 -6318080.027859829
626800 325 -6379451.386857761
626900 325 -6367456.843390793
627000 325 -6339481.87406836
627100 325 -6349579.966916466
627200 325 -6249213.768186677
627300 325 -6407937.360457565
627400 325 -6434365.987640676
627500 325 -6455501.467689162
627600 325 -6393415.115713065
627700 325 -6334416.72403208
627800 325 -6299405.554451361
627900 325 -6368522.51286657
628000 325 -6347371.083743677
628100 325 -6396725.40997688
628200 325 -6310157.516672242
628300 325 -6320700.545546196
628400 325 -6314181.565690126
628500 325 -6233532.860763363
628600 325 -6332629.769415786
628700 325 -6391404.698083964
628800 325 -6353826.024218625
628900 325 -6349457.632265135
629000 325 -6345081.417102329
629100 325 -6337019.103373531
629200 325 -6353957.436600825
629300 325 -6395152.764099257
629400 325 -6329806.405140681
629500 325 -6292479.050842747
629600 325 -6222551.739510016
629700 325 -6379080.544365296
629800 325 -6353382.751252983
629900 325 -6365916.153471619
630000 325 -6330005.808961149
630100 325 -6343507.101846997
630200 325 -6319068.182741452
630300 325 -6379776.028589851
630400 325 -6450710.374318441
630500 325 -6356238.064298927
630600 325 -6433550.580949128
630700 325 -6318192.525616052
630800 325 -6404415.685351006
630900 325 -6324505.562257473
631000 325 -6414937.599045329
631100 325 -6385276.415145135
631200 325 -6331886.095581541
631300 325 -6366642.144434604
631400 325 -6396677.647793924
631500 325 -6307711.880996717
631600 325 -6270182.095508168
631700 325 -6340374.632358138
631800 325 -6351648.833724236
631900 325 -6304034.05860007
632000 325 -6321321.801078118
632100 325 -6306603.166651676
632200 325 -6301392.917680053
632300 325 -6390300.13821499
632400 325 -6297235.120150262
632500 325 -6380784.189987158
632600 325 -6383619.174702021
632700 325 -6370854.832412066
632800 325 -6370295.229011604
632900 325 -6340739.914118251
633000 325 -6309094.532363702
633100 325 -6330410.407517502
633200 325 -6356041.587656498
633300 325 -6371470.100343264
633400 325 -6354075.776259294
633500 325 -6366294.298433268
633600 325 -6397978.280102229
633700 325 -6362839.144272173
633800 325 -6367136.533150878
633900 325 -6301795.63295543
634000 325 -6356889.441847216
634100 325 -6257460.185784662
634200 325 -6369761.831572739
634300 325 -6345297.240536464
634400 325 -6374483.041822594
634500 325 -6403444.681731272
634600 325 -6349530.378946699
634700 325 -6370625.445318023
634800 325 -6327625.569885416
634900 325 -6328994.316855112
635000 325 -6359346.884267822
635100 325 -6378047.495000843
635200 325 -6371495.186509009
635300 325 -6342288.074541295
635400 325 -6282162.71309402
635500 325 -6368668.646296476
635600 325 -6446944.74952209
635700 325 -6416971.924659083
635800 325 -6307693.661429038
635900 325 -6373681.232633783
636000 325 -6291618.8355405
636100 325 -6330880.559971484
636200 325 -6278218.618851386
636300 325 -6395931.113748191
636400 325 -6427325.265761621
636500 325 -6445928.358964417
636600 325 -6320214.930628762
636700 325 -6347357.31357415
636800 325 -6290216.567994885
636900 325 -6391201.100123215
637000 325 -6368509.285210161
637100 325 -6279803.11178759
637200 325 -6283424.471326388
637300 325 -6273005.479155172
637400 325 -6289396.511880472
637500 325 -6378345.037720783
637600 325 -6420179.902743148
637700 325 -6404299.376907725
637800 325 -6268689.680551512
637900 325 -6313938.667905714
638000 325 -6317408.686338471
638100 325 -6347579.15013805
638200 325 -6292407.493602188
638300 325 -6348754.115469053
638400 325 -6278412.106757782
638500 325 -6291590.52835351
638600 325 -6334109.236810301
638700 325 -6293428.477947013
638800 325 -6378601.782693894
638900 325 -6343146.823384553
639000 325 -6393094.97448588
639100 325 -6301250.496710671
639200 325 -6355588.870146668
639300 325 -6369399.562082795
639400 325 -6371750.324122176
639500 325 -6335611.865063158
639600 325 -6327495.232185315
639700 325 -6405461.130189242
639800 325 -6338374.007919775
639900 325 -6375075.539878234
640000 325 -6337552.229539834
640100 325 -6417112.763826473
640200 325 -6348099.103415956
640300 325 -6419835.124027858
640400 325 -6348620.739786035
640500 325 -6305884.865241976
640600 325 -6335168.904251117
640700 325 -6378128.935290927
640800 325 -6348430.439528333
640900 325 -6237765.16309977
641000 325 -6259558.571482157
641100 325 -6313089.917442836
641200 325 -6356570.344929447
641300 325 -6318193.230440643
641400 325 -6266896.71148757
641500 325 -6321752.153953118
641600 325 -6264247.41845474
641700 325 -6279517.328998712
641800 325 -6420402.011052063
641900 325 -6334903.214819733
642000 325 -6288658.635215001
642100 325 -6377990.416947421
642200 325 -6347258.952145629
642300 325 -6357567.824769272
642400 325 -6336344.732098423
642500 325 -6325595.924194358
642600 325 -6359765.566918345
642700 325 -6403756.540847052
642800 325 -6314292.572660662
642900 325 -6385457.336451529
643000 325 -6358505.079459827
643100 325 -6311829.198364618
643200 325 -6365346.344660013
643300 325 -6296399.525834458
643400 325 -6365690.90673385
643500 325 -6443867.735219154
643600 325 -6262399.25616585
643700 325 -6337913.719043611
643800 325 -6363446.246922584
643900 325 -6367133.147512994
644000 325 -6314240.653794257
644100 325 -6277246.6191245
644200 325 -6349367.737164941
644300 325 -6337162.315675137
644400 325 -6366283.058818119
644500 325 -6302429.051157322
644600 325 -6262899.85704248
644700 325 -6308127.67936174
644800 325 -6317966.419420928
644900 325 -6276598.258833062
645000 325 -6334064.150713746
645100 325 -6344032.622119049
645200 325 -6330926.759239254
645300 325 -6262593.695113545
645400 325 -6288725.154344133
645500 325 -6309202.454543401
645600 325 -6240018.370239219
645700 325 -6264716.428094428
645800 325 -6272738.707558036
645900 325 -6366010.928346518
646000 325 -6355877.070342286
646100 325 -6358396.001279358
646200 325 -6408812.113869232
646300 325 -6322943.372669847
646400 325 -6312160.013404999
646500 325 -6371277.100566853
646600 325 -6293203.476463588
646700 325 -6429126.540544908
646800 325 -6321894.882849805
646900 325 -6398616.426248239
647000 325 -6331959.118364703
647100 325 -6320120.007906937
647200 325 -6368034.415135724
647300 325 -6378582.248794936
647400 325 -6315510.855945185
647500 325 -6307735.847530037
647600 325 -6360253.278489584
647700 325 -6395047.620854599
647800 325 -6368073.085196704
647900 325 -6363924.149988265
648000 325 -6359774.77877458
648100 325 -6399952.621824686
648200 325 -6302759.87316823
648300 325 -6317944.109822884
648400 325 -6388287.242814498
648500 325 -6324503.672589286
648600 325 -6312559.785048472
648700 325 -6284230.109685389
648800 325 -6352764.522992147
648900 325 -6297790.917845844
649000 325 -6290842.045097202
649100 325 -6331550.992065761
649200 325 -6246517.011801988
649300 325 -6382200.211569758
649400 325 -6394343.453310803
649500 325 -6367311.180373652
649600 325 -6284590.398969617
649700 325 -6380735.434478064
649800 325 -6322202.119963391
649900 325 -6238129.161027359
650000 325 -6414411.893552193
650100 325 -6336472.917202463
650200 325 -6331595.855829886
650300 325 -6289458.406689536
650400 325 -6348841.931881971
650500 325 -6399800.780014515
650600 325 -6276004.560083354
650700 325 -6233473.846895608
650800 325 -6390495.948749038
650900 325 -6299679.392660006
651000 325 -6366498.669785095
651100 325 -6358230.962936614
651200 325 -6382647.543127332
651300 325 -6392712.846145591
651400 325 -6423152.424100118
651500 325 -6337216.260060273
651600 325 -6326738.134559432
651700 325 -6340472.73881118
651800 325 -6295590.264741693
651900 325 -6345466.508872916
652000 325 -6317417.057564273
652100 325 -6292148.740783168
652200 325 -6363573.896841742
652300 325 -6368100.074167011
652400 325 -6323578.953280097
652500 325 -6334370.560427319
652600 325 -6352452.880570842
652700 325 -6380893.800279718
652800 325 -6389672.244649417
652900 325 -6403137.216195099
653000 325 -6282002.967321342
653100 325 -6322635.773775592
653200 325 -6328860.678547575
653300 325 -6322738.430558527
653400 325 -6403723.00348737
653500 325 -6341334.65205464
653600 325 -6358703.920516584
653700 325 -6333210.116165867
653800 325 -6299318.622445414
653900 325 -6379651.883861411
654000 325 -6291179.606601772
654100 325 -6366474.48721103
654200 325 -6284913.058230802
654300 325 -6365794.46316538
654400 325 -6278385.535082623
654500 325 -6296776.108871881
654600 325 -6438738.669891613
654700 325 -6300631.616917921
654800 325 -6350491.380575364
654900 325 -6310556.129688957
655000 325 -6335224.077144053
655100 325 -6295951.640165294
655200 325 -6311164.157428803
655300 325 -6365507.591701636
655400 325 -6287832.741165608
655500 325 -6312816.917303434
655600 325 -6286369.646638494
655700 325 -6278250.32626494
655800 325 -6293037.415134712
655900 325 -6347898.351701213
656000 325 -6359438.291519589
656100 325 -6320684.426086431
656200 325 -6354457.206713779
656300 325 -6347808.204727193
656400 325 -6280090.470614664
656500 325 -6293281.192162042
656600 325 -6258588.373159324
656700 325 -6271686.724338993
656800 325 -6268005.583457682
656900 325 -6382765.478052665
657000 325 -6437084.727802721
657100 325 -6388742.789791721
657200 325 -6337420.110524085
657300 325 -6306441.58997255
657400 325 -6376488.769405663
657500 325 -6365730.066580664
657600 325 -6340971.146135684
657700 325 -6380556.318553895
657800 325 -6302646.892972099
657900 325 -6325798.578023587
658000 325 -6315867.662427604
658100 325 -6329709.135545197
658200 325 -6350478.54774737
658300 325 -6384282.30286188
658400 325 -6316255.41571612
658500 325 -6317819.53056296
658600 325 -6382198.410823723
658700 325 -6374601.184711704
658800 325 -6362141.273361342
658900 325 -6352798.122434516
659000 325 -6335844.567050401
659100 325 -6309544.017615272
659200 325 -6236621.948683988
659300 325 -6333692.24896531
659400 325 -6288840.188558141
659500 325 -6225467.759857255
659600 325 -6266453.53092464
659700 325 -6280563.142301798
659800 325 -6392664.896453721
659900 325 -6306154.856802687
660000 325 -6436622.001674488
660100 325 -6393635.804992177
660200 325 -6295713.644528704
660300 325 -6321971.817801472
660400 325 -6396128.0473556
660500 325 -6348107.801154776
660600 325 -6308441.402770035
660700 325 -6345464.782994976
660800 325 -6338068.316298909
660900 325 -6428891.772880405
661000 325 -6302420.222010985
661100 325 -6336185.289518941
661200 325 -6369557.111668749
661300 325 -6343907.395446228
661400 325 -6371320.652756847
661500 325 -6341020.930133782
661600 325 -6348130.62998209
661700 325 -6325138.723870829
661800 325 -6266909.334980862
661900 325 -6268746.817758479
662000 325 -6287052.06052443
662100 325 -6266024.282990413
662200 325 -6460037.414576113
662300 325 -6329348.944969982
662400 325 -6321119.40115355
662500 325 -6338890.918591723
662600 325 -6401270.182709373
662700 325 -6358158.929129779
662800 325 -6305329.745830832
662900 325 -6353551.533652681
663000 325 -6205009.672115924
663100 325 -6422888.174057538
663200 325 -6344509.912981848
663300 325 -6310961.76100483
663400 325 -6289495.74087773
663500 325 -6283665.846083751
663600 325 -6338582.145506189
663700 325 -6278880.477748759
663800 325 -6409565.560713811
663900 325 -6402353.387652106
664000 325 -6384248.717022259
664100 325 -6367115.83757651
664200 325 -6276889.90348194
664300 325 -6355249.290449042
664400 325 -6360145.740108834
664500 325 -6253840.093747248
664600 325 -6293624.420456214
664700 325 -6319466.235106721
664800 325 -6300372.02661741
664900 325 -6340700.637292158
665000 325 -6384646.549977674
665100 325 -6335787.782271937
665200 325 -6352375.028438662
665300 325 -6350604.01225809
665400 325 -6352422.254886054
665500 325 -6307360.350765775
665600 325 -6379231.125648066
665700 325 -6211282.277890533
665800 325 -6339779.387385653
665900 325 -6302791.617443362
666000 325 -6416821.494737862
666100 325 -6286217.111236356
666200 325 -6369139.151101032
666300 325 -6320830.819509557
666400 325 -6352970.489030733
666500 325 -6370822.26472348
666600 325 -6256237.648653911
666700 325 -6282281.332714533
666800 325 -6427458.74306291
666900 325 -6359642.752485972
667000 325 -6280692.041162691
667100 325 -6333977.650126619
667200 325 -6336992.576527135
667300 325 -6324252.711981821
667400 325 -6379084.687297446
667500 325 -6338710.004362019
667600 325 -6296478.531715898
667700 325 -6264704.496138286
667800 325 -6328844.983746137
667900 325 -6337507.090605341
668000 325 -6455570.157206045
668100 325 -6337957.43925482
668200 325 -6385211.167976323
668300 325 -6334609.138677252
668400 325 -6282427.584817782
668500 325 -6328073.817429248
668600 325 -6278308.484410435
668700 325 -6315070.739358271
668800 325 -6346585.335725728
668900 325 -6324411.978325175
669000 325 -6306406.781297097
669100 325 -6301779.55173762
669200 325 -6208280.045472765
669300 325 -6364278.158024536
669400 325 -6353979.178342185
669500 325 -6380959.668534573
669600 325 -6314743.300471632
669700 325 -6351081.821131419
669800 325 -6361729.978492314
669900 325 -6335115.181183992
670000 325 -6354967.765846346
670100 325 -6287152.77284578
670200 325 -6251118.874660732
670300 325 -6366311.805763444
670400 325 -6295591.342409419
670500 325 -6260572.534204359
670600 325 -6386565.390855277
670700 325 -6374615.308202598
670800 325 -6356047.465957068
670900 325 -6260055.727917468
671000 325 -6379042.181667767
671100 325 -6291638.031390817
671200 325 -6287158.983290206
671300 325 -6333869.142536351
671400 325 -6371274.676159376
671500 325 -6293462.636233316
671600 325 -6402202.802166201
671700 325 -6308372.676824276
671800 325 -6271817.385812027
671900 325 -6369109.172402666
672000 325 -6327287.995247157
672100 325 -6370743.258951812
672200 325 -6336978.534299244
672300 325 -6362225.358489897
672400 325 -6253985.865263445
672500 325 -6357248.630274892
672600 325 -6336221.126488982
672700 325 -6403881.063425325
672800 325 -6390689.507337186
672900 325 -6210432.364315916
673000 325 -6425329.849252145
673100 325 -6398630.234523783
673200 325 -6375933.167016942
673300 325 -6348071.757008738
673400 325 -6354792.109801499
673500 325 -6364491.62354086
673600 325 -6314144.352767879
673700 325 -6419639.723683989
673800 325 -6350501.633259421
673900 325 -6324982.430511137
674000 325 -6274233.872747479
674100 325 -6360378.689532535
674200 325 -6393233.077463686
674300 325 -6299726.092583131
674400 325 -6344046.60253269
674500 325 -6268920.393451646
674600 325 -6267469.669643687
674700 325 -6351317.593483671
674800 325 -6400668.169172809
674900 325 -6295218.937861109
675000 325 -6368342.421025977
675100 325 -6272953.82139995
675200 325 -6225157.670490639
675300 325 -6323218.367196197
675400 325 -6265140.143921345
675500 325 -6304569.355122397
675600 325 -6327585.547989687
675700 325 -6345365.015539045
675800 325 -6339502.9671972
675900 325 -6337888.947661683
676000 325 -6327644.495249731
676100 325 -6333811.129565648
676200 325 -6333354.191290164
676300 325 -6371453.532050852
676400 325 -6258907.22629674
676500 325 -6223528.86846558
676600 325 -6364697.852053354
676700 325 -6372719.016661489
676800 325 -6352560.358305848
676900 325 -6384903.189903822
677000 325 -6307653.273004793
677100 325 -6336515.6875662
677200 325 -6301170.206087427
677300 325 -6347910.818339216
677400 325 -6319883.376899669
677500 325 -6319277.991218399
677600 325 -6353523.027835149
677700 325 -6354519.741199804
677800 325 -6323116.788900893
677900 325 -6314733.056883198
678000 325 -6333222.178640608
678100 325 -6378271.142608937
678200 325 -6328832.011131167
678300 325 -6283186.494029954
678400 325 -6353874.932089403
678500 325 -6321864.05457977
678600 325 -6340474.896943403
678700 325 -6350356.624739636
678800 325 -6368560.105820789
678900 325 -6372682.307329404
679000 325 -6288840.477731831
679100 325 -6345599.244701535
679200 325 -6314313.126378855
679300 325 -6430761.638198814
679400 325 -6386358.445138549
679500 325 -6332285.708993755
679600 325 -6385633.309117277
679700 325 -6368930.704791695
679800 325 -6299118.62466858
679900 325 -6370207.356301047
680000 325 -6362693.417827044
680100 325 -6413046.502392842
680200 325 -6366425.483501331
680300 325 -6296684.327348668
680400 325 -6294470.250185668
680500 325 -6277711.557353841
680600 325 -6330149.415262073
680700 325 -6374647.472074443
680800 325 -6263696.425823816
680900 325 -6324413.141425444
681000 325 -6340267.847454888
681100 325 -6329517.727152935
681200 325 -6359914.541562198
681300 325 -6266609.726679539
681400 325 -6333107.759439575
681500 325 -6315421.849822056
681600 325 -6286743.44800918
681700 325 -6398157.058511294
681800 325 -6381174.118413082
681900 325 -6357409.999446971
682000 325 -6300998.404753234
682100 325 -6384384.596341735
682200 325 -6381900.623899434
682300 325 -6364236.651746809
682400 325 -6251331.688117095
682500 325 -6299579.373028629
682600 325 -6305225.226460779
682700 325 -6325240.714606138
682800 325 -6287782.147145775
682900 325 -6280229.912858141
683000 325 -6351550.126436463
683100 325 -6375021.551228747
683200 325 -6318529.274305964
683300 325 -6289671.621437443
683400 325 -6322692.094003609
683500 325 -6366575.367778227
683600 325 -6335921.759300238
683700 325 -6311706.605830024
683800 325 -6375438.629543964
683900 325 -6285495.413082896
684000 325 -6330957.345721737
684100 325 -6375499.66155549
684200 325 -6382667.32215664
684300 325 -6441365.060041433
684400 325 -6303655.858142818
684500 325 -6362673.402842889
684600 325 -6390534.290084131
684700 325 -6352852.720429379
684800 325 -6368775.450259842
684900 325 -6383750.125557244
685000 325 -6392701.171879721
685100 325 -6343966.745945008
685200 325 -6399956.261548193
685300 325 -6382221.512316721
685400 325 -6421203.757648345
685500 325 -6328225.910894345
685600 325 -6361330.869487208
685700 325 -6329093.07848371
685800 325 -6353748.128124363
685900 325 -6298773.441330826
686000 325 -6266090.311464539
686100 325 -6404751.669459024
686200 325 -6268752.515553446
686300 325 -6307510.843027525
686400 325 -6372063.082748624
686500 325 -6326013.681644169
686600 325 -6335398.566608014
686700 325 -6361902.017453564
686800 325 -6353442.824848996
686900 325 -6354672.652598155
687000 325 -6337158.129866317
687100 325 -6338792.487468046
687200 325 -6345848.652111499
687300 325 -6298462.917492055
687400 325 -6282537.317557814
687500 325 -6256926.582013696
687600 325 -6378696.911433617
687700 325 -6355303.492694106
687800 325 -6291575.533525975
687900 325 -6333706.308978199
688000 325 -6434823.080813989
688100 325 -6365695.847572697
688200 325 -6306352.302875865
688300 325 -6388486.304033978
688400 325 -6287416.335101709
688500 325 -6306023.9540361
688600 325 -6314886.746266162
688700 325 -6344148.097091414
688800 325 -6314305.048852883
688900 325 -6346441.729315118
689000 325 -6321651.711760181
689100 325 -6383392.64803037
689200 325 -6358825.12482392
689300 325 -6295145.390546338
689400 325 -6357599.045648436
689500 325 -6356575.274641871
689600 325 -6287219.90680337
689700 325 -6336682.993900722
689800 325 -6329709.731041126
689900 325 -6255222.293115008
690000 325 -6389085.310965376
690100 325 -6317081.7965839
690200 325 -6350007.378353817
690300 325 -6363791.084132847
690400 325 -6279895.334736539
690500 325 -6352683.551869099
690600 325 -6401337.002180515
690700 325 -6311086.874729116
690800 325 -6327633.665486008
690900 325 -6306282.768879484
691000 325 -6333502.226895298
691100 325 -6371239.290172447
691200 325 -6331885.284736861
691300 325 -6325468.265046662
691400 325 -6395818.676608454
691500 325 -6331839.275037727
691600 325 -6285612.55181537
691700 325 -6311737.078329748
691800 325 -6397030.423552496
691900 325 -6380574.946731377
692000 325 -6415363.269306729
692100 325 -6346744.901978563
692200 325 -6370747.66674333
692300 325 -6263929.35674568
692400 325 -6406644.242112629
692500 325 -6267220.951860513
692600 325 -6346333.744175329
692700 325 -6344423.496381117
692800 325 -6297577.127084013
692900 325 -6300993.833703984
693000 325 -6324429.49670645
693100 325 -6401089.697804977
693200 325 -6317883.610342328
693300 325 -6248177.711623374
693400 325 -6301480.991120193
693500 325 -6322282.504725294
693600 325 -6352520.073072631
693700 325 -6390412.571543213
693800 325 -6331120.586040214
693900 325 -6393194.8044935
694000 325 -6304581.913853404
694100 325 -6415292.502402758
694200 325 -6488990.358005443
694300 325 -6446227.180376982
694400 325 -6366272.759539447
694500 325 -6419831.721116934
694600 325 -6324639.663510006
694700 325 -6370338.415407073
694800 325 -6361987.210752333
694900 325 -6338159.869648624
695000 325 -6369252.887127312
695100 325 -6391249.233658514
695200 325 -6318745.760701803
695300 325 -6389283.960068554
695400 325 -6296566.108722314
695500 325 -6394197.549511608
695600 325 -6353334.017699335
695700 325 -6377755.237109637
695800 325 -6351232.927284313
695900 325 -6310994.77771375
696000 325 -6292028.941649948
696100 325 -6319145.165118408
696200 325 -6356998.250525727
696300 325 -6377525.007451205
696400 325 -6401331.161039762
696500 325 -6345560.590832772
696600 325 -6383054.092024704
696700 325 -6374935.505960125
696800 325 -6376597.72929716
696900 325 -6372040.521142271
697000 325 -6393572.621415084
697100 325 -6321649.49553456
697200 325 -6338771.406207666
697300 325 -6379658.235728298
697400 325 -6337308.935889255
697500 325 -6312197.988405455
697600 325 -6329637.512071704
697700 325 -6402761.205217993
697800 325 -6341229.72078399
697900 325 -6286081.879683414
698000 325 -6321380.809626419
698100 325 -6384280.268949131
698200 325 -6358172.236482558
698300 325 -6334503.808885662
698400 325 -6360218.871974271
698500 325 -6281883.605773717
698600 325 -6359856.401858361
698700 325 -6300716.216012003
698800 325 -6324260.011404004
698900 325 -6294137.932538599
699000 325 -6284508.13399036
699100 325 -6275123.754186796
699200 325 -6349245.316357601
699300 325 -6323077.704142667
699400 325 -6339641.767204363
699500 325 -6360675.074763142
699600 325 -6373436.262670025
699700 325 -6278919.417182613
699800 325 -6354460.323732039
699900 325 -6321458.094224415
700000 325 -6322409.633047376
700100 325 -6343461.01401861
700200 325 -6307373.110729809
700300 325 -6383641.89625949
700400 325 -6332588.256203547
700500 325 -6314225.85060595
700600 325 -6331645.552069535
700700 325 -6403592.449416993
700800 325 -6350355.347509583
700900 325 -6386126.013228568
701000 325 -6348806.384878444
701100 325 -6375260.558300613
701200 325 -6332244.374136882
701300 325 -6378963.891433192
701400 325 -6346849.840340384
701500 325 -6351134.014011277
701600 325 -6284915.679442303
701700 325 -6353849.176953037
701800 325 -6351413.592562845
701900 325 -6346452.628326599
702000 325 -6340124.573085217
702100 325 -6312528.814010652
702200 325 -6335424.176397535
702300 325 -6312626.019799296
702400 325 -6272501.944705701
702500 325 -6300285.527616251
702600 325 -6259806.872930393
702700 325 -6338379.660616146
702800 325 -6331226.243319519
702900 325 -6283041.249574034
703000 325 -6374555.012205997
703100 325 -6390697.203998284
703200 325 -6322706.230221216
703300 325 -6314981.162728287
703400 325 -6351315.855563942
703500 325 -6305172.668607973
703600 325 -6400380.102394782
703700 325 -6373526.919292301
703800 325 -6361126.847136313
703900 325 -6278722.396108555
704000 325 -6360231.557960145
704100 325 -6339760.294518167
704200 325 -6346428.893473144
704300 325 -6340737.959624534
704400 325 -6318339.077675549
704500 325 -6340120.236730997
704600 325 -6331101.55889368
704700 325 -6327015.029028799
704800 325 -6282053.350817849
704900 325 -6340967.531061369
705000 325 -6401402.558959594
705100 325 -6341219.585128015
705200 325 -6318124.100319302
705300 325 -6398602.3197536
705400 325 -6372816.482656185
705500 325 -6342204.891051237
705600 325 -6359756.685567956
705700 325 -6389844.093067097
705800 325 -6323058.893993805
705900 325 -6374157.051297716
706000 325 -6318138.622235984
706100 325 -6318820.777001293
706200 325 -6404326.352883922
706300 325 -6366703.355059961
706400 325 -6446017.416190857
706500 325 -6368918.729655462
706600 325 -6421483.308758873
706700 325 -6268315.80575417
706800 325 -6419550.843508972
706900 325 -6363098.494161955
707000 325 -6334596.331073131
707100 325 -6302338.242505659
707200 325 -6344850.964399546
707300 325 -6354515.08099879
707400 325 -6313695.483731408
707500 325 -6274567.984329596
707600 325 -6389257.195312899
707700 325 -6399913.003878055
707800 325 -6338759.707072107
707900 325 -6337024.099241467
708000 325 -6284667.02011457
708100 325 -6318728.034909066
708200 325 -6325495.310767822
708300 325 -6345166.866338936
708400 325 -6386048.66411693
708500 325 -6394626.603493543
708600 325 -6348868.364091115
708700 325 -6347852.169818621
708800 325 -6253441.848828847
708900 325 -6358864.383629279
709000 325 -6341491.187651817
709100 325 -6392741.893367441
709200 325 -6349292.039797064
709300 325 -6388815.50559193
709400 325 -6393849.099512449
709500 325 -6321377.741339449
709600 325 -6298916.687108582
709700 325 -6285623.962341946
709800 325 -6339610.681395294
709900 325 -6324576.232276551
710000 325 -6345969.218756856
710100 325 -6313378.303222698
710200 325 -6355011.066490715
710300 325 -6399638.021986301
710400 325 -6323633.440791901
710500 325 -6315513.645697367
710600 325 -6315143.939407987
710700 325 -6333525.210642673
710800 325 -6317455.615825115
710900 325 -6288014.418576177
711000 325 -6394662.362917519
711100 325 -6381853.618945121
711200 325 -6342502.065218821
711300 325 -6309292.060405644
711400 325 -6364710.073413623
711500 325 -6371757.652861687
711600 325 -6305790.117619593
711700 325 -6377565.69651393
711800 325 -6328216.388794383
711900 325 -6320758.139807962
712000 325 -6327151.844817572
712100 325 -6410118.868793653
712200 325 -6347897.503491759
712300 325 -6292021.09667022
712400 325 -6311348.130802866
712500 325 -6267734.451443648
712600 325 -6330919.841582841
712700 325 -6370914.56647259
712800 325 -6440639.064965827
712900 325 -6338638.316826938
713000 325 -6327216.096127272
713100 325 -6325592.924350506
713200 325 -6271148.177459156
713300 325 -6363680.476073898
713400 325 -6292738.501779839
713500 325 -6316278.314955287
713600 325 -6407534.735555921
713700 325 -6382459.105407419
713800 325 -6279794.256272411
713900 325 -6347287.362565037
714000 325 -6353866.271998888
714100 325 -6307136.851564428
714200 325 -6365725.18700549
714300 325 -6371843.243299254
714400 325 -6338129.167746313
714500 325 -6341439.772183788
714600 325 -6352753.699814605
714700 325 -6447405.846588895
714800 325 -6271931.120779107
714900 325 -6365435.119239748
715000 325 -6370881.295227885
715100 325 -6281532.133174814
715200 325 -6362861.728943794
715300 325 -6412203.099983307
715400 325 -6369873.97491806
715500 325 -6363244.751308152
715600 325 -6271746.308790455
715700 325 -6266351.784127888
715800 325 -6336912.304486614
715900 325 -6291290.169815138
716000 325 -6353360.960803076
716100 325 -6362003.155119019
716200 325 -6403417.257792884
716300 325 -6327810.742091799
716400 325 -6323510.280167043
716500 325 -6365264.784273019
716600 325 -6308376.108766567
716700 325 -6303736.538288952
716800 325 -6346811.094721317
716900 325 -6288123.36304615
717000 325 -6368242.064509833
717100 325 -6391606.831766354
717200 325 -6370131.477640579
717300 325 -6392804.260254047
717400 325 -6315053.015711991
717500 325 -6370301.063080933
717600 325 -6214736.814807293
717700 325 -6422644.888882894
717800 325 -6347742.885158462
717900 325 -6338795.434134902
718000 325 -6336418.602143021
718100 325 -6307476.321622886
718200 325 -6337550.421727379
718300 325 -6340867.099201787
718400 325 -6370027.142103432
718500 325 -6301592.751067781
718600 325 -6318067.404535616
718700 325 -6429701.505242199
718800 325 -6302914.065567343
718900 325 -6371511.794788802
719000 325 -6325175.424727692
719100 325 -6348059.806517459
719200 325 -6376843.203105038
719300 325 -6344387.936695835
719400 325 -6406146.500369418
719500 325 -6375155.009380535
719600 325 -6327179.521814463
719700 325 -6322179.265636144
719800 325 -6304810.850968998
719900 325 -6336542.91119588
720000 325 -6307028.266761587
720100 325 -6313307.537903874
720200 325 -6377920.213511847
720300 325 -6300088.660185942
720400 325 -6307862.445697855
720500 325 -6374954.625636824
720600 325 -6295496.58537777
720700 325 -6329441.645572942
720800 325 -6306063.977912815
720900 325 -6327570.61798129
721000 325 -6375699.553738393
721100 325 -6427012.141732105
721200 325 -6326578.791660629
721300 325 -6357198.493241288
721400 325 -6324143.671540191
721500 325 -6331749.495808864
721600 325 -6270303.209528737
721700 325 -6364073.639816977
721800 325 -6345998.073428355
721900 325 -6315715.311034102
722000 325 -6339330.475003714
722100 325 -6320504.180286902
722200 325 -6377126.338794
722300 325 -6332336.916560337
722400 325 -6321866.725155508
722500 325 -6273940.830937137
722600 325 -6327853.997006975
722700 325 -6336014.817604771
722800 325 -6393381.098730877
722900 325 -6287895.100383732
723000 325 -6324563.453217268
723100 325 -6358639.110267154
723200 325 -6429694.83883317
723300 325 -6294055.858412996
723400 325 -6362733.907439176
723500 325 -6430216.47619278
723600 325 -6412989.398800655
723700 325 -6353762.932943289
723800 325 -6268508.817281975
723900 325 -6327354.656083336
724000 325 -6358216.798109081
724100 325 -6323952.676699008
724200 325 -6361970.722233609
724300 325 -6323328.162310263
724400 325 -6336271.438598082
724500 325 -6322087.632058854
724600 325 -6362899.775377901
724700 325 -6292464.800607346
724800 325 -6252387.229173122
724900 325 -6267796.018337252
725000 325 -6313768.76538851
725100 325 -6339355.655968385
725200 325 -6346383.520654453
725300 325 -6426068.534912171
725400 325 -6264137.23682457
725500 325 -6383965.043483014
725600 325 -6285934.94192024
725700 325 -6356766.24800914
725800 325 -6337882.881274515
725900 325 -6318934.552075434
726000 325 -6265115.92512038
726100 325 -6365665.353710128
726200 325 -6250759.693705162
726300 325 -6321997.874196459
726400 325 -6374678.507524782
726500 325 -6320067.527746213
726600 325 -6317367.009993566
726700 325 -6365874.934913461
726800 325 -6333906.571579037
726900 325 -6400383.014716843
727000 325 -6415239.002768464
727100 325 -6350654.525984701
727200 325 -6275019.587633622
727300 325 -6298183.741488734
727400 325 -6336326.023753959
727500 325 -6380902.531426638
727600 325 -6308862.921023243
727700 325 -6338120.958105002
727800 325 -6302441.272384717
727900 325 -6357815.875017062
728000 325 -6310241.745905781
728100 325 -6353989.618707348
728200 325 -6278652.771820726
728300 325 -6339978.989670353
728400 325 -6383626.457093475
728500 325 -6266877.640550233
728600 325 -6425999.670396416
728700 325 -6301816.84401945
728800 325 -6377374.407766059
728900 325 -6324391.241218919
729000 325 -6304440.129675782
729100 325 -6390536.435269041
729200 325 -6347079.415712684
729300 325 -6312123.637922958
729400 325 -6417793.277713914
729500 325 -6321245.054215394
729600 325 -6330140.141843341
729700 325 -6313414.012803165
729800 325 -6395825.751527194
729900 325 -6344465.519443804
730000 325 -6298185.442113974
730100 325 -6326835.07854745
730200 325 -6411002.734545599
730300 325 -6286637.134502118
730400 325 -6312098.397041492
730500 325 -6344072.478248565
730600 325 -6295414.875351218
730700 325 -6333432.755768859
730800 325 -6333888.359273089
730900 325 -6324986.983517224
731000 325 -6359710.784208244
731100 325 -6419559.705799123
731200 325 -6400227.597355492
731300 325 -6354629.304462425
731400 325 -6381396.083641272
731500 325 -6343627.231560986
731600 325 -6365257.448647641
731700 325 -6390780.422583962
731800 325 -6328254.090817487
731900 325 -6261594.252111375
732000 325 -6336304.371217988
732100 325 -6370434.127414705
732200 325 -6329766.244517263
732300 325 -6354671.332670229
732400 325 -6319971.366755215
732500 325 -6369313.255671835
732600 325 -6341816.073558942
732700 325 -6423746.913252041
732800 325 -6341934.489778593
732900 325 -6404699.565791135
733000 325 -6318806.147635435
733100 325 -6333561.446162431
733200 325 -6381254.618116168
733300 325 -6261005.947961014
733400 325 -6296197.841404782
733500 325 -6361437.547756964
733600 325 -6263312.557935633
733700 325 -6248212.871483548
733800 325 -6257969.511850882
733900 325 -6352788.340764875
734000 325 -6319148.079695884
734100 325 -6396245.943126172
734200 325 -6252592.030769764
734300 325 -6304465.182683358
734400 325 -6338684.539068177
734500 325 -6301594.166767571
734600 325 -6289408.862481363
734700 325 -6385071.688785855
734800 325 -6358273.576035859
734900 325 -6316002.044043988
735000 325 -6389170.412089743
735100 325 -6335124.922885124
735200 325 -6352777.559665421
735300 325 -6283404.899529118
735400 325 -6396435.916027782
735500 325 -6258720.895275567
735600 325 -6260514.609325401
735700 325 -6323011.078236658
735800 325 -6406032.541207368
735900 325 -6433763.988763752
736000 325 -6303889.161633143
736100 325 -6342146.788588315
736200 325 -6330368.632475201
736300 325 -6331546.188968002
736400 325 -6331633.395064034
736500 325 -6392825.153935602
736600 325 -6296084.256830896
736700 325 -6345189.661260958
736800 325 -6391741.115717111
736900 325 -6313364.606955884
737000 325 -6416949.190765611
737100 325 -6352278.607216645
737200 325 -6356302.4981986
737300 325 -6286880.529939587
737400 325 -6398183.658556991
737500 325 -6358647.602204403
737600 325 -6401498.538539065
737700 325 -6288562.19969813
737800 325 -6331146.571720347
737900 325 -6409835.907796537
738000 325 -6228693.210062254
738100 325 -6284413.471165253
738200 325 -6279344.868549807
738300 325 -6311886.665016726
738400 325 -6360648.451221385
738500 325 -6409606.071880458
738600 325 -6305832.240949575
738700 325 -6312591.849554361
738800 325 -6279747.670260469
738900 325 -6368340.555133008
739000 325 -6407385.468621014
739100 325 -6364146.684090363
739200 325 -6345511.135067622
739300 325 -6335656.382420035
739400 325 -6347013.349776424
739500 325 -6303978.318701539
739600 325 -6364439.542292507
739700 325 -6345339.207369415
739800 325 -6404410.744517992
739900 325 -6344794.85257981
740000 325 -6307769.977027353
740100 325 -6370828.494083442
740200 325 -6376956.793926032
740300 325 -6367567.130049447
740400 325 -6328998.297527157
740500 325 -6375833.277824655
740600 325 -6305719.418919517
740700 325 -6363035.839700108
740800 325 -6405633.740173599
740900 325 -6328542.910250714
741000 325 -6325230.813221688
741100 325 -6400590.144784349
741200 325 -6283437.777864353
741300 325 -6320142.985668361
741400 325 -6397950.900487463
741500 325 -6314752.064768279
741600 325 -6410619.216915287
741700 325 -6326114.992657166
741800 325 -6346915.849205609
741900 325 -6349846.768932872
742000 325 -6349827.687645787
742100 325 -6385211.270946304
742200 325 -6350444.320307529
742300 325 -6444352.793223795
742400 325 -6386870.574923814
742500 325 -6391091.923060585
742600 325 -6373544.099611616
742700 325 -6368251.378070827
742800 325 -6383725.199706862
742900 325 -6305324.044836863
743000 325 -6259828.873153066
743100 325 -6314579.14157925
743200 325 -6367172.896565975
743300 325 -6260049.28901808
743400 325 -6364840.361825081
743500 325 -6387170.955229122
743600 325 -6277785.164899503
743700 325 -6318055.32381192
743800 325 -6322771.409888795
743900 325 -6314232.078646115
744000 325 -6374000.710552791
744100 325 -6318428.948948715
744200 325 -6231373.478446478
744300 325 -6302069.476291604
744400 325 -6266523.67240207
744500 325 -6296592.179874307
744600 325 -6338099.677364318
744700 325 -6366318.536171732
744800 325 -6349995.07765815
744900 325 -6319324.79953121
745000 325 -6366834.327283956
745100 325 -6335583.13244107
745200 325 -6341065.20874748
745300 325 -6277898.723503662
745400 325 -6369561.577080056
745500 325 -6318835.978943
745600 325 -6405906.349584715
745700 325 -6388960.37504253
745800 325 -6280202.752385554
745900 325 -6410160.845441969
746000 325 -6403311.590757499
746100 325 -6309866.732724312
746200 325 -6318277.38596116
746300 325 -6366405.746351078
746400 325 -6376676.051279999
746500 325 -6313861.643699803
746600 325 -6292185.117030933
746700 325 -6406155.084478682
746800 325 -6422574.914525006
746900 325 -6299535.772258867
747000 325 -6388839.273925421
747100 325 -6361672.18962054
747200 325 -6385283.050094562
747300 325 -6372828.654826447
747400 325 -6371503.950008137
747500 325 -6358598.637584024
747600 325 -6333327.178745111
747700 325 -6298804.347092805
747800 325 -6351093.095981259
747900 325 -6327738.986243442
748000 325 -6298759.75443317
748100 325 -6388727.198455231
748200 325 -6331234.763097201
748300 325 -6303213.249585742
748400 325 -6355010.076933919
748500 325 -6331953.091994792
748600 325 -6364164.789366184
748700 325 -6299508.301860961
748800 325 -6392980.648636656
748900 325 -6279414.472405801
749000 325 -6228965.979958341
749100 325 -6290014.79710819
749200 325 -6330913.443635395
749300 325 -6400903.115606778
749400 325 -6372129.923094156
749500 325 -6329713.958909972
749600 325 -6423185.542451839
749700 325 -6311086.542996969
749800 325 -6327884.353133306
749900 325 -6317913.113123858
750000 325 -6380124.108299176
750100 325 -6329356.214132002
750200 325 -6310944.050771568
750300 325 -6337084.216581377
750400 325 -6361878.342941357
750500 325 -6338160.325049605
750600 325 -6382458.284293733
750700 325 -6233064.006576348
750800 325 -6261375.203919303
750900 325 -6309085.368022329
751000 325 -6300900.987504198
751100 325 -6365763.201976433
751200 325 -6259695.250812071
751300 325 -6353755.187486659
751400 325 -6338519.154281445
751500 325 -6336913.514195809
751600 325 -6366093.816416527
751700 325 -6368640.415557073
751800 325 -6374360.230464325
751900 325 -6199185.627602029
752000 325 -6272516.237644288
752100 325 -6369520.741015116
752200 325 -6298060.112816345
752300 325 -6350783.724880512
752400 325 -6300665.634328127
752500 325 -6326788.110026723
752600 325 -6307223.190810031
752700 325 -6319661.605228615
752800 325 -6347139.779256859
752900 325 -6390070.215778218
753000 325 -6418656.421213821
753100 325 -6284056.503149696
753200 325 -6363594.715621282
753300 325 -6272672.854768086
753400 325 -6368884.415263066
753500 325 -6315606.845521963
753600 325 -6400440.586166635
753700 325 -6347212.55639632
753800 325 -6323120.847054967
753900 325 -6277582.55389748
754000 325 -6312780.319809115
754100 325 -6378541.577524132
754200 325 -6306044.8732885
754300 325 -6321254.258416122
754400 325 -6306686.757767733
754500 325 -6337036.998283069
754600 325 -6314009.159898663
754700 325 -6368641.916242478
754800 325 -6380079.775776278
754900 325 -6335240.792886214
755000 325 -6332405.865822789
755100 325 -6290056.044223897
755200 325 -6446520.262335273
755300 325 -6364449.577193016
755400 325 -6302434.466204619
755500 325 -6330503.135947399
755600 325 -6355826.885041988
755700 325 -6442174.450600665
755800 325 -6260640.40237853
755900 325 -6414666.432829224
756000 325 -6372984.217445312
756100 325 -6382686.368462684
756200 325 -6386296.655424764
756300 325 -6295946.404306855
756400 325 -6373418.644823998
756500 325 -6419556.095933694
756600 325 -6312868.11595705
756700 325 -6311947.024506528
756800 325 -6467457.940906312
756900 325 -6258641.119917233
757000 325 -6396166.97628567
757100 325 -6382714.399169563
757200 325 -6329190.382298562
757300 325 -6384568.946673546
757400 325 -6334837.418208562
757500 325 -6304436.340088051
757600 325 -6316221.401187493
757700 325 -6405091.445609329
757800 325 -6371522.857401011
757900 325 -6275501.203100278
758000 325 -6280350.516161639
758100 325 -6401717.24670462
758200 325 -6304475.703481514
758300 325 -6346186.077533104
758400 325 -6349716.163778825
758500 325 -6316341.805361485
758600 325 -6335431.617399041
758700 325 -6321245.691337559
758800 325 -6275575.364717014
758900 325 -6322624.184581404
759000 325 -6329322.735549124
759100 325 -6360308.288332175
759200 325 -6276233.497784778
759300 325 -6356536.532689506
759400 325 -6367497.174262514
759500 325 -6353368.620703446
759600 325 -6359374.703106791
759700 325 -6313794.489816802
759800 325 -6356519.549204043
759900 325 -6372660.184472725
760000 325 -6319113.891777496
760100 325 -6346576.789910885
760200 325 -6393359.673890553
760300 325 -6359449.851141604
760400 325 -6359789.463184935
760500 325 -6400309.122462235
760600 325 -6234118.620895121
760700 325 -6261883.115882826
760800 325 -6335702.892233275
760900 325 -6459237.838868746
761000 325 -6337341.51183005
761100 325 -6292203.592453863
761200 325 -6317299.426290275
761300 325 -6368158.734999737
761400 325 -6339376.307346109
761500 325 -6340224.626423756
761600 325 -6430261.296821454
761700 325 -6404588.562175037
761800 325 -6357216.412048332
761900 325 -6328041.498408446
762000 325 -6352073.465328839
762100 325 -6376026.18029563
762200 325 -6374513.441797395
762300 325 -6334009.49387926
762400 325 -6336680.555283211
762500 325 -6348945.528006749
762600 325 -6303004.840410025
762700 325 -6381684.811155153
762800 325 -6343120.158018459
762900 325 -6361646.269953389
763000 325 -6270506.592486051
763100 325 -6242740.427032148
763200 325 -6342997.434974963
763300 325 -6418799.818994294
763400 325 -6264756.220750848
763500 325 -6284597.50480534
763600 325 -6322101.331210102
763700 325 -6424465.20356058
763800 325 -6289839.692376419
763900 325 -6294432.135623064
764000 325 -6422301.953835452
764100 325 -6431541.236263972
764200 325 -6265524.48788939
764300 325 -6228246.429465039
764400 325 -6318326.618511802
764500 325 -6341174.836527361
764600 325 -6298090.549840603
764700 325 -6399076.989741968
764800 325 -6372856.027826495
764900 325 -6341554.584889626
765000 325 -6350799.075311971
765100 325 -6320326.461928505
765200 325 -6300039.729179574
765300 325 -6326148.340318661
765400 325 -6349187.293512044
765500 325 -6389799.259503568
765600 325 -6338326.504057439
765700 325 -6361418.146598453
765800 325 -6347340.873866504
765900 325 -6316558.343936805
766000 325 -6260795.176355023
766100 325 -6388343.422821306
766200 325 -6281662.566872736
766300 325 -6290017.513705508
766400 325 -6285170.609319543
766500 325 -6298436.46831486
766600 325 -6344611.730617292
766700 325 -6316793.45210954
766800 325 -6411515.827567989
766900 325 -6350753.362006449
767000 325 -6363005.578971821
767100 325 -6294049.105572499
767200 325 -6360592.108992475
767300 325 -6377885.91845415
767400 325 -6361158.902917302
767500 325 -6345146.552469771
767600 325 -6333074.054487476
767700 325 -6312304.882439969
767800 325 -6387549.268601711
767900 325 -6334108.186603024
768000 325 -6323490.347278811
768100 325 -6366486.444199847
768200 325 -6371242.741554284
768300 325 -6329386.038520637
768400 325 -6334456.081153879
768500 325 -6363473.993141767
768600 325 -6278382.147622955
768700 325 -6334227.914746284
768800 325 -6299434.974046888
768900 325 -6347403.390399575
769000 325 -6346305.409129234
769100 325 -6385177.489624461
769200 325 -6294355.155678302
769300 325 -6390682.463229718
769400 325 -6376077.645704314
769500 325 -6347088.200744832
769600 325 -6366467.4401757
769700 325 -6361696.945489875
769800 325 -6357528.799931411
769900 325 -6405029.076848613
770000 325 -6290670.124877537
770100 325 -6260280.073180643
770200 325 -6338249.440813427
770300 325 -6266017.397303704
770400 325 -6365464.322039628
770500 325 -6334251.06927495
770600 325 -6394281.208346941
770700 325 -6338974.274447608
770800 325 -6341495.39030067
770900 325 -6374975.570401844
771000 325 -6315063.636709144
771100 325 -6247664.168080462
771200 325 -6316860.746375875
771300 325 -6325272.25264409
771400 325 -6299679.267888238
771500 325 -6276968.589588169
771600 325 -6247150.964705066
771700 325 -6284383.926935241
771800 325 -6266012.93746924
771900 325 -6311013.228252613
772000 325 -6341116.781685725
772100 325 -6342943.210869453
772200 325 -6326032.350761293
772300 325 -6346156.510652259
772400 325 -6327144.290385289
772500 325 -6287329.360866637
772600 325 -6375424.016598932
772700 325 -6307456.87268094
772800 325 -6272043.820860388
772900 325 -6380079.3037638
773000 325 -6291755.77904105
773100 325 -6351252.500728299
773200 325 -6280535.446280974
773300 325 -6284016.728281075
773400 325 -6237888.430950805
773500 325 -6302497.545450352
773600 325 -6409724.240681682
773700 325 -6320211.860662622
773800 325 -6350675.176264985
773900 325 -6275369.511394734
774000 325 -6343037.011162044
774100 325 -6458079.975325112
774200 325 -6343375.931725102
774300 325 -6349360.658597523
774400 325 -6332320.644067454
774500 325 -6384169.468972457
774600 325 -6339722.414409105
774700 325 -6273240.480179617
774800 325 -6288954.861147651
774900 325 -6357513.514984341
775000 325 -6350621.916662578
775100 325 -6387196.170801301
775200 325 -6335389.325681727
775300 325 -6286018.811877303
775400 325 -6320700.875588229
775500 325 -6293257.157325343
775600 325 -6380038.884054286
775700 325 -6353885.550814048
775800 325 -6362174.807151059
775900 325 -6333549.139701219
776000 325 -6321382.672641605
776100 325 -6385112.750170642
776200 325 -6362917.687035686
776300 325 -6330741.674918925
776400 325 -6331173.535060802
776500 325 -6324136.865222608
776600 325 -6309572.937824062
776700 325 -6377424.837760901
776800 325 -6341856.82405608
776900 325 -6369455.375727659
777000 325 -6275453.938752597
777100 325 -6356894.974398178
777200 325 -6302123.717185073
777300 325 -6331647.722842736
777400 325 -6306537.213178878
777500 325 -6354926.223013731
777600 325 -6261267.038638845
777700 325 -6367586.178148563
777800 325 -6290453.720017459
777900 325 -6378702.974018318
778000 325 -6334538.285057763
778100 325 -6308910.266839875
778200 325 -6310695.516352538
778300 325 -6350262.918735508
778400 325 -6375082.623785285
778500 325 -6311719.38401122
778600 325 -6320604.660262704
778700 325 -6292510.9856402
778800 325 -6341710.732362161
778900 325 -6392418.412565343
779000 325 -6340279.569521468
779100 325 -6241935.957132176
779200 325 -6304725.146635324
779300 325 -6299157.266868789
779400 325 -6287349.784360412
779500 325 -6274935.005212956
779600 325 -6439722.79742255
779700 325 -6232458.635876397
779800 325 -6370948.110366219
779900 325 -6358144.279779583
780000 325 -6347086.084746161
780100 325 -6401994.90885247
780200 325 -6251351.578440474
780300 325 -6328626.894796772
780400 325 -6358959.578681527
780500 325 -6305679.796302705
780600 325 -6356594.870862777
780700 325 -6341266.048681322
780800 325 -6362820.726857051
780900 325 -6273859.427847065
781000 325 -6345390.112280015
781100 325 -6333476.123764166
781200 325 -6384131.247040221
781300 325 -6341590.231644997
781400 325 -6362524.719600489
781500 325 -6325548.538099
781600 325 -6358629.512384193
781700 325 -6381987.036864504
781800 325 -6310456.825452149
781900 325 -6271759.739836042
782000 325 -6340446.140924921
782100 325 -6237778.590997428
782200 325 -6312412.076642819
782300 325 -6263746.48291326
782400 325 -6282778.010455161
782500 325 -6236709.716350136
782600 325 -6390395.979270974
782700 325 -6232324.965207302
782800 325 -6327404.181093942
782900 325 -6313364.891647033
783000 325 -6347580.900530865
783100 325 -6297252.950611025
783200 325 -6283546.945410937
783300 325 -6297807.504587276
783400 325 -6455462.70636669
783500 325 -6374423.630337369
783600 325 -6356936.806812633
783700 325 -6328370.643117804
783800 325 -6360633.386675918
783900 325 -6330189.338192068
784000 325 -6311736.186882667
784100 325 -6373882.059491441
784200 325 -6332234.418463277
784300 325 -6324737.747827614
784400 325 -6313697.869211123
784500 325 -6368280.723874497
784600 325 -6290358.480736978
784700 325 -6376265.899130283
784800 325 -6323457.677717077
784900 325 -6368894.627814036
785000 325 -6376004.36416574
785100 325 -6314733.55496707
785200 325 -6314447.086806041
785300 325 -6375357.34941203
785400 325 -6377989.197007824
785500 325 -6432904.345922631
785600 325 -6337576.194908476
785700 325 -6382435.368578558
785800 325 -6369444.57482506
785900 325 -6319763.150719706
786000 325 -6393127.455305959
786100 325 -6336181.868993105
786200 325 -6318369.312174459
786300 325 -6337239.038112203
786400 325 -6329831.917580249
786500 325 -6360900.937300689
786600 325 -6284232.362607289
786700 325 -6388010.68310404
786800 325 -6309319.437991085
786900 325 -6407787.08770881
787000 325 -6452545.090598412
787100 325 -6386395.394788405
787200 325 -6322427.225188122
787300 325 -6418037.883746432
787400 325 -6417466.674928218
787500 325 -6366197.856314884
787600 325 -6297273.084419273
787700 325 -6280074.191772943
787800 325 -6311584.939605707
787900 325 -6373614.909030716
788000 325 -6357281.080311737
788100 325 -6350879.149230908
788200 325 -6363074.332405716
788300 325 -6249320.554903822
788400 325 -6361258.063624147
788500 325 -6350026.839660497
788600 325 -6309362.227928894
788700 325 -6236310.477735356
788800 325 -6365045.270113686
788900 325 -6356513.252451858
789000 325 -6368789.749622365
789100 325 -6339326.988647213
789200 325 -6335009.345864404
789300 325 -6272800.488767177
789400 325 -6279587.87158057
789500 325 -6280860.052587811
789600 325 -6237644.678694673
789700 325 -6376253.946693154
789800 325 -6318991.605829057
789900 325 -6362703.992782788
790000 325 -6318233.160211531
790100 325 -6424583.913444139
790200 325 -6312614.618923163
790300 325 -6405281.831909349
790400 325 -6293311.836063894
790500 325 -6284764.70381113
790600 325 -6333800.105887907
790700 325 -6307910.695973052
790800 325 -6430974.396043013
790900 325 -6334172.832988035
791000 325 -6316010.390684616
791100 325 -6247535.251548674
791200 325 -6354462.529546883
791300 325 -6343701.830227258
791400 325 -6420761.165564554
791500 325 -6339169.078700689
791600 325 -6277220.988411661
791700 325 -6302026.254749569
791800 325 -6442667.200818406
791900 325 -6360680.954627614
792000 325 -6359728.219806017
792100 325 -6310665.813336818
792200 325 -6271579.28978222
792300 325 -6318146.797802739
792400 325 -6298009.118262593
792500 325 -6399594.223756667
792600 325 -6341875.969415253
792700 325 -6362802.774922437
792800 325 -6448129.418355314
792900 325 -6315718.193323854
793000 325 -6287733.890691845
793100 325 -6427294.094333528
793200 325 -6257755.046748167
793300 325 -6313177.786022155
793400 325 -6272777.551909842
793500 325 -6361436.211407791
793600 325 -6312380.341335211
793700 325 -6286632.844783748
793800 325 -6348799.074720559
793900 325 -6434911.981443361
794000 325 -6400361.614408516
794100 325 -6361729.231417068
794200 325 -6283362.494964799
794300 325 -6298702.454548369
794400 325 -6315827.331065968
794500 325 -6357910.989713913
794600 325 -6404555.43517283
794700 325 -6358471.671845452
794800 325 -6313397.680050453
794900 325 -6338850.464500093
795000 325 -6344536.535149733
795100 325 -6323468.201902959
795200 325 -6322235.950681041
795300 325 -6376110.210153551
795400 325 -6372631.657243215
795500 325 -6355651.386181695
795600 325 -6381147.73014449
795700 325 -6371151.138410971
795800 325 -6303367.797168028
795900 325 -6361359.536439314
796000 325 -6414429.381257072
796100 325 -6307256.939426543
796200 325 -6295320.246068309
796300 325 -6320968.563203767
796400 325 -6363797.033177493
796500 325 -6343237.216582739
796600 325 -6372882.551575267
796700 325 -6307913.001399692
796800 325 -6279520.958354518
796900 325 -6217898.244481731
797000 325 -6351465.645673271
797100 325 -6431851.743244942
797200 325 -6342445.731539681
797300 325 -6353257.830481689
797400 325 -6374388.694077339
797500 325 -6420357.507672315
797600 325 -6359912.526069324
797700 325 -6296060.749624905
797800 325 -6364926.615680985
797900 325 -6398616.439922402
798000 325 -6268404.870495961
798100 325 -6312965.568893408
798200 325 -6356058.921206526
798300 325 -6251154.78239774
798400 325 -6320894.176636188
798500 325 -6335533.436036333
798600 325 -6400225.576721966
798700 325 -6316625.097515878
798800 325 -6333853.557817932
798900 325 -6285956.096155046
799000 325 -6292934.462556381
799100 325 -6394492.49544598
799200 325 -6347351.412865689
799300 325 -6302555.654552108
799400 325 -6321467.535236657
799500 325 -6384373.532591515
799600 325 -6333330.410636911
799700 325 -6335200.662577363
799800 325 -6293249.95345176
799900 325 -6329448.944607576
800000 325 -6355955.748228371
800100 325 -6384466.995325846
800200 325 -6289785.754345749
800300 325 -6283160.446133791
800400 325 -6375376.905842916
800500 325 -6345504.146472823
800600 325 -6399565.711868162
800700 325 -6389446.720049447
800800 325 -6337962.512337304
800900 325 -6351813.362029364
801000 325 -6345110.262401871
801100 325 -6320358.48462704
801200 325 -6221085.605647316
801300 325 -6374995.627032548
801400 325 -6400989.936693801
801500 325 -6282214.429638045
801600 325 -6373397.242420951
801700 325 -6361708.008100452
801800 325 -6356600.567489125
801900 325 -6293684.916488202
802000 325 -6392079.460384268
802100 325 -6322621.074051838
802200 325 -6387230.647423831
802300 325 -6317808.719165329
802400 325 -6398293.281964235
802500 325 -6353117.308705436
802600 325 -6234266.228045084
802700 325 -6339415.530372878
802800 325 -6365934.069107346
802900 325 -6225596.916465084
803000 325 -6262794.4298234
803100 325 -6327801.159722721
803200 325 -6363604.964493684
803300 325 -6299631.798805281
803400 325 -6262486.405908332
803500 325 -6387924.786541156
803600 325 -6410951.123333074
803700 325 -6285952.42203042
803800 325 -6337158.775153352
803900 325 -6374573.784952933
804000 325 -6343588.964995809
804100 325 -6311554.512465175
804200 325 -6329594.417684777
804300 325 -6342561.39110586
804400 325 -6242485.745709182
804500 325 -6352515.026402311
804600 325 -6381752.512283791
804700 325 -6295053.933361022
804800 325 -6339495.310012243
804900 325 -6289663.40035568
805000 325 -6285013.242796998
805100 325 -6366492.973724786
805200 325 -6329012.304455062
805300 325 -6328819.490322531
805400 325 -6435125.237763619
805500 325 -6347350.023837309
805600 325 -6405658.21911991
805700 325 -6429221.899002917
805800 325 -6393410.313906737
805900 325 -6360697.296773943
806000 325 -6258074.839116747
806100 325 -6341399.365395797
806200 325 -6338719.419109562
806300 325 -6411992.293988692
806400 325 -6307675.780422931
806500 325 -6404020.656833302
806600 325 -6370904.346613126
806700 325 -6324185.443757422
806800 325 -6349749.181507904
806900 325 -6365515.536864338
807000 325 -6362922.056583544
807100 325 -6292540.531523801
807200 325 -6382524.03798826
807300 325 -6305306.014293518
807400 325 -6381853.530298035
807500 325 -6304955.77232917
807600 325 -6305364.241606692
807700 325 -6347134.305247573
807800 325 -6331286.977506043
807900 325 -6361078.37860387
808000 325 -6330040.030967789
808100 325 -6337265.75320309
808200 325 -6279417.838424971
808300 325 -6361242.920554284
808400 325 -6322793.38572761
808500 325 -6413837.440245736
808600 325 -6384487.675210198
808700 325 -6341650.88728993
808800 325 -6253717.800162437
808900 325 -6276730.393357663
809000 325 -6404330.18007764
809100 325 -6375768.107375307
809200 325 -6383109.456638686
809300 325 -6303234.015967164
809400 325 -6286480.400710392
809500 325 -6449947.800030961
809600 325 -6213349.439112797
809700 325 -6350566.882934681
809800 325 -6318922.056547596
809900 325 -6295803.070595725
810000 325 -6378568.373498203
810100 325 -6287252.544025524
810200 325 -6306475.746256147
810300 325 -6319451.613093328
810400 325 -6300273.83529946
810500 325 -6363411.506936118
810600 325 -6385596.04944241
810700 325 -6367174.413706698
810800 325 -6247333.270020209
810900 325 -6317151.448338522
811000 325 -6333748.929199938
811100 325 -6358944.022570159
811200 325 -6390842.291408691
811300 325 -6357146.696766
811400 325 -6343972.619871857
811500 325 -6270028.087047722
811600 325 -6346791.588845995
811700 325 -6324483.258716367
811800 325 -6343589.085068579
811900 325 -6328531.219228293
812000 325 -6286561.582893841
812100 325 -6350444.82901018
812200 325 -6311403.393374264
812300 325 -6280232.303612832
812400 325 -6409369.198853768
812500 325 -6379713.521352548
812600 325 -6313772.44983825
812700 325 -6337521.061739106
812800 325 -6337364.408225629
812900 325 -6323405.04920079
813000 325 -6337400.450779945
813100 325 -6335052.182752468
813200 325 -6438691.363467597
813300 325 -6344990.884174109
813400 325 -6357768.180377566
813500 325 -6302601.471307302
813600 325 -6368762.075888379
813700 325 -6340841.487727864
813800 325 -6295893.185650779
813900 325 -6341417.185812375
814000 325 -6375043.106772624
814100 325 -6378514.921712627
814200 325 -6369196.669880207
814300 325 -6330329.593629884
814400 325 -6296669.679536084
814500 325 -6346343.719998347
814600 325 -6419535.109958066
814700 325 -6417225.767118976
814800 325 -6308172.00758197
814900 325 -6416768.996017244
815000 325 -6375980.878373332
815100 325 -6384228.56884291
815200 325 -6322827.264376806
815300 325 -6360539.174562548
815400 325 -6376413.318518491
815500 325 -6398366.643440458
815600 325 -6287438.317431842
815700 325 -6353602.46867756
815800 325 -6288050.741438322
815900 325 -6303222.55463719
816000 325 -6274169.331023492
816100 325 -6392884.67465738
816200 325 -6400687.758132227
816300 325 -6370022.644866787
816400 325 -6393072.046984575
816500 325 -6273147.136994274
816600 325 -6372155.306739396
816700 325 -6346997.348987017
816800 325 -6346817.121148759
816900 325 -6334667.806660853
817000 325 -6364849.488868936
817100 325 -6393072.088878711
817200 325 -6337538.763787972
817300 325 -6409216.137383597
817400 325 -6339644.650605258
817500 325 -6317302.514330948
817600 325 -6303552.478333956
817700 325 -6368610.866568815
817800 325 -6332780.219672264
817900 325 -6346549.307082281
818000 325 -6327079.882015612
818100 325 -6293410.142730806
818200 325 -6353137.642022476
818300 325 -6432695.33267284
818400 325 -6366032.412566863
818500 325 -6288952.275521156
818600 325 -6350298.312623779
818700 325 -6389186.843229106
818800 325 -6323431.939909332
818900 325 -6403191.218070516
819000 325 -6280086.684825763
819100 325 -6339560.201577774
819200 325 -6308405.913739238
819300 325 -6350924.511673291
819400 325 -6356148.581813197
819500 325 -6325399.28468998
819600 325 -6409170.977786135
819700 325 -6230639.269263245
819800 325 -6390377.494316524
819900 325 -6294375.909732635
820000 325 -6386281.79534176
820100 325 -6311860.538524169
820200 325 -6353401.846696062
820300 325 -6307282.068676519
820400 325 -6367043.879816883
820500 325 -6269759.957937062
820600 325 -6393424.354943747
820700 325 -6331696.252669707
820800 325 -6378744.801322816
820900 325 -6299842.603459266
821000 325 -6404330.998253437
821100 325 -6339505.653892456
821200 325 -6328294.056421498
821300 325 -6342470.570413511
821400 325 -6298587.41173475
821500 325 -6320710.190767613
821600 325 -6343730.150466223
821700 325 -6360840.271903222
821800 325 -6379089.776914397
821900 325 -6379002.728963163
822000 325 -6298531.817188881
822100 325 -6310659.864933779
822200 325 -6338671.430458393
822300 325 -6374506.105675843
822400 325 -6352296.698466888
822500 325 -6246497.084356979
822600 325 -6415222.999617252
822700 325 -6411428.192279972
822800 325 -6337128.984671861
822900 325 -6305585.603721704
823000 325 -6418018.579532789
823100 325 -6403101.526479525
823200 325 -6357119.798357864
823300 325 -6265112.241944628
823400 325 -6348277.843387211
823500 325 -6410743.980052348
823600 325 -6375955.90513199
823700 325 -6335726.277240505
823800 325 -6347933.326715536
823900 325 -6236900.344641849
824000 325 -6484788.547016462
824100 325 -6351716.66910331
824200 325 -6362486.140797499
824300 325 -6360411.874371233
824400 325 -6390149.837064836
824500 325 -6287639.905851887
824600 325 -6353466.290479069
824700 325 -6329395.879102167
824800 325 -6348797.275700655
824900 325 -6361975.734699129
825000 325 -6325245.460086524
825100 325 -6385178.500553181
825200 325 -6306157.423387392
825300 325 -6317292.895549195
825400 325 -6336682.241443004
825500 325 -6371199.762302328
825600 325 -6324255.050943479
825700 325 -6339976.930362878
825800 325 -6292391.917978927
825900 325 -6305520.92194115
826000 325 -6300963.549256463
826100 325 -6369231.358175587
826200 325 -6321796.319516568
826300 325 -6314202.430544445
826400 325 -6369749.834608309
826500 325 -6358237.61280699
826600 325 -6374397.525420628
826700 325 -6335027.674573245
826800 325 -6416846.922269847
826900 325 -6352050.197901003
827000 325 -6296500.654060193
827100 325 -6422544.407162732
827200 325 -6260816.122118142
827300 325 -6310979.311175659
827400 325 -6372023.982754993
827500 325 -6345362.2267083
827600 325 -6409371.320159232
827700 325 -6310868.363654975
827800 325 -6303081.90599823
827900 325 -6369048.828045983
828000 325 -6297008.611809247
828100 325 -6300073.972130273
828200 325 -6438541.652407357
828300 325 -6325418.878520491
828400 325 -6368077.714478817
828500 325 -6317910.205597674
828600 325 -6437138.530742678
828700 325 -6326760.402163541
828800 325 -6410336.149087569
828900 325 -6294378.917954716
829000 325 -6386900.313333053
829100 325 -6312356.143496843
829200 325 -6328251.67227784
829300 325 -6397989.649156262
829400 325 -6354251.970167622
829500 325 -6413620.300201757
829600 325 -6352892.749055889
829700 325 -6319692.310679462
829800 325 -6292369.270309814
829900 325 -6252347.263988772
830000 325 -6353926.48459276
830100 325 -6376350.819679646
830200 325 -6367180.002122387
830300 325 -6355920.175950374
830400 325 -6376931.823410802
830500 325 -6407517.089396068
830600 325 -6355051.133599376
830700 325 -6357509.982191882
830800 325 -6280177.135898395
830900 325 -6357000.434363697
831000 325 -6312168.014604457
831100 325 -6306045.685298148
831200 325 -6288160.420140104
831300 325 -6398226.171161398
831400 325 -6317750.907094322
831500 325 -6319151.551940331
831600 325 -6315832.731216718
831700 325 -6344243.042696049
831800 325 -6277869.964678043
831900 325 -6408303.362035572
832000 325 -6297277.05487074
832100 325 -6330633.579331528
832200 325 -6368677.973607872
832300 325 -6349079.052909382
832400 325 -6347851.529997302
832500 325 -6298539.116036318
832600 325 -6275310.271334928
832700 325 -6316288.371206587
832800 325 -6359216.443343029
832900 325 -6318047.922011236
833000 325 -6352913.098189117
833100 325 -6338770.734939504
833200 325 -6275533.992809589
833300 325 -6354749.049438341
833400 325 -6347356.921298988
833500 325 -6342198.013385443
833600 325 -6359037.885303162
833700 325 -6276287.248541094
833800 325 -6351030.031114202
833900 325 -6351446.334757453
834000 325 -6354258.991556024
834100 325 -6255186.844339673
834200 325 -6304007.303630407
834300 325 -6339563.10732111
834400 325 -6311168.83088433
834500 325 -6314058.214554317
834600 325 -6309998.720237963
834700 325 -6346321.715731712
834800 325 -6283807.144339379
834900 325 -6287215.33905583
835000 325 -6369266.755145289
835100 325 -6268956.958465211
835200 325 -6360568.327389981
835300 325 -6320331.77202433
835400 325 -6313321.195127011
835500 325 -6370523.728783324
835600 325 -6252904.420443708
835700 325 -6361518.649181547
835800 325 -6408224.35748901
835900 325 -6402628.755252963
836000 325 -6312287.980743872
836100 325 -6305921.203931051
836200 325 -6365336.257443912
836300 325 -6386655.675009692
836400 325 -6232962.898649937
836500 325 -6333752.520182181
836600 325 -6324829.592769581
836700 325 -6282776.033259344
836800 325 -6360936.210818129
836900 325 -6372527.82958352
837000 325 -6304289.306461313
837100 325 -6230720.844334533
837200 325 -6387707.001524908
837300 325 -6365609.141229082
837400 325 -6229643.38691984
837500 325 -6408303.093249669
837600 325 -6414026.008680228
837700 325 -6270628.354704598
837800 325 -6275064.53725832
837900 325 -6369225.121947647
838000 325 -6307063.106574636
838100 325 -6392317.014794589
838200 325 -6427715.673290728
838300 325 -6331162.920355523
838400 325 -6350062.733806947
838500 325 -6281343.178022346
838600 325 -6379169.307279162
838700 325 -6319004.423263114
838800 325 -6270908.308763518
838900 325 -6404321.490542093
839000 325 -6277791.296685288
839100 325 -6338863.56385345
839200 325 -6307668.675220275
839300 325 -6347052.827784508
839400 325 -6353689.851166737
839500 325 -6312479.381150715
839600 325 -6426087.747533828
839700 325 -6416652.879780285
839800 325 -6298470.581919869
839900 325 -6338022.638042934
840000 325 -6418602.676391123
840100 325 -6306241.629948212
840200 325 -6391584.946641114
840300 325 -6291247.287244765
840400 325 -6293110.996741622
840500 325 -6331463.714499962
840600 325 -6342102.920393583
840700 325 -6380075.417403198
840800 325 -6336372.474442402
840900 325 -6313469.38728933
841000 325 -6288174.091712985
841100 325 -6352039.255128342
841200 325 -6351958.397601263
841300 325 -6338754.836549431
841400 325 -6379988.186890554
841500 325 -6301406.822795795
841600 325 -6312372.164346221
841700 325 -6358041.127194172
841800 325 -6427189.037185587
841900 325 -6275017.531137757
842000 325 -6372992.972579629
842100 325 -6364702.703521477
842200 325 -6403330.43449776
842300 325 -6360660.674621498
842400 325 -6332899.414024265
842500 325 -6378569.860833049
842600 325 -6322726.27824972
842700 325 -6291053.253606349
842800 325 -6344820.787936881
842900 325 -6237104.976024549
843000 325 -6390365.825858026
843100 325 -6317371.461291213
843200 325 -6295578.909796484
843300 325 -6334598.235944038
843400 325 -6416849.787558686
843500 325 -6300425.38227031
843600 325 -6320174.862154216
843700 325 -6314800.257566871
843800 325 -6384868.693328424
843900 325 -6357621.165274391
844000 325 -6352172.267162672
844100 325 -6322369.20748247
844200 325 -6380560.423473142
844300 325 -6334403.156447299
844400 325 -6428500.116383877
844500 325 -6339349.173390846
844600 325 -6285560.238628859
844700 325 -6282780.188824033
844800 325 -6283156.632032542
844900 325 -6320324.031956609
845000 325 -6372916.804280443
845100 325 -6337831.955661
845200 325 -6268681.45410447
845300 325 -6411004.579864261
845400 325 -6386724.047874834
845500 325 -6343164.069809169
845600 325 -6341687.860280763
845700 325 -6428254.189647788
845800 325 -6411335.287827609
845900 325 -6350379.666436897
846000 325 -6248074.179521329
846100 325 -6329125.966161363
846200 325 -6295928.694813021
846300 325 -6235117.698337318
846400 325 -6348227.679347666
846500 325 -6368357.615703538
846600 325 -6279844.631367399
846700 325 -6317235.859468732
846800 325 -6284740.598083898
846900 325 -6422140.07007492
847000 325 -6255201.633464731
847100 325 -6295626.723212618
847200 325 -6376875.984764416
847300 325 -6325430.708646404
847400 325 -6411060.128290354
847500 325 -6436855.822797892
847600 325 -6276183.41470989
847700 325 -6343152.07097337
847800 325 -6343656.516015884
847900 325 -6304942.166171616
848000 325 -6370500.529623415
848100 325 -6360418.965201337
848200 325 -6379911.955204285
848300 325 -6325324.627526492
848400 325 -6321457.457647297
848500 325 -6352930.380488265
848600 325 -6316044.322104245
848700 325 -6300562.068136947
848800 325 -6333192.81932897
848900 325 -6320713.872216426
849000 325 -6418076.948606934
849100 325 -6319369.989137927
849200 325 -6301456.162349351
849300 325 -6382177.16948721
849400 325 -6436107.421950508
849500 325 -6381735.529375717
849600 325 -6354309.555635429
849700 325 -6337429.222969118
849800 325 -6323615.017620021
849900 325 -6370859.670792919
850000 325 -6405240.445623217
850100 325 -6415513.430684883
850200 325 -6337429.999490468
850300 325 -6388350.232042409
850400 325 -6398238.672114889
850500 325 -6348893.447911165
850600 325 -6376927.215183487
850700 325 -6363915.884017972
850800 325 -6380610.092629848
850900 325 -6357808.533477957
851000 325 -6299966.985673416
851100 325 -6344130.050632261
851200 325 -6357745.804226592
851300 325 -6394046.775544017
851400 325 -6287251.117832547
851500 325 -6352995.069306656
851600 325 -6369929.733036852
851700 325 -6279486.818533767
851800 325 -6313442.851357694
851900 325 -6388194.124870619
852000 325 -6330832.264071204
852100 325 -6368626.68656068
852200 325 -6327146.390034394
852300 325 -6321621.207174765
852400 325 -6318776.215268858
852500 325 -6230861.542020369
852600 325 -6397733.479035591
852700 325 -6339380.38124199
852800 325 -6369581.747815037
852900 325 -6307610.492021683
853000 325 -6272310.291550786
853100 325 -6338430.045954121
853200 325 -6344100.470916654
853300 325 -6357759.052999763
853400 325 -6338153.036563653
853500 325 -6472221.449570398
853600 325 -6293439.221788968
853700 325 -6311311.708561806
853800 325 -6322280.280182183
853900 325 -6330044.618932636
854000 325 -6396763.585898645
854100 325 -6334583.279823748
854200 325 -6377308.577065944
854300 325 -6357600.924880664
854400 325 -6317017.263318172
854500 325 -6381637.687723728
854600 325 -6301434.309964517
854700 325 -6366921.738417486
854800 325 -6270453.411408297
854900 325 -6277379.68625972
855000 325 -6340483.213553699
855100 325 -6342910.495038601
855200 325 -6358635.521561472
855300 325 -6417741.35500887
855400 325 -6404763.079267219
855500 325 -6344254.440989133
855600 325 -6359956.79411879
855700 325 -6358787.447203852
855800 325 -6292144.95269728
855900 325 -6351156.90849545
856000 325 -6322974.344212114
856100 325 -6404010.57898723
856200 325 -6385224.828182111
856300 325 -6288457.154819668
856400 325 -6356828.254817992
856500 325 -6397694.612224348
856600 325 -6288384.988941725
856700 325 -6301805.713945497
856800 325 -6393379.269316215
856900 325 -6359322.010324623
857000 325 -6394536.071064869
857100 325 -6344013.901566086
857200 325 -6281250.956176396
857300 325 -6333032.512004845
857400 325 -6378456.766779646
857500 325 -6268346.102417653
857600 325 -6254015.977393063
857700 325 -6389658.33257911
857800 325 -6392795.842578404
857900 325 -6328401.397604855
858000 325 -6378363.017934512
858100 325 -6295249.28370038
858200 325 -6353506.064280725
858300 325 -6349203.219248014
858400 325 -6421177.878446529
858500 325 -6305216.468854231
858600 325 -6319304.181994861
858700 325 -6325260.81392468
858800 325 -6358571.819694008
858900 325 -6285292.375969483
859000 325 -6343027.573699323
859100 325 -6309870.232435534
859200 325 -6294920.975440023
859300 325 -6370698.641393776
859400 325 -6352945.121522037
859500 325 -6403638.262196517
859600 325 -6327606.506500735
859700 325 -6315290.494490992
859800 325 -6295802.289605534
859900 325 -6303313.867203671
860000 325 -6371365.795416478
860100 325 -6307839.841612095
860200 325 -6323292.907319246
860300 325 -6328240.562857354
860400 325 -6308436.495906228
860500 325 -6330654.219428441
860600 325 -6334721.546180458
860700 325 -6373726.607358362
860800 325 -6465707.397724679
860900 325 -6380061.884663213
861000 325 -6343625.423593245
861100 325 -6405292.822116862
861200 325 -6429023.857877182
861300 325 -6339976.088815711
861400 325 -6366806.459302462
861500 325 -6356593.046012914
861600 325 -6367144.921231834
861700 325 -6313137.83575494
861800 325 -6431694.883301098
861900 325 -6419783.799631472
862000 325 -6350338.641519608
862100 325 -6278385.623803992
862200 325 -6386207.845059475
862300 325 -6356307.486891665
862400 325 -6306201.897069186
862500 325 -6286448.991928161
862600 325 -6340209.380525034
862700 325 -6342131.97733127
862800 325 -6434629.843454892
862900 325 -6313319.127541066
863000 325 -6249347.025716983
863100 325 -6245226.250589647
863200 325 -6281643.184092855
863300 325 -6347615.65836837
863400 325 -6408646.564839523
863500 325 -6278279.720183353
863600 325 -6276947.735227629
863700 325 -6338933.529677856
863800 325 -6301777.160237128
863900 325 -6399175.650074588
864000 325 -6335079.374386312
864100 325 -6402437.18341919
864200 325 -6338482.121296283
864300 325 -6393245.743837719
864400 325 -6421646.940010025
864500 325 -6320206.756303756
864600 325 -6347857.876925473
864700 325 -6371560.21859818
864800 325 -6340570.702211536
864900 325 -6341778.183982223
865000 325 -6304638.080368703
865100 325 -6389725.012296266
865200 325 -6364116.227380531
865300 325 -6369321.328645643
865400 325 -6297047.275538325
865500 325 -6348232.233788034
865600 325 -6393342.479064234
865700 325 -6310742.07725759
865800 325 -6303667.016328882
865900 325 -6297085.386358674
866000 325 -6301279.908118485
866100 325 -6332885.919135741
866200 325 -6326152.91131594
866300 325 -6346543.468763307
866400 325 -6362499.198524289
866500 325 -6315829.795573473
866600 325 -6360262.424227406
866700 325 -6322574.337000709
866800 325 -6268572.855000183
866900 325 -6363119.83649659
867000 325 -6273643.874287521
867100 325 -6404290.245598397
867200 325 -6379956.882534895
867300 325 -6322683.794915784
867400 325 -6343260.554342238
867500 325 -6305382.046645029
867600 325 -6348375.555182358
867700 325 -6305343.803172738
867800 325 -6288355.498991653
867900 325 -6301581.641224246
868000 325 -6362072.853493869
868100 325 -6347198.176664051
868200 325 -6333880.885848621
868300 325 -6363955.720809756
868400 325 -6390580.34984334
868500 325 -6326631.651775597
868600 325 -6281346.630007599
868700 325 -6400387.059422584
868800 325 -6389175.640990575
868900 325 -6272875.456901487
869000 325 -6249729.159344257
869100 325 -6397245.242698636
869200 325 -6337705.044570324
869300 325 -6254282.780951629
869400 325 -6386901.669623856
869500 325 -6376607.787389219
869600 325 -6361345.212105398
869700 325 -6380139.800456122
869800 325 -6348933.759698967
869900 325 -6381791.268454355
870000 325 -6431123.704089174
870100 325 -6300708.895421019
870200 325 -6389320.90391341
870300 325 -6429123.313454528
870400 325 -6363933.600568872
870500 325 -6377489.96800706
870600 325 -6366825.503234126
870700 325 -6362267.776522872
870800 325 -6292451.230917559
870900 325 -6294469.579976635
871000 325 -6296600.359269566
871100 325 -6331538.027780381
871200 325 -6321560.941289566
871300 325 -6358977.681321643
871400 325 -6389839.554273939
871500 325 -6307784.737206536
871600 325 -6391241.146773865
871700 325 -6355427.539874937
871800 325 -6367807.411272587
871900 325 -6350660.76665521
872000 325 -6325131.815581679
872100 325 -6350711.225301608
872200 325 -6295552.560908372
872300 325 -6310268.595995411
872400 325 -6290937.003152914
872500 325 -6392670.974036017
872600 325 -6377116.24678396
872700 325 -6307574.083900354
872800 325 -6290976.862199577
872900 325 -6355281.719346771
873000 325 -6297897.374800494
873100 325 -6358277.529393939
873200 325 -6359760.637066503
873300 325 -6348236.367074214
873400 325 -6414021.107787762
873500 325 -6252194.3733807
873600 325 -6327856.889228093
873700 325 -6256943.330694314
873800 325 -6322462.896564147
873900 325 -6308911.046249362
874000 325 -6287821.614022856
874100 325 -6329571.706966553
874200 325 -6311008.804522024
874300 325 -6382000.33397256
874400 325 -6204714.754562035
874500 325 -6290158.446408705
874600 325 -6307100.251788577
874700 325 -6353436.607030904
874800 325 -6458553.623749109
874900 325 -6295562.066730199
875000 325 -6333461.371111862
875100 325 -6434622.124967041
875200 325 -6268425.638105745
875300 325 -6317938.77130328
875400 325 -6307274.8447312
875500 325 -6297616.411402287
875600 325 -6286547.430768646
875700 325 -6334564.438176177
875800 325 -6336062.227829857
875900 325 -6440009.225859987
876000 325 -6334439.732038971
876100 325 -6302550.31879006
876200 325 -6361629.028580277
876300 325 -6372114.450323347
876400 325 -6349550.429673556
876500 325 -6349410.956985388
876600 325 -6352033.575373843
876700 325 -6364815.907948213
876800 325 -6357056.548788887
876900 325 -6290561.138864559
877000 325 -6332697.178644001
877100 325 -6381814.439482586
877200 325 -6373388.696929058
877300 325 -6349243.329160892
877400 325 -6223116.56125113
877500 325 -6303165.871529028
877600 325 -6341980.505390598
877700 325 -6315464.75179406
877800 325 -6353045.98398182
877900 325 -6297768.029266534
878000 325 -6359258.992124286
878100 325 -6276065.634878745
878200 325 -6344359.440797606
878300 325 -6329881.049828482
878400 325 -6302895.863767477
878500 325 -6380118.0152505
878600 325 -6333049.455286232
878700 325 -6382895.997245042
878800 325 -6311545.491004673
878900 325 -6290067.847513739
879000 325 -6408909.059520284
879100 325 -6319281.384833066
879200 325 -6357994.364848931
879300 325 -6255956.869749188
879400 325 -6363065.976925729
879500 325 -6301253.173877781
879600 325 -6307235.809160503
879700 325 -6402923.204727565
879800 325 -6347336.724315749
879900 325 -6282452.61604213
880000 325 -6354677.615704251
880100 325 -6349481.293035279
880200 325 -6389800.329772518
880300 325 -6297009.35719296
880400 325 -6295937.397110049
880500 325 -6312817.69456832
880600 325 -6343608.893030735
880700 325 -6381783.442293256
880800 325 -6362543.06511284
880900 325 -6345113.67775043
881000 325 -6275996.970873409
881100 325 -6337743.072146555
881200 325 -6305995.825431833
881300 325 -6318785.033388436
881400 325 -6436263.720719544
881500 325 -6250133.178528426
881600 325 -6398207.023555428
881700 325 -6347904.166918203
881800 325 -6271155.279532353
881900 325 -6316195.600008653
882000 325 -6330667.401730506
882100 325 -6285051.524837064
882200 325 -6341098.890460832
882300 325 -6359498.160167125
882400 325 -6311372.026490214
882500 325 -6346307.2353792
882600 325 -6299424.119947962
882700 325 -6323640.842373005
882800 325 -6292390.100154545
882900 325 -6218703.721790864
883000 325 -6344431.401476244
883100 325 -6265214.90952036
883200 325 -6345674.578641908
883300 325 -6339619.445864663
883400 325 -6379202.976451339
883500 325 -6289226.066441262
883600 325 -6395047.178175236
883700 325 -6369204.555084095
883800 325 -6356967.022590863
883900 325 -6353464.858152622
884000 325 -6357339.303664133
884100 325 -6344019.777430909
884200 325 -6388067.386790097
884300 325 -6375238.871482309
884400 325 -6352254.752192914
884500 325 -6289105.748292079
884600 325 -6339734.605593007
884700 325 -6242098.819488509
884800 325 -6372702.298779683
884900 325 -6272189.852863693
885000 325 -6324549.739148177
885100 325 -6354898.419442965
885200 325 -6366957.219979471
885300 325 -6357328.075164976
885400 325 -6346170.379969529
885500 325 -6356536.049026683
885600 325 -6411279.820164064
885700 325 -6398354.923241485
885800 325 -6302393.071617637
885900 325 -6313668.169135553
886000 325 -6335352.050117777
886100 325 -6396443.469849797
886200 325 -6320581.526108524
886300 325 -6327612.350274837
886400 325 -6232376.397194987
886500 325 -6396844.095380174
886600 325 -6299531.590236254
886700 325 -6287520.475096604
886800 325 -6377932.213454257
886900 325 -6408947.541979373
887000 325 -6360756.059180828
887100 325 -6359041.303151049
887200 325 -6284388.925449925
887300 325 -6310072.82936969
887400 325 -6405243.002006773
887500 325 -6261740.836730435
887600 325 -6389284.397914408
887700 325 -6343178.27880688
887800 325 -6285233.814434314
887900 325 -6354589.853674473
888000 325 -6290510.741960846
888100 325 -6289620.217933377
888200 325 -6328926.785603222
888300 325 -6299932.141715787
888400 325 -6329632.228975631
888500 325 -6300179.508117223
888600 325 -6399129.4986377
888700 325 -6328804.832115645
888800 325 -6297655.954547049
888900 325 -6342456.049610231
889000 325 -6384888.83972905
889100 325 -6362226.866031926
889200 325 -6305112.248762748
889300 325 -6336495.279861662
889400 325 -6366710.98877308
889500 325 -6405342.750990066
889600 325 -6299697.547009952
889700 325 -6372503.727346863
889800 325 -6312929.813080791
889900 325 -6395203.648768548
890000 325 -6323846.922823725
890100 325 -6283959.50342587
890200 325 -6275869.117017926
890300 325 -6293814.164386619
890400 325 -6314499.779844113
890500 325 -6252745.494012831
890600 325 -6325115.534832427
890700 325 -6323520.813469479
890800 325 -6331605.630348882
890900 325 -6340095.981990148
891000 325 -6270484.938137405
891100 325 -6253988.392716398
891200 325 -6252921.327125283
891300 325 -6186446.063880799
891400 325 -6264915.411293445
891500 325 -6318736.03136736
891600 325 -6391529.661785056
891700 325 -6325203.846895592
891800 325 -6320125.400198329
891900 325 -6334976.890713921
892000 325 -6336057.729990673
892100 325 -6457755.008861048
892200 325 -6299130.892532407
892300 325 -6335641.786021977
892400 325 -6371976.800649438
892500 325 -6405107.032127744
892600 325 -6354883.939182807
892700 325 -6325168.359460323
892800 325 -6312099.249823505
892900 325 -6327441.29453058
893000 325 -6296027.263514588
893100 325 -6348559.415833077
893200 325 -6350752.26510207
893300 325 -6280844.962967388
893400 325 -6323750.353053899
893500 325 -6331677.604820304
893600 325 -6334457.752141961
893700 325 -6304007.512721498
893800 325 -6422090.198940044
893900 325 -6356207.10102765
894000 325 -6371836.557899347
894100 325 -6355939.465093417
894200 325 -6260380.599878062
894300 325 -6314678.326917393
894400 325 -6389020.001292565
894500 325 -6398659.675730972
894600 325 -6327323.844415082
894700 325 -6265718.521924979
894800 325 -6276033.185493127
894900 325 -6332226.77349239
895000 325 -6380848.278198443
895100 325 -6348273.788364345
895200 325 -6320093.878938247
895300 325 -6265213.631170239
895400 325 -6280793.850787024
895500 325 -6379574.868627079
895600 325 -6308936.219429199
895700 325 -6409162.623872584
895800 325 -6306675.859195974
895900 325 -6321996.602038689
896000 325 -6300288.661543835
896100 325 -6386925.301704378
896200 325 -6281773.167010773
896300 325 -6412811.457833057
896400 325 -6354416.826152889
896500 325 -6320903.540423333
896600 325 -6351527.114882973
896700 325 -6347367.152224015
896800 325 -6385809.127831569
896900 325 -6344240.380962227
897000 325 -6211862.970693881
897100 325 -6285308.514353458
897200 325 -6318846.685859669
897300 325 -6292801.220698426
897400 325 -6315278.922098907
897500 325 -6376601.798781714
897600 325 -6363382.242015377
897700 325 -6383771.391672533
897800 325 -6389044.594278278
897900 325 -6320739.072502813
898000 325 -6254639.326062539
898100 325 -6345195.596536121
898200 325 -6333417.822279547
898300 325 -6301268.600728977
898400 325 -6335285.953199333
898500 325 -6385521.173891667
898600 325 -6369621.495120418
898700 325 -6344919.204182453
898800 325 -6272248.580321917
898900 325 -6279195.91395713
899000 325 -6371829.251748847
899100 325 -6207668.35011889
899200 325 -6329205.541462339
899300 325 -6343822.273438654
899400 325 -6338356.362480984
899500 325 -6363119.695988549
899600 325 -6360557.564016601
899700 325 -6330819.45681157
899800 325 -6338442.475300184
899900 325 -6305425.6848187
900000 325 -6292608.113454262
900100 325 -6334611.098933222
900200 325 -6329238.539828427
900300 325 -6259324.438495515
900400 325 -6340760.451273715
900500 325 -6468976.095906436
900600 325 -6384267.70872652
900700 325 -6310524.568962125
900800 325 -6353433.351641694
900900 325 -6288796.0416544
901000 325 -6327868.885268621
901100 325 -6295188.850465802
901200 325 -6268983.152261745
901300 325 -6261835.270189484
901400 325 -6423408.629947695
901500 325 -6302167.074373707
901600 325 -6336841.136439122
901700 325 -6356164.101509254
901800 325 -6273603.171271925
901900 325 -6336098.30192394
902000 325 -6288873.129145838
902100 325 -6353535.485337136
902200 325 -6300048.990452385
902300 325 -6333632.693273017
902400 325 -6314320.177455863
902500 325 -6306170.734521654
902600 325 -6286236.289822467
902700 325 -6297250.128597489
902800 325 -6245158.32469751
902900 325 -6371487.384922714
903000 325 -6279392.409448529
903100 325 -6295031.260323564
903200 325 -6352340.90534633
903300 325 -6350450.328779519
903400 325 -6312089.233741278
903500 325 -6348501.570352702
903600 325 -6312403.76836741
903700 325 -6332825.006682965
903800 325 -6356545.724435958
903900 325 -6381198.701335257
904000 325 -6336271.709737099
904100 325 -6348675.796982842
904200 325 -6283747.251123769
904300 325 -6310216.42658991
904400 325 -6409335.940583033
904500 325 -6344722.596508643
904600 325 -6339109.22155232
904700 325 -6368665.506068612
904800 325 -6384922.18780255
904900 325 -6354605.547900813
905000 325 -6297816.011139521
905100 325 -6347008.316131166
905200 325 -6302968.013764583
905300 325 -6394609.866540479
905400 325 -6308726.129340645
905500 325 -6330056.598695308
905600 325 -6285180.78784897
905700 325 -6308505.502390007
905800 325 -6333765.777411666
905900 325 -6356556.78427394
906000 325 -6328950.398932808
906100 325 -6350838.638625494
906200 325 -6250622.215614115
906300 325 -6374151.572279776
906400 325 -6249534.852400213
906500 325 -6330196.957644443
906600 325 -6351377.751287621
906700 325 -6327069.204940235
906800 325 -6375099.380618255
906900 325 -6364796.293157388
907000 325 -6360506.706663935
907100 325 -6405395.495266408
907200 325 -6277820.264585687
907300 325 -6294762.464553546
907400 325 -6344683.524467707
907500 325 -6367786.767725014
907600 325 -6316854.786091173
907700 325 -6337630.006675704
907800 325 -6308776.676336892
907900 325 -6375338.655670412
908000 325 -6350142.488919532
908100 325 -6336739.510769987
908200 325 -6291226.150535003
908300 325 -6335785.75605596
908400 325 -6295316.109681454
908500 325 -6361737.105865293
908600 325 -6334189.744084612
908700 325 -6268398.262576144
908800 325 -6412124.971170735
908900 325 -6338758.232967597
909000 325 -6287948.171433173
909100 325 -6255638.492318315
909200 325 -6335560.60500579
909300 325 -6298455.142769104
909400 325 -6270503.968736453
909500 325 -6360951.157187898
909600 325 -6305072.728366107
909700 325 -6287858.461477969
909800 325 -6362406.569175387
909900 325 -6326816.793355836
910000 325 -6277789.638525851
910100 325 -6322692.31302893
910200 325 -6355383.951324498
910300 325 -6175290.383092754
910400 325 -6409129.83380744
910500 325 -6386397.384053468
910600 325 -6260720.001086572
910700 325 -6328152.184033004
910800 325 -6306818.719443818
910900 325 -6364559.497375282
911000 325 -6323238.926568885
911100 325 -6266249.06787507
911200 325 -6339091.706144362
911300 325 -6410228.209014272
911400 325 -6343020.39809495
911500 325 -6310844.798944207
911600 325 -6446540.722061027
911700 325 -6335022.719914932
911800 325 -6379470.991118572
911900 325 -6300279.201440487
912000 325 -6230265.413399703
912100 325 -6293378.763282314
912200 325 -6298320.592594693
912300 325 -6338907.172496984
912400 325 -6300246.196239434
912500 325 -6349101.237047615
912600 325 -6417343.212878045
912700 325 -6261912.270884274
912800 325 -6357085.230207822
912900 325 -6333477.496032055
913000 325 -6254638.79583459
913100 325 -6323415.182775824
913200 325 -6333233.56873267
913300 325 -6379002.838080116
913400 325 -6326795.236377669
913500 325 -6263836.718061449
913600 325 -6290385.125642939
913700 325 -6333304.945149962
913800 325 -6428790.583969997
913900 325 -6248729.72565227
914000 325 -6304901.880803851
914100 325 -6362662.331761356
914200 325 -6344320.827666586
914300 325 -6327323.152886072
914400 325 -6298815.470070668
914500 325 -6433199.748925572
914600 325 -6297915.726094205
914700 325 -6368988.239089462
914800 325 -6201352.919986177
914900 325 -6341175.599451011
915000 325 -6285875.814222492
915100 325 -6329752.507968631
915200 325 -6292596.662440097
915300 325 -6315992.590958907
915400 325 -6423030.439443991
915500 325 -6353174.867882084
915600 325 -6413534.201067072
915700 325 -6368365.100885727
915800 325 -6323766.32260504
915900 325 -6399707.354824526
916000 325 -6357805.555797892
916100 325 -6350820.813301641
916200 325 -6348040.222654741
916300 325 -6205696.157007158
916400 325 -6349873.74923822
916500 325 -6320055.415414622
916600 325 -6315076.652627813
916700 325 -6360763.117173992
916800 325 -6297796.860452253
916900 325 -6376092.642537032
917000 325 -6363943.692607974
917100 325 -6328097.208005614
917200 325 -6340785.991411231
917300 325 -6342513.741061558
917400 325 -6362712.774376364
917500 325 -6315250.407873153
917600 325 -6442113.991944559
917700 325 -6430083.887855368
917800 325 -6299595.4777485
917900 325 -6340576.020422878
918000 325 -6328859.391854773
918100 325 -6216647.485173342
918200 325 -6327927.435283004
918300 325 -6306702.04179921
918400 325 -6318479.460036499
918500 325 -6303058.701799149
918600 325 -6356944.695267593
918700 325 -6318525.93480545
918800 325 -6316295.962926753
918900 325 -6263608.966452262
919000 325 -6306613.512894528
919100 325 -6379487.963850955
919200 325 -6286727.035800492
919300 325 -6260639.748532373
919400 325 -6298910.611010106
919500 325 -6354594.063940644
919600 325 -6351784.816201093
919700 325 -6284682.434152683
919800 325 -6344020.713345857
919900 325 -6326917.523407564
920000 325 -6358097.885392932
920100 325 -6329613.126559702
920200 325 -6400668.177684613
920300 325 -6231600.598201398
920400 325 -6362231.050088223
920500 325 -6293943.644776749
920600 325 -6377952.817028728
920700 325 -6294437.745775899
920800 325 -6343918.958059447
920900 325 -6409334.274234553
921000 325 -6371734.177777706
921100 325 -6415741.452080417
921200 325 -6246882.341161013
921300 325 -6323944.478585232
921400 325 -6306179.631776595
921500 325 -6309466.503131391
921600 325 -6435523.637594054
921700 325 -6379831.255703488
921800 325 -6350603.795231628
921900 325 -6273978.194359291
922000 325 -6310561.838397063
922100 325 -6367457.050781095
922200 325 -6360559.62484779
922300 325 -6331315.443130434
922400 325 -6345334.861113336
922500 325 -6394171.514015613
922600 325 -6280142.456454686
922700 325 -6366811.170647783
922800 325 -6283523.857147219
922900 325 -6311399.927969713
923000 325 -6339647.278653517
923100 325 -6347589.652788552
923200 325 -6343674.620314926
923300 325 -6345474.045803162
923400 325 -6327320.62774959
923500 325 -6312509.70804381
923600 325 -6361807.818246895
923700 325 -6321485.892415399
923800 325 -6385679.878038364
923900 325 -6287329.454883939
924000 325 -6267369.923134575
924100 325 -6328698.25223355
924200 325 -6353136.134220999
924300 325 -6305698.430221818
924400 325 -6334930.522188749
924500 325 -6352031.708497596
924600 325 -6252394.847209597
924700 325 -6407355.244200521
924800 325 -6375166.949630585
924900 325 -6318350.663124414
925000 325 -6272820.3213883
925100 325 -6307965.16325232
925200 325 -6371187.234022487
925300 325 -6403129.319870891
925400 325 -6354958.163295294
925500 325 -6319326.611218426
925600 325 -6326318.99222873
925700 325 -6323633.007630478
925800 325 -6254637.771707315
925900 325 -6314658.985793767
926000 325 -6340371.338484442
926100 325 -6395879.49694098
926200 325 -6344854.340421451
926300 325 -6242260.095963253
926400 325 -6377072.395759039
926500 325 -6329269.250838141
926600 325 -6292230.100259519
926700 325 -6362281.527753741
926800 325 -6304850.666055879
926900 325 -6405626.090394039
927000 325 -6455724.523648342
927100 325 -6343637.64068342
927200 325 -6355260.59929243
927300 325 -6307862.491620762
927400 325 -6344414.814604826
927500 325 -6364307.975164702
927600 325 -6297067.646811195
927700 325 -6282582.212955019
927800 325 -6405570.728794925
927900 325 -6318622.671637117
928000 325 -6404869.469990343
928100 325 -6324042.326401904
928200 325 -6318866.805190348
928300 325 -6348106.50462883
928400 325 -6292641.951656741
928500 325 -6297239.6202113
928600 325 -6359103.288611179
928700 325 -6376767.421450361
928800 325 -6378273.270798031
928900 325 -6400602.028758284
929000 325 -6387939.853073733
929100 325 -6287381.085697811
929200 325 -6341530.945709771
929300 325 -6222047.929923853
929400 325 -6343332.680717336
929500 325 -6338355.945974068
929600 325 -6332898.9361258
929700 325 -6335803.368025489
929800 325 -6301978.418332799
929900 325 -6398580.11378556
930000 325 -6313227.850104913
930100 325 -6402720.625908582
930200 325 -6266874.317422159
930300 325 -6327129.673786131
930400 325 -6325238.274990664
930500 325 -6375018.270757558
930600 325 -6284082.526162903
930700 325 -6314634.050235803
930800 325 -6365209.118678471
930900 325 -6305061.552079669
931000 325 -6376131.795003513
931100 325 -6276225.469836289
931200 325 -6299000.197475551
931300 325 -6337444.19233661
931400 325 -6324610.028612724
931500 325 -6379906.028935311
931600 325 -6271180.627786545
931700 325 -6390430.226814937
931800 325 -6385602.983265597
931900 325 -6319999.452580146
932000 325 -6352262.774720133
932100 325 -6293159.070243469
932200 325 -6372708.821394652
932300 325 -6276174.356984028
932400 325 -6271804.161100851
932500 325 -6269388.569659295
932600 325 -6361676.206675073
932700 325 -6416672.052734175
932800 325 -6328954.613864033
932900 325 -6384384.137984812
933000 325 -6290588.760847555
933100 325 -6315629.946962915
933200 325 -6349062.347005019
933300 325 -6407915.718803206
933400 325 -6388118.376310444
933500 325 -6335288.179784612
933600 325 -6359642.641258607
933700 325 -6423868.685879292
933800 325 -6342085.151664339
933900 325 -6341722.517552025
934000 325 -6257252.035306085
934100 325 -6253362.087345581
934200 325 -6330974.076973699
934300 325 -6373772.178914819
934400 325 -6435038.401000384
934500 325 -6376762.454415643
934600 325 -6370984.288223758
934700 325 -6245635.651107208
934800 325 -6287193.50131499
934900 325 -6219282.860433871
935000 325 -6323063.440517553
935100 325 -6331367.94245836
935200 325 -6303433.818228386
935300 325 -6392465.503956549
935400 325 -6362451.48931765
935500 325 -6353709.37502535
935600 325 -6417719.087777638
935700 325 -6302478.517583387
935800 325 -6380545.686136611
935900 325 -6305260.333807741
936000 325 -6328908.606341291
936100 325 -6349243.483394109
936200 325 -6399552.425407067
936300 325 -6358888.225111421
936400 325 -6267550.020488102
936500 325 -6324261.88969296
936600 325 -6420473.546726743
936700 325 -6334516.436819144
936800 325 -6353105.510679934
936900 325 -6382625.790645685
937000 325 -6351383.069396216
937100 325 -6343847.384595258
937200 325 -6351017.22858898
937300 325 -6354261.93443625
937400 325 -6342103.411611589
937500 325 -6333180.127413116
937600 325 -6234491.61068513
937700 325 -6411782.209348077
937800 325 -6326157.914120244
937900 325 -6288129.493852192
938000 325 -6322018.026107798
938100 325 -6376468.31281478
938200 325 -6327419.962292006
938300 325 -6371933.18628814
938400 325 -6296658.384658607
938500 325 -6318903.436386798
938600 325 -6333585.733657185
938700 325 -6301306.896825441
938800 325 -6283561.696066655
938900 325 -6375339.863828158
939000 325 -6275801.487173971
939100 325 -6421015.122672562
939200 325 -6298454.664545348
939300 325 -6285921.810481222
939400 325 -6366391.992320435
939500 325 -6307319.879215053
939600 325 -6285938.05070015
939700 325 -6247356.354419468
939800 325 -6217241.137843136
939900 325 -6327095.217028451
940000 325 -6363645.764837352
940100 325 -6305627.633641478
940200 325 -6315097.251889735
940300 325 -6311267.106022289
940400 325 -6433789.206068745
940500 325 -6273132.474645974
940600 325 -6310667.690003296
940700 325 -6382878.037957156
940800 325 -6317162.867558027
940900 325 -6322712.678288282
941000 325 -6340975.784916548
941100 325 -6279341.356924893
941200 325 -6388729.143520341
941300 325 -6310824.163867204
941400 325 -6320793.16769368
941500 325 -6328295.146644695
941600 325 -6343844.531738583
941700 325 -6286541.223980108
941800 325 -6282088.334121026
941900 325 -6304842.111866486
942000 325 -6371032.776285319
942100 325 -6358100.054148457
942200 325 -6356299.078024346
942300 325 -6416577.408297998
942400 325 -6330008.070663393
942500 325 -6308121.969681524
942600 325 -6344861.723120207
942700 325 -6328574.684166266
942800 325 -6439563.211804077
942900 325 -6350633.459886204
943000 325 -6339801.469071157
943100 325 -6286598.983802696
943200 325 -6377371.54313375
943300 325 -6328276.833566771
943400 325 -6310741.528329107
943500 325 -6282584.28434856
943600 325 -6314287.89260973
943700 325 -6367220.252376957
943800 325 -6405073.229317892
943900 325 -6397010.950267
944000 325 -6343400.808900742
944100 325 -6304220.155588309
944200 325 -6281079.348945996
944300 325 -6361231.462752257
944400 325 -6305454.128761878
944500 325 -6382397.546389489
944600 325 -6343580.370167316
944700 325 -6311177.083255282
944800 325 -6341661.662173443
944900 325 -6328377.158438651
945000 325 -6303486.830094479
945100 325 -6351574.810149304
945200 325 -6402410.6732936
945300 325 -6277662.821722964
945400 325 -6351715.07335444
945500 325 -6312361.809932919
945600 325 -6242435.724368814
945700 325 -6281748.750147963
945800 325 -6374234.048091088
945900 325 -6361351.777410957
946000 325 -6393884.344292562
946100 325 -6388343.850376583
946200 325 -6329899.442403188
946300 325 -6264126.755727889
946400 325 -6405252.289796516
946500 325 -6273040.98404786
946600 325 -6319350.114206826
946700 325 -6289272.661921522
946800 325 -6318375.856839543
946900 325 -6335658.348201146
947000 325 -6316205.304773573
947100 325 -6325253.95136086
947200 325 -6344151.587620086
947300 325 -6328181.463919392
947400 325 -6379018.917377168
947500 325 -6351301.993273556
947600 325 -6296064.545537426
947700 325 -6353958.613213153
947800 325 -6341349.746132206
947900 325 -6335463.734455177
948000 325 -6402941.747252381
948100 325 -6355519.99111978
948200 325 -6290228.935092734
948300 325 -6344646.20209841
948400 325 -6427634.20143174
948500 325 -6348384.611262886
948600 325 -6364555.949737066
948700 325 -6413281.802148039
948800 325 -6326829.141698172
948900 325 -6337254.060832923
949000 325 -6295135.943644979
949100 325 -6296490.199046654
949200 325 -6340462.028183859
949300 325 -6425002.832566809
949400 325 -6367607.623729481
949500 325 -6368752.573912741
949600 325 -6306105.16432615
949700 325 -6327909.751393924
949800 325 -6304406.310791969
949900 325 -6307152.888327323
950000 325 -6208069.374250881
950100 325 -6377943.003538094
950200 325 -6378654.28712942
950300 325 -6333879.146111885
950400 325 -6362346.674257873
950500 325 -6321359.96051903
950600 325 -6319367.318995049
950700 325 -6329807.872569622
950800 325 -6299113.548783584
950900 325 -6254253.672898518
951000 325 -6273410.158029763
951100 325 -6289238.771579915
951200 325 -6319094.37873584
951300 325 -6355393.006675489
951400 325 -6384451.540369051
951500 325 -6371959.558954781
951600 325 -6356308.340833435
951700 325 -6388898.924957196
951800 325 -6319611.22284121
951900 325 -6288040.89802685
952000 325 -6325838.561300099
952100 325 -6305464.296104949
952200 325 -6382816.270504497
952300 325 -6302474.590377679
952400 325 -6327772.200185336
952500 325 -6299846.815816358
952600 325 -6313652.855623892
952700 325 -6319947.334968872
952800 325 -6307526.001035515
952900 325 -6351294.027930043
953000 325 -6376915.642995719
953100 325 -6283144.792488893
953200 325 -6338789.189249925
953300 325 -6380554.113639049
953400 325 -6381422.926528436
953500 325 -6339140.559167039
953600 325 -6434085.830366101
953700 325 -6368810.462867617
953800 325 -6378309.292560527
953900 325 -6354196.216534359
954000 325 -6321174.283877213
954100 325 -6384581.667331881
954200 325 -6391779.616028329
954300 325 -6378754.074717168
954400 325 -6404153.990516101
954500 325 -6276924.597109211
954600 325 -6323604.829941818
954700 325 -6293314.297509236
954800 325 -6383137.788638904
954900 325 -6339344.548363006
955000 325 -6341111.360056241
955100 325 -6291009.262648355
955200 325 -6316645.450983352
955300 325 -6262359.960865038
955400 325 -6301198.351818836
955500 325 -6356488.939513316
955600 325 -6358962.006989649
955700 325 -6270897.88706414
955800 325 -6321915.655377472
955900 325 -6345127.522107989
956000 325 -6370676.444023035
956100 325 -6373502.425868206
956200 325 -6353153.919799376
956300 325 -6401740.859325449
956400 325 -6299161.681291157
956500 325 -6367869.377539906
956600 325 -6312158.591492694
956700 325 -6353975.671961645
956800 325 -6362072.647578079
956900 325 -6319487.601522733
957000 325 -6308320.81532641
957100 325 -6272896.236830274
957200 325 -6356473.076672627
957300 325 -6330064.637984048
957400 325 -6373382.37290408
957500 325 -6388100.351574281
957600 325 -6270218.611952053
957700 325 -6447137.330901039
957800 325 -6412374.150861746
957900 325 -6309233.603271093
958000 325 -6383650.469640546
958100 325 -6334345.764086518
958200 325 -6362229.6365717
958300 325 -6361686.57361754
958400 325 -6303942.509797765
958500 325 -6375846.460703389
958600 325 -6243274.167418334
958700 325 -6342664.40323142
958800 325 -6267709.6754426
958900 325 -6342840.294472193
959000 325 -6313941.573824075
959100 325 -6286778.966190631
959200 325 -6359386.97874191
959300 325 -6285214.396139534
959400 325 -6392799.168911723
959500 325 -6323115.722222515
959600 325 -6383496.740048543
959700 325 -6358510.160541389
959800 325 -6258783.523349241
959900 325 -6375739.7989346
960000 325 -6268122.281720147
960100 325 -6412741.957546949
960200 325 -6269906.458661436
960300 325 -6317867.162602684
960400 325 -6313333.538471766
960500 325 -6328311.918573923
960600 325 -6331564.848446145
960700 325 -6304142.148866575
960800 325 -6369244.436160194
960900 325 -6323240.523932932
961000 325 -6331719.826103922
961100 325 -6283374.533723531
961200 325 -6309902.963963902
961300 325 -6367216.73726619
961400 325 -6316831.934282166
961500 325 -6333361.652932161
961600 325 -6336445.52721656
961700 325 -6380126.8757718
961800 325 -6344718.225297766
961900 325 -6340859.118542996
962000 325 -6327607.096666787
962100 325 -6342673.055125243
962200 325 -6359383.316402147
962300 325 -6306408.436562262
962400 325 -6296758.414195122
962500 325 -6316789.079927107
962600 325 -6306131.239579454
962700 325 -6381680.164861289
962800 325 -6341374.404843035
962900 325 -6351123.456250461
963000 325 -6334282.050989348
963100 325 -6376861.726206241
963200 325 -6383886.211016671
963300 325 -6304937.735537066
963400 325 -6326659.630936781
963500 325 -6351732.985380525
963600 325 -6290251.242897276
963700 325 -6342003.416275413
963800 325 -6313182.113714616
963900 325 -6428790.303612309
964000 325 -6353626.175819091
964100 325 -6404506.374721289
964200 325 -6386515.479926329
964300 325 -6359860.535423639
964400 325 -6311186.45697717
964500 325 -6330007.117347367
964600 325 -6341559.738432362
964700 325 -6419125.778874551
964800 325 -6238666.056947481
964900 325 -6400397.513567605
965000 325 -6303786.350406703
965100 325 -6398196.27492936
965200 325 -6394553.319938635
965300 325 -6294774.972947899
965400 325 -6321055.078504964
965500 325 -6296330.540498395
965600 325 -6264575.076906671
965700 325 -6332339.969045967
965800 325 -6338136.142891955
965900 325 -6279852.556433393
966000 325 -6326689.404472263
966100 325 -6296158.456849678
966200 325 -6352214.072094075
966300 325 -6340809.824022082
966400 325 -6376590.624613339
966500 325 -6353404.298057411
966600 325 -6306854.7683773
966700 325 -6302621.065818721
966800 325 -6373886.179336592
966900 325 -6235467.845470993
967000 325 -6317776.146909418
967100 325 -6357809.301525293
967200 325 -6221489.975120076
967300 325 -6378865.153693852
967400 325 -6283681.551086504
967500 325 -6312389.977907618
967600 325 -6366086.203500316
967700 325 -6314163.350003405
967800 325 -6276671.773274902
967900 325 -6400693.006974943
968000 325 -6296844.689058233
968100 325 -6400205.948164768
968200 325 -6296108.199869255
968300 325 -6303263.676723486
968400 325 -6292170.781252153
968500 325 -6302044.779786542
968600 325 -6400623.206270838
968700 325 -6361141.941262107
968800 325 -6353424.443212323
968900 325 -6357037.49875543
969000 325 -6327863.646071266
969100 325 -6251440.084320084
969200 325 -6336832.035465878
969300 325 -6405235.308146602
969400 325 -6341043.862365728
969500 325 -6377187.954890503
969600 325 -6253957.289857938
969700 325 -6325667.257565947
969800 325 -6359378.955404074
969900 325 -6274243.282762086
970000 325 -6334235.280908342
970100 325 -6370734.965561477
970200 325 -6231069.582092121
970300 325 -6231720.731063308
970400 325 -6407076.500349673
970500 325 -6344145.622978176
970600 325 -6313676.867851228
970700 325 -6271549.796612985
970800 325 -6297166.793605691
970900 325 -6385037.725486842
971000 325 -6313880.308464989
971100 325 -6305940.337091329
971200 325 -6257776.82737248
971300 325 -6265084.227533786
971400 325 -6337201.498392129
971500 325 -6328727.368163681
971600 325 -6419787.792733792
971700 325 -6321741.43822228
971800 325 -6301493.648693319
971900 325 -6287223.160115974
972000 325 -6443867.628232981
972100 325 -6336136.257903873
972200 325 -6344616.750441078
972300 325 -6318889.991604606
972400 325 -6362333.327218224
972500 325 -6367425.207433149
972600 325 -6300871.523993717
972700 325 -6329200.375315963
972800 325 -6287013.903749071
972900 325 -6300225.753209191
973000 325 -6392349.640897309
973100 325 -6332335.892012766
973200 325 -6253770.864993153
973300 325 -6347197.875496275
973400 325 -6320361.32937533
973500 325 -6439967.501216736
973600 325 -6339438.650386363
973700 325 -6295090.037724594
973800 325 -6394594.746772524
973900 325 -6379703.621934981
974000 325 -6335575.682101022
974100 325 -6297898.082376333
974200 325 -6317453.740644615
974300 325 -6305679.890856072
974400 325 -6281476.049801013
974500 325 -6378242.945572664
974600 325 -6257366.922087152
974700 325 -6277090.867883053
974800 325 -6222566.817820365
974900 325 -6359736.654369477
975000 325 -6370792.120075323
975100 325 -6327220.614222153
975200 325 -6269470.902617915
975300 325 -6336505.55278978
975400 325 -6325145.926895513
975500 325 -6370062.761348541
975600 325 -6347887.524780799
975700 325 -6350998.589812659
975800 325 -6287184.702690168
975900 325 -6331758.390114966
976000 325 -6252057.141482416
976100 325 -6370958.447270041
976200 325 -6297596.807223201
976300 325 -6332803.089582276
976400 325 -6324854.904352602
976500 325 -6261196.700755087
976600 325 -6324020.081256163
976700 325 -6354728.966046914
976800 325 -6389542.156348579
976900 325 -6463600.092403047
977000 325 -6281855.204574032
977100 325 -6394697.245382197
977200 325 -6351404.453711974
977300 325 -6343862.667463982
977400 325 -6374740.467266802
977500 325 -6382168.638663616
977600 325 -6308198.402683342
977700 325 -6337871.836516788
977800 325 -6313633.487417808
977900 325 -6367213.567355841
978000 325 -6378295.44624895
978100 325 -6367834.022188161
978200 325 -6274023.490752644
978300 325 -6361382.190083927
978400 325 -6363294.217428581
978500 325 -6399879.717302524
978600 325 -6394121.081453351
978700 325 -6371481.222853743
978800 325 -6315822.974597843
978900 325 -6242804.976390383
979000 325 -6375306.914227307
979100 325 -6339910.151468748
979200 325 -6343518.991859153
979300 325 -6340684.420990928
979400 325 -6326819.769199258
979500 325 -6349950.409336722
979600 325 -6343396.332442817
979700 325 -6314639.827831279
979800 325 -6372856.10191939
979900 325 -6356933.206536626
980000 325 -6322926.799053958
980100 325 -6237975.251921802
980200 325 -6300487.353965564
980300 325 -6334997.53862022
980400 325 -6351227.549078372
980500 325 -6396191.695758841
980600 325 -6327416.522665695
980700 325 -6283579.628086118
980800 325 -6270217.62972164
980900 325 -6355842.034771845
981000 325 -6373092.142908371
981100 325 -6327399.177873791
981200 325 -6373059.92428186
981300 325 -6317140.593978626
981400 325 -6322015.109843405
981500 325 -6343384.762703863
981600 325 -6358869.255121944
981700 325 -6297643.9924371
981800 325 -6350439.059481025
981900 325 -6315771.187475016
982000 325 -6294834.084803989
982100 325 -6255350.698622051
982200 325 -6291732.720327017
982300 325 -6350715.85026798
982400 325 -6295835.263735707
982500 325 -6378698.643116279
982600 325 -6274798.222958816
982700 325 -6411136.733753307
982800 325 -6391205.99164558
982900 325 -6394116.443553239
983000 325 -6332053.121187265
983100 325 -6314658.992877802
983200 325 -6338778.462652525
983300 325 -6386479.502178252
983400 325 -6323323.774890185
983500 325 -6441357.673075598
983600 325 -6389386.144483781
983700 325 -6312563.068240177
983800 325 -6373131.110322285
983900 325 -6367928.918683063
984000 325 -6308845.032781055
984100 325 -6356349.868152555
984200 325 -6344519.732214702
984300 325 -6371128.513846356
984400 325 -6405749.222779354
984500 325 -6413761.50413996
984600 325 -6279020.49718072
984700 325 -6317309.174519025
984800 325 -6358148.272876427
984900 325 -6298856.546256159
985000 325 -6302071.265254198
985100 325 -6368889.14209563
985200 325 -6356510.341330711
985300 325 -6365168.525013927
985400 325 -6325526.382314703
985500 325 -6374318.015627189
985600 325 -6291946.998792586
985700 325 -6372853.407258754
985800 325 -6282087.059501205
985900 325 -6340376.378348885
986000 325 -6342686.955976712
986100 325 -6351029.820358619
986200 325 -6276932.417653382
986300 325 -6295805.072708537
986400 325 -6336712.931821333
986500 325 -6272476.331762369
986600 325 -6336631.812664159
986700 325 -6321319.353561051
986800 325 -6362837.572388731
986900 325 -6305177.524157367
987000 325 -6392152.008075507
987100 325 -6341562.296956285
987200 325 -6271457.061038563
987300 325 -6298129.743390782
987400 325 -6361242.00134704
987500 325 -6324177.221835053
987600 325 -6314108.045036158
987700 325 -6323027.632420328
987800 325 -6307568.695337527
987900 325 -6392222.577448867
988000 325 -6312410.551906664
988100 325 -6365102.322662728
988200 325 -6344627.913863217
988300 325 -6314451.272053625
988400 325 -6309561.556505318
988500 325 -6313862.899343288
988600 325 -6347431.963627417
988700 325 -6366553.739199
988800 325 -6311514.722656861
988900 325 -6329348.452750986
989000 325 -6351608.328471282
989100 325 -6289047.563185435
989200 325 -6366716.838068251
989300 325 -6325628.130139479
989400 325 -6432137.857845297
989500 325 -6330780.630126914
989600 325 -6335299.980457826
989700 325 -6338199.873547267
989800 325 -6340301.19390945
989900 325 -6231153.416142405
990000 325 -6245964.552930724
990100 325 -6357322.951243553
990200 325 -6354381.473650273
990300 325 -6379969.728350476
990400 325 -6301856.060478861
990500 325 -6386535.791806811
990600 325 -6297882.504015487
990700 325 -6309706.462601286
990800 325 -6371982.289972471
990900 325 -6223758.451203952
991000 325 -6382998.088870559
991100 325 -6337016.454597007
991200 325 -6299908.588605508
991300 325 -6378056.90866676
991400 325 -6379603.103059215
991500 325 -6302328.526939712
991600 325 -6352414.142795574
991700 325 -6304917.674602969
991800 325 -6363828.365038103
991900 325 -6291599.033824915
992000 325 -6342824.224082099
992100 325 -6356815.369151735
992200 325 -6300312.616867661
992300 325 -6389611.165941598
992400 325 -6368066.930036077
992500 325 -6321160.721641538
992600 325 -6415590.283872694
992700 325 -6294274.93525289
992800 325 -6406459.550985757
992900 325 -6313333.56397119
993000 325 -6343366.71101208
993100 325 -6318270.855531712
993200 325 -6338381.758481473
993300 325 -6318920.559977153
993400 325 -6322332.51627495
993500 325 -6257958.078554498
993600 325 -6356359.807189632
993700 325 -6330043.363695085
993800 325 -6232151.729126245
993900 325 -6351786.789956303
994000 325 -6369437.467236057
994100 325 -6222227.650590753
994200 325 -6349407.074230989
994300 325 -6286808.013122849
994400 325 -6358390.318533706
994500 325 -6256504.413826739
994600 325 -6341370.858002712
994700 325 -6348657.855398435
994800 325 -6321475.377592801
994900 325 -6319362.20082441
995000 325 -6397103.171899725
995100 325 -6284032.533403846
995200 325 -6279415.107049584
995300 325 -6314213.604444377
995400 325 -6320294.746821172
995500 325 -6350022.818811893
995600 325 -6277281.368181014
995700 325 -6327872.931972461
995800 325 -6379207.983799124
995900 325 -6313418.908346063
996000 325 -6291420.682490025
996100 325 -6343423.665407695
996200 325 -6321839.529740958
996300 325 -6383134.459857857
996400 325 -6353986.640526397
996500 325 -6288211.635286028
996600 325 -6382163.337395664
996700 325 -6284320.86062745
996800 325 -6442799.810440367
996900 325 -6410886.564189477
997000 325 -6240224.430897417
997100 325 -6329839.844294071
997200 325 -6330474.792162929
997300 325 -6365323.815361822
997400 325 -6257190.161493182
997500 325 -6359514.786007819
997600 325 -6414874.051405948
997700 325 -6364695.2311675
997800 325 -6305283.91283338
997900 325 -6268290.316121044
998000 325 -6403675.236920367
998100 325 -6355383.164759306
998200 325 -6353316.569659332
998300 325 -6325715.262310598
998400 325 -6350001.07787256
998500 325 -6310288.697211046
998600 325 -6445433.577465348
998700 325 -6236401.458390478
998800 325 -6350742.384463377
998900 325 -6352300.761549757
999000 325 -6311096.795403978
999100 325 -6376820.803948693
999200 325 -6348623.090384074
999300 325 -6287114.180368176
999400 325 -6346946.213475844
999500 325 -6315059.703519186
999600 325 -6302886.560368501
999700 325 -6354448.765004328
999800 325 -6380821.077547992
999900 325 -6356719.244899457
