# sweep T E_global
0 325 -846021.7221198292
100 325 -6226173.687475171
200 325 -6292584.780025544
300 325 -6271946.007436836
400 325 -6290823.86220842
500 325 -6433691.49553718
600 325 -6340188.923838555
700 325 -6265566.445327545
800 325 -6338293.562723368
900 325 -6395961.596860222
1000 325 -6347271.355536915
1100 325 -6385225.093005771
1200 325 -6303060.455204847
1300 325 -6334679.199059204
1400 325 -6383618.903620968
1500 325 -6320873.781630084
1600 325 -6345690.82933633
1700 325 -6357894.93636306
1800 325 -6350790.534321507
1900 325 -6292134.169156288
2000 325 -6315684.095141715
2100 325 -6347846.996084086
2200 325 -6300585.943765432
2300 325 -6401531.014092613
2400 325 -6337961.353361801
2500 325 -6298394.173865359
2600 325 -6302638.657026741
2700 325 -6343866.16081225
2800 325 -6277317.836810967
2900 325 -6285466.699799193
3000 325 -6353795.054708818
3100 325 -6340035.850523749
3200 325 -6318100.16017627
3300 325 -6340172.248629691
3400 325 -6346673.971678384
3500 325 -6374745.867737962
3600 325 -6326554.266476015
3700 325 -6317591.279758241
3800 325 -6245692.357980938
3900 325 -6368176.871398444
4000 325 -6336352.031545619
4100 325 -6278710.080616856
4200 325 -6346715.969458917
4300 325 -6388251.242487297
4400 325 -6318520.959751024
4500 325 -6360957.722189192
4600 325 -6257806.383002413
4700 325 -6251009.447915977
4800 325 -6384014.543243285
4900 325 -6410810.589387268
5000 325 -6324171.328258606
5100 325 -6311186.431431133
5200 325 -6304328.32796693
5300 325 -6322085.50633366
5400 325 -6299082.548480341
5500 325 -6383305.954158843
5600 325 -6317684.360962994
5700 325 -6303099.439421495
5800 325 -6373041.576667199
5900 325 -6309615.126778204
6000 325 -6385361.975495473
6100 325 -6403060.544884143
6200 325 -6314852.704048034
6300 325 -6350655.066548586
6400 325 -6313434.01409742
6500 325 -6371437.913267061
6600 325 -6324120.784038476
6700 325 -6359369.875855621
6800 325 -6363207.200066722
6900 325 -6360217.301884999
7000 325 -6307417.844470227
7100 325 -6328799.072690237
7200 325 -6354406.250988785
7300 325 -6259659.709890048
7400 325 -6377186.946467916
7500 325 -6286217.608526181
7600 325 -6314205.544671602
7700 325 -6297436.087749336
7800 325 -6343930.183580766
7900 325 -6308256.807065102
8000 325 -6377901.294878513
8100 325 -6375954.489306798
8200 325 -6347670.554611047
8300 325 -6317834.331756782
8400 325 -6335917.691341716
8500 325 -6310127.511645044
8600 325 -6374583.489627285
8700 325 -6383846.479617386
8800 325 -6330647.635676067
8900 325 -6253069.741015328
9000 325 -6373834.914577773
9100 325 -6302965.089817258
9200 325 -6352169.958698591
9300 325 -6346390.808452684
9400 325 -6404533.722493097
9500 325 -6300812.445405944
9600 325 -6293428.564251976
9700 325 -6314676.074163835
9800 325 -6357028.195343204
9900 325 -6356181.867276515
10000 325 -6260483.114068964
10100 325 -6479202.489191839
10200 325 -6320232.140760507
10300 325 -6362112.666797958
10400 325 -6310238.566253318
10500 325 -6360778.553426376
10600 325 -6395508.36682265
10700 325 -6307325.175775772
10800 325 -6367357.725090114
10900 325 -6345903.759679729
11000 325 -6373408.46088811
11100 325 -6368473.571305703
11200 325 -6357276.909932007
11300 325 -6338376.470273904
11400 325 -6328307.579703654
11500 325 -6325805.422650515
11600 325 -6278839.300269527
11700 325 -6338690.251504073
11800 325 -6322371.436176939
11900 325 -6369669.027857831
12000 325 -6380665.393254169
12100 325 -6389381.781634846
12200 325 -6343949.363524061
12300 325 -6333574.959758352
12400 325 -6256227.545209179
12500 325 -6351434.684138382
12600 325 -6365730.497274716
12700 325 -6328016.154035088
12800 325 -6350111.764887124
12900 325 -6288533.389187634
13000 325 -6397576.977321509
13100 325 -6405256.578620223
13200 325 -6385585.209226565
13300 325 -6332475.27909338
13400 325 -6318849.160103457
13500 325 -6241335.762305799
13600 325 -6369889.802902032
13700 325 -6428345.304319879
13800 325 -6349465.044592609
13900 325 -6280224.090219655
14000 325 -6352814.098623484
14100 325 -6327392.896889684
14200 325 -6331235.441949628
14300 325 -6332058.074263185
14400 325 -6297379.82127835
14500 325 -6290234.397018709
14600 325 -6385185.963169824
14700 325 -6432550.424275411
14800 325 -6294370.174783864
14900 325 -6368479.344933735
15000 325 -6346627.058809916
15100 325 -6328747.957826246
15200 325 -6304471.089682523
15300 325 -6299214.795985972
15400 325 -6295800.857030775
15500 325 -6305293.256537155
15600 325 -6324023.853785851
15700 325 -6331821.354975352
15800 325 -6387551.826863075
15900 325 -6355667.460086984
16000 325 -6306113.805307946
16100 325 -6354180.971157784
16200 325 -6343776.366230629
16300 325 -6293886.277453367
16400 325 -6324062.728166297
16500 325 -6348957.922264898
16600 325 -6287362.159076923
16700 325 -6368051.285750648
16800 325 -6354958.681879636
16900 325 -6369206.439203854
17000 325 -6284290.137502774
17100 325 -6382470.850727974
17200 325 -6289298.180898821
17300 325 -6390061.992761093
17400 325 -6351772.689368266
17500 325 -6346697.237638647
17600 325 -6301457.397605795
17700 325 -6307988.702664338
17800 325 -6385757.439877851
17900 325 -6366502.908357434
18000 325 -6275667.97003791
18100 325 -6214895.081242957
18200 325 -6286046.248801028
18300 325 -6322403.763297686
18400 325 -6326677.680256927
18500 325 -6374159.479609514
18600 325 -6347382.808589466
18700 325 -6350766.866229544
18800 325 -6406539.939675224
18900 325 -6396660.017414218
19000 325 -6410783.286362353
19100 325 -6373511.091699043
19200 325 -6296174.76280379
19300 325 -6284770.446527973
19400 325 -6267009.487986598
19500 325 -6367657.285057103
19600 325 -6319910.300932778
19700 325 -6295337.798233652
19800 325 -6299933.725332397
19900 325 -6275003.309853451
20000 325 -6358510.233999301
20100 325 -6380180.774343817
20200 325 -6294085.720942076
20300 325 -6358452.334426759
20400 325 -6336066.917644279
20500 325 -6279633.307347249
20600 325 -6263958.991976904
20700 325 -6381356.683244536
20800 325 -6368120.947936205
20900 325 -6316444.553222165
21000 325 -6370454.608761011
21100 325 -6396524.631273748
21200 325 -6344553.84585293
21300 325 -6304865.228330433
21400 325 -6328841.089562746
21500 325 -6301241.380410548
21600 325 -6311992.881491771
21700 325 -6294002.573668049
21800 325 -6312404.689446878
21900 325 -6285264.035889683
22000 325 -6372890.049792415
22100 325 -6312820.402291974
22200 325 -6300612.105965169
22300 325 -6304581.600009775
22400 325 -6360279.471919427
22500 325 -6331025.54742372
22600 325 -6372754.629881736
22700 325 -6342648.670475926
22800 325 -6361300.613563636
22900 325 -6390561.321114599
23000 325 -6346283.511922267
23100 325 -6367014.050684713
23200 325 -6329704.252817689
23300 325 -6399005.223614959
23400 325 -6261912.662082864
23500 325 -6274470.367853747
23600 325 -6342319.672943197
23700 325 -6369553.200628564
23800 325 -6343229.738770883
23900 325 -6372399.56494783
24000 325 -6285331.586617985
24100 325 -6383569.291553076
24200 325 -6289330.794122441
24300 325 -6302161.546617355
24400 325 -6389617.244540543
24500 325 -6404392.388076453
24600 325 -6318511.072276085
24700 325 -6233000.147089587
24800 325 -6382825.135957239
24900 325 -6309332.493303766
25000 325 -6417139.506606044
25100 325 -6235241.433077952
25200 325 -6360361.832121977
25300 325 -6326988.172583684
25400 325 -6277177.317417348
25500 325 -6310262.763862646
25600 325 -6296193.189193232
25700 325 -6356477.432643146
25800 325 -6339163.817992058
25900 325 -6437045.042590356
26000 325 -6320585.067269959
26100 325 -6308628.38783804
26200 325 -6333992.43612884
26300 325 -6399817.433318967
26400 325 -6338038.584357016
26500 325 -6329964.695439605
26600 325 -6315921.948981995
26700 325 -6396200.86830358
26800 325 -6327061.950841807
26900 325 -6289189.763169611
27000 325 -6421302.971384848
27100 325 -6332165.116576381
27200 325 -6351361.135336998
27300 325 -6311004.219085893
27400 325 -6346864.558067549
27500 325 -6262846.449774228
27600 325 -6370128.188276498
27700 325 -6400775.25325552
27800 325 -6360730.898654537
27900 325 -6306829.580540322
28000 325 -6325293.768231202
28100 325 -6322627.062745194
28200 325 -6409159.025334618
28300 325 -6347595.380475722
28400 325 -6324960.264899325
28500 325 -6310030.989980757
28600 325 -6373600.439496761
28700 325 -6367900.043861676
28800 325 -6355399.394898609
28900 325 -6345874.378495973
29000 325 -6371464.893624158
29100 325 -6330484.110935334
29200 325 -6418509.938680536
29300 325 -6354407.611555385
29400 325 -6259712.76543225
29500 325 -6338245.12585463
29600 325 -6363227.953505963
29700 325 -6366089.473966995
29800 325 -6342379.444572967
29900 325 -6350314.708211351
30000 325 -6323365.296415481
30100 325 -6383575.523528539
30200 325 -6392864.315052817
30300 325 -6308258.677738742
30400 325 -6353911.248438777
30500 325 -6322885.997721824
30600 325 -6317029.182048943
30700 325 -6343484.573261991
30800 325 -6410421.950863883
30900 325 -6321560.795941942
31000 325 -6302155.062938254
31100 325 -6303427.151127102
31200 325 -6336985.325500591
31300 325 -6311925.991401013
31400 325 -6337780.063015217
31500 325 -6341432.105051053
31600 325 -6369134.612953687
31700 325 -6316434.939018132
31800 325 -6324612.703861799
31900 325 -6411703.769645084
32000 325 -6352490.740874029
32100 325 -6260034.022954888
32200 325 -6360206.096637661
32300 325 -6306025.031673299
32400 325 -6339809.669058889
32500 325 -6324280.916747222
32600 325 -6322025.949275292
32700 325 -6387794.579826345
32800 325 -6306741.834520562
32900 325 -6394353.219234766
33000 325 -6383961.721530942
33100 325 -6297026.257238768
33200 325 -6400338.481892945
33300 325 -6347574.096823414
33400 325 -6389002.345261455
33500 325 -6419853.296009197
33600 325 -6341237.373408578
33700 325 -6321895.739091185
33800 325 -6345309.355885919
33900 325 -6303053.695051727
34000 325 -6441217.372866222
34100 325 -6317476.186023608
34200 325 -6353962.806989633
34300 325 -6386012.94432071
34400 325 -6358541.710206232
34500 325 -6366234.366427101
34600 325 -6412971.526098994
34700 325 -6288518.003903829
34800 325 -6428033.887860416
34900 325 -6332474.632251914
35000 325 -6260570.863456237
35100 325 -6350915.751259611
35200 325 -6378899.380519457
35300 325 -6308474.537422211
35400 325 -6313058.18048331
35500 325 -6330345.95547319
35600 325 -6308590.960286109
35700 325 -6314753.523623479
35800 325 -6358865.182167753
35900 325 -6326808.720660479
36000 325 -6317787.127138687
36100 325 -6278766.228765536
36200 325 -6210183.959334008
36300 325 -6292582.477050126
36400 325 -6366994.957422911
36500 325 -6306038.723503722
36600 325 -6269904.291916264
36700 325 -6317036.579413997
36800 325 -6350854.156504516
36900 325 -6329083.755854055
37000 325 -6366237.307394631
37100 325 -6384023.951074722
37200 325 -6348267.846819649
37300 325 -6428618.159855843
37400 325 -6362847.880700639
37500 325 -6229243.240112919
37600 325 -6360047.687020063
37700 325 -6305313.792640139
37800 325 -6248141.44956227
37900 325 -6273894.222780462
38000 325 -6360626.711190986
38100 325 -6349499.32318817
38200 325 -6373847.856632659
38300 325 -6356587.631576643
38400 325 -6356544.592251981
38500 325 -6366143.438925773
38600 325 -6332958.711657206
38700 325 -6400299.308116557
38800 325 -6352702.144117738
38900 325 -6235713.40456564
39000 325 -6358441.657964017
39100 325 -6348258.621386152
39200 325 -6333982.9711002
39300 325 -6296890.960818404
39400 325 -6216703.394327061
39500 325 -6351875.245150487
39600 325 -6391313.974783644
39700 325 -6297718.459923127
39800 325 -6344137.990958892
39900 325 -6400871.26346292
40000 325 -6356822.429462488
40100 325 -6345470.995256079
40200 325 -6352693.571144892
40300 325 -6304183.390009224
40400 325 -6371712.343563514
40500 325 -6363296.136160364
40600 325 -6352099.33890287
40700 325 -6405642.875048618
40800 325 -6289359.16264408
40900 325 -6371987.865077339
41000 325 -6301134.149909145
41100 325 -6333055.110977594
41200 325 -6250236.389234349
41300 325 -6334172.593611186
41400 325 -6431140.952134844
41500 325 -6350038.979391439
41600 325 -6285636.547737625
41700 325 -6339538.705983102
41800 325 -6298069.911270752
41900 325 -6242448.913385365
42000 325 -6374233.416449567
42100 325 -6385241.425821733
42200 325 -6395430.627845053
42300 325 -6406644.842699093
42400 325 -6237333.447258934
42500 325 -6336486.058817079
42600 325 -6334424.200691468
42700 325 -6321098.15238685
42800 325 -6335558.829581168
42900 325 -6301353.368760781
43000 325 -6323297.309338146
43100 325 -6218808.174588093
43200 325 -6318109.344398547
43300 325 -6425563.896290174
43400 325 -6342944.089828162
43500 325 -6334677.244037269
43600 325 -6436306.928107495
43700 325 -6397397.767755585
43800 325 -6341520.008892318
43900 325 -6389171.930901092
44000 325 -6320750.673279893
44100 325 -6335820.00552058
44200 325 -6419837.44378338
44300 325 -6346409.507347833
44400 325 -6373425.597769402
44500 325 -6347252.641078033
44600 325 -6361686.027752552
44700 325 -6394191.845230721
44800 325 -6261977.428946845
44900 325 -6261804.663869329
45000 325 -6333431.964511583
45100 325 -6367158.620590913
45200 325 -6330273.219993283
45300 325 -6373749.621705385
45400 325 -6416474.570740866
45500 325 -6352352.460745726
45600 325 -6345088.522512131
45700 325 -6315654.380650536
45800 325 -6378559.286119517
45900 325 -6362323.717737639
46000 325 -6309389.312080887
46100 325 -6359862.15323121
46200 325 -6272521.033314915
46300 325 -6385295.954919972
46400 325 -6295256.453065937
46500 325 -6284839.33533808
46600 325 -6214913.377822114
46700 325 -6295852.050258483
46800 325 -6400925.879044999
46900 325 -6396625.846600315
47000 325 -6325532.170633095
47100 325 -6373461.420593727
47200 325 -6327442.337106358
47300 325 -6263513.212687552
47400 325 -6401493.708021436
47500 325 -6344945.241265606
47600 325 -6305638.978417799
47700 325 -6426285.917725062
47800 325 -6325412.849412545
47900 325 -6265023.339394334
48000 325 -6403013.955864288
48100 325 -6357061.207152744
48200 325 -6368377.118289718
48300 325 -6369248.130917691
48400 325 -6384768.082415981
48500 325 -6302954.259742285
48600 325 -6352808.322579168
48700 325 -6329112.393461632
48800 325 -6331386.32683545
48900 325 -6353002.012734329
49000 325 -6313873.575353555
49100 325 -6354365.140789963
49200 325 -6359152.726788256
49300 325 -6319041.817751023
49400 325 -6341779.373368017
49500 325 -6270726.676783662
49600 325 -6343890.95437119
49700 325 -6327898.03386517
49800 325 -6326448.339963472
49900 325 -6336449.490751167
50000 325 -6331314.649335486
50100 325 -6383466.317077249
50200 325 -6319357.378982405
50300 325 -6392933.331602031
50400 325 -6396387.80477394
50500 325 -6346587.109226182
50600 325 -6310494.965543669
50700 325 -6390166.730927152
50800 325 -6301427.363620599
50900 325 -6354186.041354971
51000 325 -6403238.973177813
51100 325 -6310195.798523581
51200 325 -6280215.100261609
51300 325 -6347167.892370359
51400 325 -6360966.565916529
51500 325 -6261849.506885126
51600 325 -6257777.667451466
51700 325 -6343493.179285602
51800 325 -6317681.055025739
51900 325 -6347487.21628421
52000 325 -6357345.624175448
52100 325 -6341583.383243239
52200 325 -6414698.330327504
52300 325 -6301481.762728746
52400 325 -6320390.574512947
52500 325 -6283327.29403888
52600 325 -6370992.328868069
52700 325 -6396737.329280755
52800 325 -6395761.983936846
52900 325 -6318791.73468442
53000 325 -6361000.134866594
53100 325 -6246539.975306616
53200 325 -6377554.499480564
53300 325 -6355558.695221689
53400 325 -6362264.580101371
53500 325 -6350453.303834097
53600 325 -6384837.861714469
53700 325 -6344747.229691623
53800 325 -6388842.417041814
53900 325 -6324969.492447414
54000 325 -6365336.64991172
54100 325 -6398223.074132772
54200 325 -6369790.983700565
54300 325 -6262726.509629855
54400 325 -6296914.686863998
54500 325 -6351437.320548266
54600 325 -6246258.634227719
54700 325 -6331399.337610822
54800 325 -6327886.467012395
54900 325 -6362374.877289341
55000 325 -6365425.21347782
55100 325 -6332086.98347676
55200 325 -6360943.821088582
55300 325 -6307030.100160225
55400 325 -6308037.535945406
55500 325 -6389521.108232742
55600 325 -6332413.467602427
55700 325 -6397145.370823761
55800 325 -6356759.60827668
55900 325 -6363551.204251001
56000 325 -6261690.832277436
56100 325 -6302801.932781875
56200 325 -6360590.470686434
56300 325 -6358632.129460363
56400 325 -6372750.854186932
56500 325 -6358173.004956419
56600 325 -6366496.230856365
56700 325 -6363979.625670901
56800 325 -6365646.596792027
56900 325 -6276763.321242308
57000 325 -6375897.672141584
57100 325 -6380108.773428731
57200 325 -6322948.364356019
57300 325 -6360618.367874192
57400 325 -6394697.304522201
57500 325 -6372405.618248273
57600 325 -6349213.226934025
57700 325 -6323841.075030424
57800 325 -6404452.153154598
57900 325 -6349189.948562406
58000 325 -6398897.93060354
58100 325 -6322494.386501782
58200 325 -6248864.113728249
58300 325 -6367921.128457798
58400 325 -6297906.621838369
58500 325 -6318947.999009117
58600 325 -6379273.776002094
58700 325 -6319018.704201549
58800 325 -6402529.314609071
58900 325 -6222776.685430761
59000 325 -6394475.331998363
59100 325 -6363861.477188691
59200 325 -6220977.840505912
59300 325 -6300017.808121461
59400 325 -6318966.672691825
59500 325 -6393428.535320322
59600 325 -6368943.406460663
59700 325 -6261394.492968155
59800 325 -6334931.119208368
59900 325 -6403592.216861513
60000 325 -6406625.420349207
60100 325 -6315660.941233853
60200 325 -6392691.700651128
60300 325 -6369355.261084424
60400 325 -6449540.383910362
60500 325 -6256489.765989206
60600 325 -6366031.377094649
60700 325 -6296129.000224294
60800 325 -6329204.481285947
60900 325 -6419616.389181274
61000 325 -6331825.276130086
61100 325 -6328197.904339433
61200 325 -6274818.767319306
61300 325 -6313398.681410944
61400 325 -6251557.21526981
61500 325 -6281083.247431183
61600 325 -6357636.160531517
61700 325 -6367817.112517746
61800 325 -6376754.708690068
61900 325 -6282237.130006308
62000 325 -6371456.766892169
62100 325 -6387963.183183183
62200 325 -6422319.098002353
62300 325 -6394239.578244194
62400 325 -6362299.351240446
62500 325 -6296248.694726931
62600 325 -6314578.213335481
62700 325 -6301418.469279254
62800 325 -6332440.39632668
62900 325 -6343695.974872994
63000 325 -6312051.180759249
63100 325 -6398114.536086573
63200 325 -6314070.02101569
63300 325 -6443553.03459249
63400 325 -6334316.381723607
63500 325 -6329461.907242639
63600 325 -6329356.301591696
63700 325 -6344377.95008368
63800 325 -6321871.57283101
63900 325 -6377639.126489006
64000 325 -6342266.077353947
64100 325 -6388022.906974098
64200 325 -6359861.41216199
64300 325 -6381858.980320535
64400 325 -6472652.518322979
64500 325 -6428747.714551937
64600 325 -6349190.33763317
64700 325 -6336111.68963486
64800 325 -6306401.64130804
64900 325 -6285196.407868271
65000 325 -6359049.704838569
65100 325 -6416347.689747628
65200 325 -6249605.093952497
65300 325 -6308707.98492795
65400 325 -6325083.79302859
65500 325 -6354948.169336263
65600 325 -6341754.670298399
65700 325 -6277170.689052544
65800 325 -6373713.781984024
65900 325 -6344913.604769755
66000 325 -6233619.891318358
66100 325 -6338966.131951969
66200 325 -6383093.284800045
66300 325 -6346780.879591422
66400 325 -6329595.079376348
66500 325 -6273334.359973685
66600 325 -6390267.055416944
66700 325 -6334026.504823341
66800 325 -6285551.225444857
66900 325 -6330828.992557733
67000 325 -6228387.020249669
67100 325 -6305048.870939076
67200 325 -6380611.686974983
67300 325 -6367553.921560818
67400 325 -6375923.188278669
67500 325 -6337424.493837206
67600 325 -6339865.348173948
67700 325 -6266271.666671535
67800 325 -6370540.358525461
67900 325 -6314021.161341706
68000 325 -6350389.438157968
68100 325 -6357154.212615369
68200 325 -6304481.397275373
68300 325 -6330219.523371012
68400 325 -6371282.961344466
68500 325 -6339813.147104049
68600 325 -6339216.910539364
68700 325 -6362331.3134002
68800 325 -6305706.766626239
68900 325 -6420147.174226698
69000 325 -6387748.911487166
69100 325 -6338671.03275487
69200 325 -6374524.043038409
69300 325 -6307928.25488769
69400 325 -6273534.529025662
69500 325 -6355905.620367937
69600 325 -6321640.782087598
69700 325 -6403130.233850395
69800 325 -6252139.588017688
69900 325 -6338724.268466382
70000 325 -6390764.574556734
70100 325 -6407459.914578944
70200 325 -6214683.982092055
70300 325 -6382251.093125892
70400 325 -6262680.292703374
70500 325 -6373994.138409205
70600 325 -6357448.506362751
70700 325 -6315826.353537792
70800 325 -6334479.073526805
70900 325 -6360408.219251256
71000 325 -6309442.014801047
71100 325 -6308435.629644308
71200 325 -6266394.071830444
71300 325 -6420198.380748805
71400 325 -6271181.466346128
71500 325 -6371849.499966875
71600 325 -6353008.875127035
71700 325 -6354706.32921803
71800 325 -6383076.109159369
71900 325 -6288149.403991438
72000 325 -6330970.718813751
72100 325 -6342139.167243546
72200 325 -6355785.15851463
72300 325 -6304161.518915014
72400 325 -6270301.499783998
72500 325 -6310337.722511394
72600 325 -6331633.645305724
72700 325 -6399423.163055092
72800 325 -6361682.82422983
72900 325 -6353884.72474535
73000 325 -6368389.361617967
73100 325 -6338761.325790571
73200 325 -6258778.425514147
73300 325 -6396758.477304852
73400 325 -6302761.753179379
73500 325 -6374591.687309159
73600 325 -6391531.443248589
73700 325 -6287963.245699566
73800 325 -6320477.483391757
73900 325 -6290844.306339933
74000 325 -6323696.606837151
74100 325 -6297806.12274034
74200 325 -6263801.724650242
74300 325 -6327379.651562881
74400 325 -6227706.627584605
74500 325 -6392934.490572566
74600 325 -6300656.202843165
74700 325 -6336716.587747074
74800 325 -6329254.843896445
74900 325 -6274709.746429784
75000 325 -6294792.990277667
75100 325 -6380404.515069614
75200 325 -6300740.971805529
75300 325 -6367270.450442567
75400 325 -6300889.852798762
75500 325 -6329824.214060811
75600 325 -6295122.18246264
75700 325 -6346064.380577479
75800 325 -6387203.880598974
75900 325 -6391827.397423213
76000 325 -6392692.046880826
76100 325 -6287888.168994688
76200 325 -6371184.333730579
76300 325 -6369688.983984072
76400 325 -6345879.107047986
76500 325 -6364300.58061371
76600 325 -6399978.094355393
76700 325 -6312834.208149226
76800 325 -6334377.031747989
76900 325 -6267311.694913187
77000 325 -6310794.963191361
77100 325 -6348546.20348537
77200 325 -6337216.784953644
77300 325 -6386772.120581906
77400 325 -6390757.556197992
77500 325 -6290811.20762887
77600 325 -6405895.744957084
77700 325 -6406070.187202451
77800 325 -6409613.634359993
77900 325 -6291493.4671747
78000 325 -6321489.831020293
78100 325 -6361402.371936006
78200 325 -6327844.745967381
78300 325 -6312595.037237193
78400 325 -6334652.848822979
78500 325 -6381848.556570522
78600 325 -6365517.443401331
78700 325 -6388648.342768004
78800 325 -6383278.221041775
78900 325 -6308342.520411661
79000 325 -6346948.782733694
79100 325 -6391340.907916686
79200 325 -6332161.778046287
79300 325 -6298706.241912222
79400 325 -6463812.929506213
79500 325 -6310332.990203895
79600 325 -6267766.523405377
79700 325 -6356974.166888686
79800 325 -6390489.000310287
79900 325 -6339538.975438183
80000 325 -6414054.981529552
80100 325 -6245137.611393753
80200 325 -6352666.16963605
80300 325 -6323017.198050989
80400 325 -6379899.838477829
80500 325 -6236773.303697704
80600 325 -6282255.854085551
80700 325 -6373380.237651754
80800 325 -6338065.623763313
80900 325 -6354334.439508072
81000 325 -6366091.948754989
81100 325 -6344542.446885426
81200 325 -6375196.92174832
81300 325 -6364198.78661184
81400 325 -6242517.007579453
81500 325 -6341031.585744026
81600 325 -6441415.477676703
81700 325 -6378194.520681458
81800 325 -6354033.992559883
81900 325 -6365060.366086993
82000 325 -6305824.416529672
82100 325 -6304908.330138158
82200 325 -6321272.031513372
82300 325 -6272982.452304509
82400 325 -6383768.391669923
82500 325 -6343611.25643201
82600 325 -6359613.976258766
82700 325 -6277470.089282107
82800 325 -6306629.354448752
82900 325 -6374604.344974888
83000 325 -6363702.97524639
83100 325 -6322486.21964152
83200 325 -6305763.176476626
83300 325 -6368638.585443659
83400 325 -6367840.842293041
83500 325 -6401609.54004715
83600 325 -6326446.395473137
83700 325 -6414329.18010121
83800 325 -6339793.327118541
83900 325 -6342921.437152158
84000 325 -6322603.762929883
84100 325 -6332935.225697117
84200 325 -6291363.127395155
84300 325 -6342140.247830564
84400 325 -6298592.751752134
84500 325 -6332425.64333996
84600 325 -6406591.131674347
84700 325 -6260561.546181299
84800 325 -6381279.340323927
84900 325 -6342715.028020941
85000 325 -6289886.711236464
85100 325 -6401134.928743929
85200 325 -6427417.444858247
85300 325 -6305870.473659955
85400 325 -6378267.533421083
85500 325 -6349820.57374085
85600 325 -6313447.153057663
85700 325 -6386261.363317495
85800 325 -6342511.849553324
85900 325 -6400023.547274671
86000 325 -6287995.620605796
86100 325 -6334879.788624091
86200 325 -6362294.144949717
86300 325 -6347826.191412251
86400 325 -6338521.6958049
86500 325 -6322277.179727674
86600 325 -6260359.051491935
86700 325 -6344001.903146956
86800 325 -6296059.68094147
86900 325 -6366680.672017675
87000 325 -6324489.244531126
87100 325 -6283634.201894931
87200 325 -6293150.198567452
87300 325 -6369326.608557491
87400 325 -6404167.275768111
87500 325 -6356167.998997055
87600 325 -6393639.708973193
87700 325 -6310535.265898582
87800 325 -6303914.466711163
87900 325 -6342302.291405095
88000 325 -6378338.116954819
88100 325 -6279556.927972368
88200 325 -6318851.757628225
88300 325 -6388964.856620079
88400 325 -6360048.535327283
88500 325 -6288586.339291515
88600 325 -6367225.232678268
88700 325 -6327920.590230695
88800 325 -6307457.524272611
88900 325 -6323038.729950719
89000 325 -6373544.977620433
89100 325 -6346239.040143746
89200 325 -6316979.548336281
89300 325 -6383128.689588383
89400 325 -6328711.682943309
89500 325 -6311566.114111055
89600 325 -6426040.628285751
89700 325 -6368803.314872976
89800 325 -6403170.289448822
89900 325 -6355759.561590634
90000 325 -6353980.526857449
90100 325 -6327543.596680941
90200 325 -6333450.026367836
90300 325 -6408249.300564027
90400 325 -6326874.665831501
90500 325 -6331676.550894329
90600 325 -6406133.01795835
90700 325 -6397012.530199897
90800 325 -6325458.425744819
90900 325 -6321009.876474522
91000 325 -6359127.614249486
91100 325 -6264377.545868682
91200 325 -6395227.240301259
91300 325 -6224781.109093653
91400 325 -6348023.045175432
91500 325 -6296346.025202242
91600 325 -6297635.952220874
91700 325 -6266419.18500833
91800 325 -6339670.142502086
91900 325 -6423820.703181649
92000 325 -6254448.812452407
92100 325 -6402592.431500273
92200 325 -6333649.772344418
92300 325 -6368262.841079164
92400 325 -6361403.071879501
92500 325 -6350585.308673644
92600 325 -6388606.969159198
92700 325 -6377966.727895766
92800 325 -6341316.019899607
92900 325 -6401747.616162223
93000 325 -6370800.100219565
93100 325 -6286476.280818492
93200 325 -6388040.159668323
93300 325 -6284184.842899011
93400 325 -6415580.117415801
93500 325 -6407823.181869942
93600 325 -6330154.294356733
93700 325 -6358899.640470495
93800 325 -6341372.198241578
93900 325 -6308015.128012902
94000 325 -6472292.450983591
94100 325 -6390441.948544815
94200 325 -6359303.888794232
94300 325 -6313926.869302504
94400 325 -6359121.716667514
94500 325 -6293195.658846981
94600 325 -6361755.607453324
94700 325 -6364572.504260242
94800 325 -6345521.025156451
94900 325 -6356680.851373503
95000 325 -6351429.442674149
95100 325 -6371028.742342724
95200 325 -6365739.154786302
95300 325 -6311004.445515743
95400 325 -6424335.637921952
95500 325 -6378888.765818629
95600 325 -6334042.551711778
95700 325 -6333294.42455777
95800 325 -6387654.521083562
95900 325 -6249237.397568504
96000 325 -6321288.84516832
96100 325 -6323857.062827996
96200 325 -6291432.805759199
96300 325 -6345889.694473369
96400 325 -6375087.228588549
96500 325 -6223857.294340513
96600 325 -6451110.987692026
96700 325 -6284020.649053816
96800 325 -6386705.077820648
96900 325 -6303326.285011435
97000 325 -6339821.741102781
97100 325 -6315681.587020003
97200 325 -6373446.95591239
97300 325 -6259633.539745206
97400 325 -6362693.333734758
97500 325 -6355506.328601829
97600 325 -6286444.339710021
97700 325 -6342563.869260261
97800 325 -6427402.56118373
97900 325 -6360447.350010328
98000 325 -6391420.393429643
98100 325 -6333364.911593331
98200 325 -6381591.70599464
98300 325 -6322345.052144352
98400 325 -6307206.677284598
98500 325 -6385942.884762424
98600 325 -6366529.492084902
98700 325 -6379973.448895054
98800 325 -6305186.137723848
98900 325 -6335070.491184065
99000 325 -6395725.217232376
99100 325 -6341937.096470926
99200 325 -6325578.395394571
99300 325 -6273820.19256772
99400 325 -6302789.257352293
99500 325 -6317959.686661146
99600 325 -6324996.74917819
99700 325 -6395285.79190686
99800 325 -6314649.403555233
99900 325 -6401622.639189906
100000 325 -6312511.678698588
100100 325 -6328954.061909754
100200 325 -6389076.593254747
100300 325 -6409217.101322707
100400 325 -6365190.336565973
100500 325 -6321318.56988392
100600 325 -6324579.935452661
100700 325 -6369685.806192202
100800 325 -6384130.184169395
100900 325 -6302534.819575016
101000 325 -6320342.075957812
101100 325 -6305500.820801504
101200 325 -6316726.681635188
101300 325 -6328857.888802592
101400 325 -6311242.857480668
101500 325 -6365008.635299146
101600 325 -6266037.29309913
101700 325 -6301168.640041174
101800 325 -6330646.294073098
101900 325 -6301609.17224023
102000 325 -6354850.745587332
102100 325 -6411019.420842527
102200 325 -6398754.480594345
102300 325 -6383988.388611478
102400 325 -6360531.302076279
102500 325 -6321361.625770284
102600 325 -6317902.620769797
102700 325 -6419399.938518669
102800 325 -6324413.815300012
102900 325 -6313103.849378973
103000 325 -6343707.503678234
103100 325 -6335316.834047911
103200 325 -6368371.949203899
103300 325 -6389527.469844833
103400 325 -6312141.538359364
103500 325 -6300069.377340438
103600 325 -6270572.562585583
103700 325 -6341551.446090046
103800 325 -6373165.767242705
103900 325 -6412297.686574167
104000 325 -6282669.828109924
104100 325 -6408162.084248411
104200 325 -6356161.087700919
104300 325 -6307429.568353739
104400 325 -6360676.827723632
104500 325 -6316128.280903636
104600 325 -6359174.339476157
104700 325 -6362216.894362021
104800 325 -6396531.774828682
104900 325 -6347879.861825556
105000 325 -6342172.441065505
105100 325 -6346880.94696982
105200 325 -6265509.972087359
105300 325 -6334166.48090433
105400 325 -6331367.970405107
105500 325 -6356797.703109609
105600 325 -6399079.883368063
105700 325 -6197392.702967601
105800 325 -6324704.527170494
105900 325 -6280770.078313353
106000 325 -6254770.613122381
106100 325 -6402058.107740384
106200 325 -6310047.771394895
106300 325 -6321334.193973796
106400 325 -6301582.581780521
106500 325 -6389374.228052909
106600 325 -6266535.537157524
106700 325 -6271537.192869838
106800 325 -6333971.222867481
106900 325 -6284387.03558936
107000 325 -6257769.143129066
107100 325 -6336683.198778382
107200 325 -6400902.27193623
107300 325 -6324018.341087323
107400 325 -6266678.095681151
107500 325 -6412366.98830302
107600 325 -6359079.001424531
107700 325 -6379564.709283249
107800 325 -6331877.264901229
107900 325 -6274604.736989455
108000 325 -6423132.737376567
108100 325 -6419634.289636327
108200 325 -6401392.368676648
108300 325 -6266180.734184243
108400 325 -6345965.230217308
108500 325 -6409510.884510318
108600 325 -6354584.697029756
108700 325 -6361993.723015067
108800 325 -6302967.061376997
108900 325 -6375442.493526894
109000 325 -6308586.98150637
109100 325 -6378445.92466912
109200 325 -6382488.535006959
109300 325 -6376155.542137551
109400 325 -6320346.568493327
109500 325 -6359706.328289085
109600 325 -6410690.978241592
109700 325 -6298204.856545504
109800 325 -6352464.30541726
109900 325 -6359471.867349792
110000 325 -6366434.845977603
110100 325 -6336149.380619066
110200 325 -6300077.126610267
110300 325 -6347506.311594605
110400 325 -6343638.152789768
110500 325 -6329083.111230444
110600 325 -6396655.923743565
110700 325 -6253059.328949481
110800 325 -6354937.444579825
110900 325 -6369280.634341964
111000 325 -6301948.688213978
111100 325 -6308813.692540351
111200 325 -6354242.58405439
111300 325 -6333685.371582014
111400 325 -6411567.28111067
111500 325 -6347605.841191852
111600 325 -6285423.832380998
111700 325 -6306991.459967161
111800 325 -6319453.135049227
111900 325 -6308008.414493713
112000 325 -6345653.475870179
112100 325 -6358564.397916751
112200 325 -6367465.065860836
112300 325 -6334225.950366771
112400 325 -6357666.743986638
112500 325 -6315451.756680153
112600 325 -6344034.141368372
112700 325 -6316729.143480049
112800 325 -6418535.742337141
112900 325 -6417519.169149107
113000 325 -6327739.581400476
113100 325 -6362603.864301091
113200 325 -6348261.128868155
113300 325 -6307261.041076912
113400 325 -6334218.238752477
113500 325 -6367260.890939366
113600 325 -6296125.675160495
113700 325 -6387668.948185851
113800 325 -6399340.261169164
113900 325 -6307871.091921696
114000 325 -6330963.644416081
114100 325 -6393507.530402751
114200 325 -6342732.83830144
114300 325 -6267241.359823769
114400 325 -6345515.246800329
114500 325 -6399913.212651259
114600 325 -6360201.276716192
114700 325 -6431696.90033726
114800 325 -6275836.726365685
114900 325 -6336390.5096609
115000 325 -6315048.961713059
115100 325 -6310178.913153066
115200 325 -6318508.084329383
115300 325 -6330383.101333505
115400 325 -6348565.546701895
115500 325 -6318059.357186159
115600 325 -6344512.038638917
115700 325 -6286452.39088561
115800 325 -6359928.709256957
115900 325 -6396598.433250569
116000 325 -6337334.624098308
116100 325 -6301620.166426776
116200 325 -6317744.034598956
116300 325 -6427511.843891157
116400 325 -6354043.147011963
116500 325 -6336032.248408411
116600 325 -6336901.355298137
116700 325 -6295191.11002991
116800 325 -6436659.848649617
116900 325 -6368987.783132052
117000 325 -6332898.330352707
117100 325 -6278887.407306393
117200 325 -6382119.033320189
117300 325 -6422419.486723229
117400 325 -6327227.494967341
117500 325 -6386715.504490662
117600 325 -6284619.008756542
117700 325 -6315143.43095606
117800 325 -6347370.266395366
117900 325 -6394600.960650763
118000 325 -6306059.637585916
118100 325 -6269057.978128112
118200 325 -6381145.049147002
118300 325 -6351250.591532754
118400 325 -6376402.276851084
118500 325 -6442688.442640631
118600 325 -6391842.221768413
118700 325 -6399759.269676711
118800 325 -6284798.816052597
118900 325 -6379357.912109705
119000 325 -6353115.473119542
119100 325 -6324086.933508832
119200 325 -6323642.505090524
119300 325 -6307776.372755756
119400 325 -6355384.989155138
119500 325 -6295792.106800703
119600 325 -6324689.846687004
119700 325 -6316119.955003582
119800 325 -6456121.273975408
119900 325 -6370132.869928222
120000 325 -6286063.606851524
120100 325 -6279701.014993073
120200 325 -6354569.994240206
120300 325 -6333316.782044297
120400 325 -6260724.614415571
120500 325 -6319224.625359629
120600 325 -6348805.43504267
120700 325 -6343064.178038449
120800 325 -6364476.957350667
120900 325 -6335112.891794959
121000 325 -6323642.095684078
121100 325 -6338522.457969824
121200 325 -6388030.189345712
121300 325 -6223482.941973009
121400 325 -6323532.515112228
121500 325 -6285532.338856027
121600 325 -6308881.094875496
121700 325 -6390043.869398098
121800 325 -6382280.823546071
121900 325 -6419619.392432574
122000 325 -6349099.028054157
122100 325 -6319839.129477233
122200 325 -6294260.210889375
122300 325 -6353349.492147991
122400 325 -6291811.276010371
122500 325 -6315358.997442012
122600 325 -6284845.398589368
122700 325 -6289986.181055022
122800 325 -6345643.047622253
122900 325 -6308826.839721873
123000 325 -6297649.717509191
123100 325 -6385178.078363806
123200 325 -6379612.026242616
123300 325 -6417975.543812275
123400 325 -6340512.964046277
123500 325 -6375426.00893742
123600 325 -6374788.289718816
123700 325 -6296898.43286374
123800 325 -6299595.489995207
123900 325 -6347801.765244216
124000 325 -6318703.96341473
124100 325 -6257544.372446783
124200 325 -6360764.481020816
124300 325 -6269558.41513183
124400 325 -6288483.623448296
124500 325 -6396797.641900411
124600 325 -6333527.547911164
124700 325 -6317389.220056865
124800 325 -6260562.598442959
124900 325 -6331073.378173169
125000 325 -6305211.526606604
125100 325 -6298028.884169121
125200 325 -6311654.03412723
125300 325 -6343309.174944224
125400 325 -6425351.649143768
125500 325 -6422511.984049859
125600 325 -6342671.930658129
125700 325 -6309537.03309264
125800 325 -6370314.597210689
125900 325 -6343762.701130169
126000 325 -6360964.614048315
126100 325 -6344545.069730193
126200 325 -6368351.895758701
126300 325 -6318772.267449612
126400 325 -6317380.788106354
126500 325 -6383628.601792823
126600 325 -6273444.644877868
126700 325 -6241649.658908017
126800 325 -6355996.473305009
126900 325 -6326651.799395815
127000 325 -6315173.735560791
127100 325 -6314099.051649048
127200 325 -6303112.626527531
127300 325 -6272518.146116516
127400 325 -6294811.522331997
127500 325 -6338258.395753803
127600 325 -6391136.956501102
127700 325 -6295919.700470857
127800 325 -6288105.669442875
127900 325 -6315871.029794838
128000 325 -6356578.050179302
128100 325 -6357402.533835895
128200 325 -6359596.447092531
128300 325 -6245336.567596648
128400 325 -6334683.232446269
128500 325 -6303639.327022604
128600 325 -6336411.57699012
128700 325 -6283473.032185838
128800 325 -6289404.166040316
128900 325 -6374456.033097038
129000 325 -6377394.258518625
129100 325 -6361738.114048639
129200 325 -6328658.277293905
129300 325 -6323659.502330169
129400 325 -6370060.517711826
129500 325 -6326158.113626523
129600 325 -6356300.614624119
129700 325 -6314894.792734785
129800 325 -6320730.659513021
129900 325 -6327278.500215014
130000 325 -6337862.675246991
130100 325 -6377730.641867897
130200 325 -6405948.017440116
130300 325 -6420810.442257574
130400 325 -6375830.948322398
130500 325 -6289195.724186007
130600 325 -6393491.200533277
130700 325 -6320606.704297037
130800 325 -6369201.051707366
130900 325 -6351863.598731618
131000 325 -6360866.850749323
131100 325 -6318945.255650445
131200 325 -6348149.174573399
131300 325 -6289490.315762844
131400 325 -6226491.854544876
131500 325 -6367623.069446357
131600 325 -6313887.26100787
131700 325 -6342828.588845627
131800 325 -6334172.280464115
131900 325 -6311796.282907037
132000 325 -6308410.600660136
132100 325 -6292968.420191799
132200 325 -6310599.450331351
132300 325 -6344477.50228234
132400 325 -6331566.761408831
132500 325 -6289327.7398277
132600 325 -6333481.708980484
132700 325 -6336410.040963752
132800 325 -6362257.828713825
132900 325 -6299778.821347896
133000 325 -6362051.466024488
133100 325 -6335986.205469006
133200 325 -6354213.16679626
133300 325 -6394446.413101548
133400 325 -6320841.780845785
133500 325 -6356225.009590461
133600 325 -6283992.981730615
133700 325 -6238887.87511737
133800 325 -6267305.040953342
133900 325 -6337059.364661865
134000 325 -6366724.382772656
134100 325 -6320303.559280153
134200 325 -6407802.06220644
134300 325 -6381451.918893668
134400 325 -6298025.496834241
134500 325 -6320153.235458307
134600 325 -6364632.455613782
134700 325 -6332884.309863848
134800 325 -6352906.475719284
134900 325 -6317517.248767653
135000 325 -6378603.883145106
135100 325 -6314056.302695191
135200 325 -6329514.309182097
135300 325 -6321075.047385183
135400 325 -6375248.699056352
135500 325 -6300103.007154169
135600 325 -6371974.303758522
135700 325 -6361244.123163946
135800 325 -6209065.986682082
135900 325 -6360070.817593856
136000 325 -6393599.359422799
136100 325 -6337828.73368779
136200 325 -6316310.976130478
136300 325 -6354898.526570179
136400 325 -6345972.844725907
136500 325 -6275011.221427019
136600 325 -6283709.33383957
136700 325 -6335067.776996393
136800 325 -6371659.502858498
136900 325 -6272281.889902908
137000 325 -6386491.657928653
137100 325 -6275015.730095282
137200 325 -6351641.887319293
137300 325 -6402564.026273433
137400 325 -6406500.598975873
137500 325 -6368156.251236582
137600 325 -6375433.840055591
137700 325 -6308423.888727629
137800 325 -6333249.281861788
137900 325 -6326820.886373365
138000 325 -6362723.612900134
138100 325 -6246896.737834017
138200 325 -6319191.468919357
138300 325 -6348351.576994829
138400 325 -6301477.61439169
138500 325 -6349984.920996788
138600 325 -6328293.568179818
138700 325 -6246721.808092438
138800 325 -6315486.192072324
138900 325 -6322951.34173095
139000 325 -6317133.21139469
139100 325 -6355845.991906457
139200 325 -6355305.250510667
139300 325 -6319822.21720217
139400 325 -6373789.556089848
139500 325 -6333751.858485814
139600 325 -6307647.260178383
139700 325 -6389016.143325081
139800 325 -6218738.290887063
139900 325 -6323988.115237121
140000 325 -6293951.139543369
140100 325 -6305574.029013439
140200 325 -6335105.063822662
140300 325 -6353302.475651656
140400 325 -6402302.690370111
140500 325 -6375161.092928936
140600 325 -6290346.495322732
140700 325 -6403966.698435492
140800 325 -6330749.191963596
140900 325 -6291840.015959153
141000 325 -6380903.412026107
141100 325 -6342709.162234086
141200 325 -6337722.148108436
141300 325 -6305583.445854046
141400 325 -6346950.573681817
141500 325 -6358794.076466886
141600 325 -6379286.807368331
141700 325 -6374599.799803277
141800 325 -6467312.066561844
141900 325 -6344251.936444665
142000 325 -6412107.1613042
142100 325 -6304904.624181023
142200 325 -6312292.949321389
142300 325 -6375520.66701325
142400 325 -6346643.397088297
142500 325 -6328952.488219771
142600 325 -6313406.377377065
142700 325 -6254012.565788606
142800 325 -6281691.947213246
142900 325 -6346088.153782805
143000 325 -6355868.680325529
143100 325 -6350394.012003416
143200 325 -6374153.552930461
143300 325 -6333819.050198954
143400 325 -6313416.368579646
143500 325 -6337242.649424789
143600 325 -6234152.756332267
143700 325 -6278095.214727605
143800 325 -6270988.002477461
143900 325 -6250680.476749036
144000 325 -6295467.849628191
144100 325 -6293366.927392269
144200 325 -6320143.951858642
144300 325 -6307714.982551527
144400 325 -6329741.813218059
144500 325 -6342189.662086952
144600 325 -6352874.513827903
144700 325 -6328787.380004677
144800 325 -6360023.182081504
144900 325 -6248282.72211261
145000 325 -6339300.255223915
145100 325 -6305171.707197165
145200 325 -6345637.906404585
145300 325 -6476141.424618547
145400 325 -6400447.358587162
145500 325 -6274455.585473632
145600 325 -6336575.892670343
145700 325 -6358619.319167847
145800 325 -6284530.372085009
145900 325 -6320118.073556859
146000 325 -6415860.241562242
146100 325 -6392390.493381348
146200 325 -6320967.728709547
146300 325 -6354473.294874826
146400 325 -6330244.551377254
146500 325 -6316768.161146009
146600 325 -6300431.020320567
146700 325 -6245555.236320633
146800 325 -6353184.086216678
146900 325 -6257477.774921333
147000 325 -6238885.502637454
147100 325 -6380770.724904954
147200 325 -6315512.181333597
147300 325 -6332737.405730978
147400 325 -6326069.988127461
147500 325 -6359738.047229307
147600 325 -6287608.348989849
147700 325 -6245108.14267957
147800 325 -6383706.127750948
147900 325 -6340654.34101036
148000 325 -6351043.306943102
148100 325 -6286062.18884753
148200 325 -6360766.319707349
148300 325 -6379549.049438985
148400 325 -6361004.883396883
148500 325 -6312465.732115697
148600 325 -6222643.331463881
148700 325 -6362050.590874754
148800 325 -6323870.233683387
148900 325 -6356289.694015585
149000 325 -6478292.291674612
149100 325 -6321859.767502245
149200 325 -6373794.833852754
149300 325 -6340913.942192083
149400 325 -6323232.523078712
149500 325 -6397885.489283771
149600 325 -6296860.487451795
149700 325 -6406921.461109549
149800 325 -6380883.07256103
149900 325 -6318958.772384063
150000 325 -6384911.159028575
150100 325 -6325716.304993903
150200 325 -6275939.955287882
150300 325 -6325180.062582394
150400 325 -6393498.305807108
150500 325 -6264680.024458503
150600 325 -6305737.758810949
150700 325 -6364682.702153936
150800 325 -6338301.046206867
150900 325 -6296030.428423934
151000 325 -6346340.367404766
151100 325 -6328676.123231363
151200 325 -6289877.313495852
151300 325 -6414272.068773277
151400 325 -6338007.6511786
151500 325 -6226407.359985026
151600 325 -6432931.823679031
151700 325 -6358075.615165332
151800 325 -6313077.82621442
151900 325 -6298450.379856568
152000 325 -6322310.256319136
152100 325 -6313338.097762801
152200 325 -6338779.98836095
152300 325 -6268637.68675722
152400 325 -6298355.891499514
152500 325 -6360622.276662121
152600 325 -6323431.43404681
152700 325 -6327442.247301197
152800 325 -6292282.028821914
152900 325 -6351479.37769383
153000 325 -6313612.487244817
153100 325 -6287092.171696302
153200 325 -6366863.294300567
153300 325 -6358035.596788222
153400 325 -6317720.150525231
153500 325 -6243429.822056262
153600 325 -6311546.667617227
153700 325 -6386828.281927118
153800 325 -6430719.1582615
153900 325 -6312122.56461627
154000 325 -6300789.930184424
154100 325 -6322348.567538294
154200 325 -6246344.775731195
154300 325 -6375900.292783575
154400 325 -6424360.029988926
154500 325 -6400138.610195218
154600 325 -6320563.203101397
154700 325 -6304144.796230849
154800 325 -6243472.338803126
154900 325 -6410178.006876292
155000 325 -6328548.797594575
155100 325 -6301177.041168319
155200 325 -6293013.874159113
155300 325 -6354061.027928267
155400 325 -6329349.283503753
155500 325 -6319791.935102482
155600 325 -6417150.226219743
155700 325 -6340808.775556254
155800 325 -6371380.784951152
155900 325 -6228238.767938443
156000 325 -6392248.576761032
156100 325 -6430255.81841433
156200 325 -6345838.883985728
156300 325 -6355087.133347955
156400 325 -6374810.133986177
156500 325 -6302990.957515974
156600 325 -6255301.90178715
156700 325 -6305110.731242028
156800 325 -6403227.884646251
156900 325 -6341263.628771304
157000 325 -6362250.820811905
157100 325 -6257849.621325848
157200 325 -6279662.366578323
157300 325 -6408093.918620942
157400 325 -6304428.115710557
157500 325 -6349847.818059135
157600 325 -6334560.602777176
157700 325 -6386846.29725761
157800 325 -6401534.947193572
157900 325 -6371312.160449349
158000 325 -6386785.433923641
158100 325 -6253734.16119965
158200 325 -6383276.387799587
158300 325 -6322495.533606086
158400 325 -6321535.575021993
158500 325 -6277890.224889452
158600 325 -6343184.540011066
158700 325 -6295999.499406592
158800 325 -6339018.22658373
158900 325 -6411677.558170585
159000 325 -6302883.651413983
159100 325 -6318524.135483233
159200 325 -6368310.28247632
159300 325 -6360177.434436088
159400 325 -6286018.007160617
159500 325 -6323524.960915472
159600 325 -6314832.609000027
159700 325 -6330319.556710896
159800 325 -6389629.498700295
159900 325 -6389119.353933414
160000 325 -6316100.432050076
160100 325 -6336834.365533034
160200 325 -6399087.831505152
160300 325 -6309699.010809018
160400 325 -6314595.365555744
160500 325 -6371720.711193569
160600 325 -6390046.184226528
160700 325 -6283383.372508555
160800 325 -6323325.680436946
160900 325 -6262000.560222605
161000 325 -6406348.098493251
161100 325 -6440886.199108719
161200 325 -6356218.276887601
161300 325 -6280204.432389725
161400 325 -6463546.803323764
161500 325 -6308352.033671029
161600 325 -6324111.251767656
161700 325 -6294747.100267854
161800 325 -6358418.411100199
161900 325 -6374871.872976136
162000 325 -6319256.876354273
162100 325 -6342298.249153515
162200 325 -6355121.603191054
162300 325 -6376740.715888911
162400 325 -6336450.198504528
162500 325 -6330008.458206808
162600 325 -6361271.145331815
162700 325 -6348783.064309898
162800 325 -6332307.971955961
162900 325 -6349840.412194207
163000 325 -6344323.308085961
163100 325 -6287034.363578625
163200 325 -6394745.420976797
163300 325 -6348130.795096399
163400 325 -6344252.032646417
163500 325 -6363810.576142177
163600 325 -6285979.221854651
163700 325 -6342920.773388812
163800 325 -6370426.98974073
163900 325 -6407752.19698061
164000 325 -6356170.98309272
164100 325 -6356643.266061455
164200 325 -6364115.460114087
164300 325 -6398880.447950952
164400 325 -6332647.635241399
164500 325 -6380099.26569083
164600 325 -6352481.346670238
164700 325 -6268033.921713604
164800 325 -6318284.855863357
164900 325 -6288315.02282168
165000 325 -6211454.186037097
165100 325 -6346958.510260829
165200 325 -6307277.448749013
165300 325 -6320681.296739181
165400 325 -6288400.520101627
165500 325 -6366846.624614671
165600 325 -6293530.761486561
165700 325 -6377426.436491315
165800 325 -6298092.528345311
165900 325 -6302299.383751959
166000 325 -6401591.061912596
166100 325 -6392208.936488092
166200 325 -6341169.078544053
166300 325 -6309858.179661144
166400 325 -6364252.620280918
166500 325 -6341380.053345818
166600 325 -6310461.269191473
166700 325 -6370518.208986223
166800 325 -6316499.204061573
166900 325 -6352719.034501272
167000 325 -6354878.557592047
167100 325 -6337719.197665963
167200 325 -6265400.792856684
167300 325 -6289130.473488334
167400 325 -6345095.420659846
167500 325 -6356518.480939728
167600 325 -6181519.134281575
167700 325 -6392534.088395184
167800 325 -6228976.550197868
167900 325 -6339683.813141409
168000 325 -6332260.364276499
168100 325 -6341483.902535601
168200 325 -6349582.635766081
168300 325 -6353522.333030587
168400 325 -6414704.687852634
168500 325 -6351817.603728081
168600 325 -6311757.051524403
168700 325 -6265473.404434253
168800 325 -6358854.286249748
168900 325 -6244893.180337045
169000 325 -6319023.237937424
169100 325 -6425467.844506019
169200 325 -6400373.861084438
169300 325 -6303144.750991906
169400 325 -6298577.433618546
169500 325 -6320710.654548684
169600 325 -6331514.216460438
169700 325 -6280328.766238738
169800 325 -6288434.488688913
169900 325 -6303273.286519029
170000 325 -6329274.573482256
170100 325 -6306917.689727605
170200 325 -6296251.556207208
170300 325 -6370177.924148113
170400 325 -6337513.047581842
170500 325 -6384679.412199191
170600 325 -6322985.995220447
170700 325 -6301989.153279826
170800 325 -6375137.435572709
170900 325 -6387496.515498409
171000 325 -6303248.46995084
171100 325 -6408244.086037327
171200 325 -6351860.23907232
171300 325 -6296113.195552602
171400 325 -6326334.941946201
171500 325 -6257537.048801128
171600 325 -6406366.489013994
171700 325 -6282579.978983142
171800 325 -6359797.119565872
171900 325 -6348779.3178013
172000 325 -6243928.66649727
172100 325 -6328050.176909992
172200 325 -6292457.713237233
172300 325 -6345924.146091823
172400 325 -6320082.295702351
172500 325 -6303432.057073059
172600 325 -6366341.673264049
172700 325 -6243217.258954003
172800 325 -6303505.507653937
172900 325 -6318088.061079198
173000 325 -6450147.728305155
173100 325 -6294783.802698964
173200 325 -6287841.467430542
173300 325 -6360666.712624937
173400 325 -6335449.21684069
173500 325 -6343116.406925773
173600 325 -6287407.622485675
173700 325 -6368263.627422848
173800 325 -6323003.342903852
173900 325 -6414434.385630224
174000 325 -6307637.038324942
174100 325 -6366342.832968509
174200 325 -6344370.640641961
174300 325 -6317798.712369693
174400 325 -6346342.473384335
174500 325 -6359198.656245248
174600 325 -6350108.785984404
174700 325 -6352933.59454724
174800 325 -6405187.87032654
174900 325 -6307202.352835132
175000 325 -6356066.264224673
175100 325 -6304956.058378859
175200 325 -6408272.035617893
175300 325 -6396044.966375407
175400 325 -6257703.844452525
175500 325 -6356608.703796232
175600 325 -6372237.759484692
175700 325 -6356997.270700873
175800 325 -6445472.295402076
175900 325 -6366684.628236792
176000 325 -6343693.456966737
176100 325 -6251148.925888233
176200 325 -6303284.24891616
176300 325 -6262604.467361426
176400 325 -6286065.138560999
176500 325 -6366225.661179094
176600 325 -6413084.671319935
176700 325 -6269996.135663169
176800 325 -6299595.673975319
176900 325 -6331698.885917488
177000 325 -6390696.7996008
177100 325 -6303218.819266623
177200 325 -6339723.752032109
177300 325 -6334721.417308322
177400 325 -6413905.650596948
177500 325 -6368761.885151966
177600 325 -6353096.211608201
177700 325 -6287431.813029902
177800 325 -6305687.275832814
177900 325 -6368036.097091148
178000 325 -6355427.334271541
178100 325 -6316433.869859401
178200 325 -6363350.188731771
178300 325 -6312666.831467869
178400 325 -6414950.281878928
178500 325 -6270854.809828824
178600 325 -6300900.287644614
178700 325 -6301802.943613186
178800 325 -6414480.569285844
178900 325 -6338655.930713459
179000 325 -6288847.066259572
179100 325 -6238469.23644762
179200 325 -6348906.847717436
179300 325 -6387134.237216997
179400 325 -6335337.462508312
179500 325 -6360766.225769417
179600 325 -6292698.974471197
179700 325 -6326143.920351021
179800 325 -6377380.428074134
179900 325 -6272901.222489067
180000 325 -6344880.409209017
180100 325 -6232613.952889536
180200 325 -6308049.379364996
180300 325 -6327758.33054384
180400 325 -6313094.140846541
180500 325 -6342034.473768323
180600 325 -6299501.846874671
180700 325 -6338987.459390692
180800 325 -6368616.915752592
180900 325 -6339439.005574487
181000 325 -6319679.615362859
181100 325 -6287804.160361549
181200 325 -6405037.511568138
181300 325 -6314556.761980042
181400 325 -6440465.265513042
181500 325 -6348101.083956748
181600 325 -6434252.750695268
181700 325 -6261042.792400276
181800 325 -6424138.775550077
181900 325 -6391495.031238665
182000 325 -6242839.4421702
182100 325 -6279493.981958557
182200 325 -6332101.884412702
182300 325 -6357816.401385995
182400 325 -6355924.633464327
182500 325 -6344472.825327467
182600 325 -6344039.143575355
182700 325 -6261225.032112999
182800 325 -6298566.068233039
182900 325 -6319123.803555395
183000 325 -6367471.310977689
183100 325 -6360655.987102533
183200 325 -6403798.404877407
183300 325 -6296031.645140621
183400 325 -6348199.901385319
183500 325 -6410518.01768977
183600 325 -6257651.83178628
183700 325 -6375403.095635537
183800 325 -6318087.671130439
183900 325 -6362555.608353304
184000 325 -6353071.009004884
184100 325 -6328933.112498997
184200 325 -6386580.931318029
184300 325 -6384733.329208164
184400 325 -6327374.700900397
184500 325 -6326112.185439895
184600 325 -6327882.941553678
184700 325 -6343341.484353133
184800 325 -6369178.234303597
184900 325 -6351834.564406301
185000 325 -6306140.743037965
185100 325 -6330532.566545149
185200 325 -6312521.273155365
185300 325 -6368883.119497038
185400 325 -6285778.992687961
185500 325 -6383826.080768477
185600 325 -6382580.018961594
185700 325 -6236322.235287871
185800 325 -6301175.228844308
185900 325 -6353694.242875478
186000 325 -6369580.822813172
186100 325 -6301084.72948401
186200 325 -6312299.389598841
186300 325 -6366452.889216672
186400 325 -6344250.098132024
186500 325 -6291380.816204615
186600 325 -6285861.168443525
186700 325 -6317295.71069887
186800 325 -6399041.943505706
186900 325 -6309210.016495448
187000 325 -6353432.628518573
187100 325 -6362077.130488905
187200 325 -6249236.353769704
187300 325 -6320116.963748781
187400 325 -6370388.500303457
187500 325 -6352024.738835683
187600 325 -6370176.93186155
187700 325 -6276567.076974658
187800 325 -6351113.24188189
187900 325 -6433794.937397216
188000 325 -6370745.978123044
188100 325 -6291243.480814639
188200 325 -6347794.096033234
188300 325 -6326630.86779183
188400 325 -6294311.976531919
188500 325 -6336579.68199138
188600 325 -6333213.458967846
188700 325 -6301926.692904094
188800 325 -6368657.826589325
188900 325 -6305728.122274038
189000 325 -6373210.182626935
189100 325 -6260463.272628839
189200 325 -6296961.271635212
189300 325 -6335086.755684286
189400 325 -6295510.704043268
189500 325 -6326103.585842868
189600 325 -6329984.512951681
189700 325 -6348539.928217819
189800 325 -6401632.196948856
189900 325 -6316154.092480185
190000 325 -6303677.886454512
190100 325 -6302635.123000204
190200 325 -6368800.085404668
190300 325 -6333668.208009442
190400 325 -6291577.070191542
190500 325 -6397734.654222021
190600 325 -6319238.171703708
190700 325 -6292847.226272475
190800 325 -6375119.97976744
190900 325 -6397404.289086901
191000 325 -6292857.33216761
191100 325 -6358778.252268232
191200 325 -6335930.247830521
191300 325 -6352984.394159965
191400 325 -6358253.961066285
191500 325 -6316208.362941642
191600 325 -6345023.516448544
191700 325 -6284064.592648458
191800 325 -6333223.134228723
191900 325 -6341275.64416327
192000 325 -6325865.064763623
192100 325 -6404033.810622494
192200 325 -6301880.842640749
192300 325 -6356490.61658805
192400 325 -6244942.980641343
192500 325 -6394466.273328479
192600 325 -6270011.884008723
192700 325 -6308787.386570616
192800 325 -6328233.669320163
192900 325 -6330593.608861583
193000 325 -6311121.772438731
193100 325 -6359640.184277023
193200 325 -6355917.262817223
193300 325 -6298045.459733846
193400 325 -6249455.377498408
193500 325 -6339501.153493986
193600 325 -6352603.373721675
193700 325 -6352665.267216451
193800 325 -6395626.158422478
193900 325 -6320819.954340234
194000 325 -6328876.37252035
194100 325 -6426059.833300673
194200 325 -6299110.59899497
194300 325 -6245818.624962209
194400 325 -6316648.270464795
194500 325 -6347352.809971608
194600 325 -6374112.597294155
194700 325 -6320243.973298198
194800 325 -6367750.561340508
194900 325 -6380931.125734374
195000 325 -6302406.857020187
195100 325 -6260154.13301317
195200 325 -6404026.004038873
195300 325 -6388066.237374137
195400 325 -6398404.23247496
195500 325 -6266620.46649302
195600 325 -6388504.323422648
195700 325 -6353375.669985007
195800 325 -6307786.705242832
195900 325 -6351444.563277546
196000 325 -6333864.176094466
196100 325 -6348136.798511519
196200 325 -6379298.360377518
196300 325 -6260482.019333871
196400 325 -6436150.165824094
196500 325 -6423406.72464334
196600 325 -6323406.029946445
196700 325 -6290469.242649242
196800 325 -6370060.229109356
196900 325 -6212130.512431084
197000 325 -6284653.481313761
197100 325 -6363076.447191169
197200 325 -6371808.32506733
197300 325 -6326797.658908034
197400 325 -6398553.810412295
197500 325 -6294896.464290927
197600 325 -6321740.109311925
197700 325 -6308672.944820806
197800 325 -6304390.484157985
197900 325 -6340009.731906614
198000 325 -6382723.563091574
198100 325 -6306613.842238126
198200 325 -6272069.022720511
198300 325 -6340991.242082759
198400 325 -6381852.055413808
198500 325 -6385575.879578899
198600 325 -6343004.231771863
198700 325 -6319925.377895087
198800 325 -6325467.251539194
198900 325 -6296493.613527816
199000 325 -6321902.901163883
199100 325 -6350663.595463708
199200 325 -6352060.50122747
199300 325 -6372522.560686812
199400 325 -6408808.722716747
199500 325 -6347250.078804944
199600 325 -6310589.453702932
199700 325 -6287533.082493914
199800 325 -6371013.626695209
199900 325 -6310877.414557416
200000 325 -6323922.521758139
200100 325 -6283076.997207958
200200 325 -6308316.752707304
200300 325 -6360744.808853298
200400 325 -6351473.294426205
200500 325 -6309369.062993993
200600 325 -6380627.733785558
200700 325 -6342982.305114239
200800 325 -6358525.269797618
200900 325 -6299674.959519401
201000 325 -6329230.231320322
201100 325 -6353743.435599044
201200 325 -6316134.175404636
201300 325 -6353562.656024374
201400 325 -6280500.437664464
201500 325 -6319973.803356489
201600 325 -6330744.997608777
201700 325 -6368210.895084186
201800 325 -6284807.209242994
201900 325 -6436514.099343502
202000 325 -6365130.283669599
202100 325 -6261652.468600856
202200 325 -6234495.372472113
202300 325 -6375278.278292017
202400 325 -6461550.103888412
202500 325 -6341740.445874715
202600 325 -6269705.721361654
202700 325 -6347525.954109206
202800 325 -6346374.021105621
202900 325 -6310251.363620676
203000 325 -6257253.521935428
203100 325 -6408777.863360704
203200 325 -6316524.35088232
203300 325 -6402933.468793118
203400 325 -6304818.276959813
203500 325 -6322238.841574353
203600 325 -6320813.072932241
203700 325 -6296332.569380217
203800 325 -6389566.919394018
203900 325 -6348742.019400322
204000 325 -6430585.348540252
204100 325 -6396442.295688061
204200 325 -6338500.006690217
204300 325 -6284675.199595423
204400 325 -6358481.864812259
204500 325 -6399709.035469091
204600 325 -6354907.723395459
204700 325 -6386194.012539215
204800 325 -6352682.583216429
204900 325 -6377100.361575039
205000 325 -6308185.557164426
205100 325 -6267264.200852308
205200 325 -6360166.167454053
205300 325 -6249789.957562286
205400 325 -6309597.797341384
205500 325 -6232999.252899665
205600 325 -6378955.181701034
205700 325 -6292370.976673746
205800 325 -6428593.865277406
205900 325 -6346449.459048912
206000 325 -6385106.687066783
206100 325 -6312958.266230687
206200 325 -6315973.72211623
206300 325 -6329463.327945171
206400 325 -6406144.145609736
206500 325 -6419378.893222708
206600 325 -6333023.152513774
206700 325 -6351130.414832015
206800 325 -6250732.785490768
206900 325 -6359180.85918024
207000 325 -6300069.879773404
207100 325 -6326063.71468533
207200 325 -6320322.20838003
207300 325 -6361964.85648262
207400 325 -6405595.505809507
207500 325 -6354206.018981278
207600 325 -6281562.180507731
207700 325 -6378006.146226022
207800 325 -6337446.636368668
207900 325 -6293513.419157228
208000 325 -6324862.882893302
208100 325 -6393188.520559374
208200 325 -6340453.130791393
208300 325 -6387434.987204018
208400 325 -6412355.803359646
208500 325 -6312480.41833474
208600 325 -6446724.852623986
208700 325 -6290294.023314627
208800 325 -6263005.737340247
208900 325 -6278249.800207542
209000 325 -6414537.740971092
209100 325 -6359528.271710787
209200 325 -6326048.769104058
209300 325 -6324113.602776643
209400 325 -6313627.690183016
209500 325 -6333036.623161134
209600 325 -6325527.413065949
209700 325 -6263671.769997943
209800 325 -6238452.165940795
209900 325 -6270711.571134501
210000 325 -6341741.392710972
210100 325 -6369094.383924449
210200 325 -6314626.918967983
210300 325 -6375955.259068688
210400 325 -6372614.690538043
210500 325 -6337571.064730313
210600 325 -6402186.965370778
210700 325 -6364651.279543637
210800 325 -6382703.628499066
210900 325 -6370017.818609619
211000 325 -6286717.21633774
211100 325 -6281380.939919496
211200 325 -6349392.458183698
211300 325 -6353772.768295598
211400 325 -6341325.61964523
211500 325 -6314991.530650181
211600 325 -6295185.62602829
211700 325 -6364629.933596517
211800 325 -6342811.203409644
211900 325 -6304841.65264676
212000 325 -6302666.131446404
212100 325 -6262627.276492493
212200 325 -6378821.122953829
212300 325 -6402587.662376503
212400 325 -6360953.432979576
212500 325 -6296421.119860975
212600 325 -6417129.525530018
212700 325 -6319239.742806637
212800 325 -6328819.632800913
212900 325 -6349908.438622253
213000 325 -6375698.737771607
213100 325 -6358780.46653579
213200 325 -6340859.907795874
213300 325 -6354297.000255208
213400 325 -6369095.138869387
213500 325 -6320034.446269522
213600 325 -6304193.248543527
213700 325 -6367322.202437721
213800 325 -6356124.130720088
213900 325 -6376569.922108484
214000 325 -6335354.064357498
214100 325 -6367323.752595925
214200 325 -6374419.943260066
214300 325 -6283166.739425492
214400 325 -6309518.050914571
214500 325 -6284296.423000086
214600 325 -6359855.140463362
214700 325 -6319854.808538791
214800 325 -6350466.514189005
214900 325 -6356662.692532344
215000 325 -6324449.11824084
215100 325 -6343664.929237667
215200 325 -6389179.802410636
215300 325 -6300925.332202768
215400 325 -6373599.623342691
215500 325 -6341248.751100093
215600 325 -6385949.334503299
215700 325 -6360137.140332093
215800 325 -6353050.002102507
215900 325 -6325604.814980557
216000 325 -6376849.813546951
216100 325 -6357623.061847229
216200 325 -6297383.20980815
216300 325 -6292783.237523541
216400 325 -6309473.703388943
216500 325 -6348662.534262633
216600 325 -6364943.115296304
216700 325 -6397441.563248137
216800 325 -6350920.2550986
216900 325 -6320340.492043789
217000 325 -6325081.826294577
217100 325 -6298487.360506082
217200 325 -6282691.476085716
217300 325 -6281869.018292226
217400 325 -6415176.795065038
217500 325 -6324841.710589724
217600 325 -6345733.100464158
217700 325 -6386582.440387255
217800 325 -6422094.003547177
217900 325 -6284857.863106836
218000 325 -6376522.980356989
218100 325 -6325735.508383151
218200 325 -6387511.945652224
218300 325 -6299495.591610484
218400 325 -6364328.010268152
218500 325 -6343167.309674749
218600 325 -6285055.105898712
218700 325 -6337081.72854777
218800 325 -6345239.546813129
218900 325 -6360330.513126327
219000 325 -6382686.072629617
219100 325 -6328286.580049446
219200 325 -6330064.642588092
219300 325 -6327205.173577439
219400 325 -6334305.805557799
219500 325 -6404593.573485447
219600 325 -6290177.263488784
219700 325 -6322252.547958801
219800 325 -6193932.513009606
219900 325 -6348556.093062217
220000 325 -6350930.536690144
220100 325 -6321936.740604268
220200 325 -6304044.214186098
220300 325 -6347606.854212673
220400 325 -6353109.878660826
220500 325 -6324351.826381336
220600 325 -6407016.810292088
220700 325 -6331980.13320154
220800 325 -6302121.148503185
220900 325 -6341952.63628572
221000 325 -6354017.245475443
221100 325 -6351842.976271712
221200 325 -6280778.644642981
221300 325 -6344996.948891548
221400 325 -6274622.264530653
221500 325 -6334080.596318022
221600 325 -6272075.789523089
221700 325 -6358769.735411388
221800 325 -6331549.480352405
221900 325 -6300865.608967504
222000 325 -6320828.597621709
222100 325 -6303372.167634821
222200 325 -6362179.533630282
222300 325 -6348748.777200194
222400 325 -6344060.070332367
222500 325 -6302540.093749644
222600 325 -6373940.802177728
222700 325 -6331696.031737786
222800 325 -6362465.897712123
222900 325 -6366023.23886307
223000 325 -6417823.483350465
223100 325 -6380702.136543581
223200 325 -6276667.365953215
223300 325 -6273019.843893167
223400 325 -6314216.079462687
223500 325 -6320460.694295275
223600 325 -6315429.288512489
223700 325 -6264694.01172755
223800 325 -6277610.640625381
223900 325 -6333889.538958053
224000 325 -6313681.894135552
224100 325 -6256431.38166381
224200 325 -6297091.35235966
224300 325 -6330907.235075665
224400 325 -6333210.347416947
224500 325 -6378842.67326958
224600 325 -6359126.344341256
224700 325 -6278026.07831524
224800 325 -6317930.00106011
224900 325 -6325666.405642271
225000 325 -6371640.368681071
225100 325 -6332366.965071172
225200 325 -6310870.834580657
225300 325 -6387161.987687486
225400 325 -6362827.118326953
225500 325 -6323864.146016108
225600 325 -6348735.989923411
225700 325 -6381444.694403646
225800 325 -6323938.698121251
225900 325 -6206316.025618467
226000 325 -6339216.220379934
226100 325 -6352488.705979044
226200 325 -6339910.52344681
226300 325 -6329407.032369231
226400 325 -6363673.91185717
226500 325 -6280764.23492298
226600 325 -6325420.403211152
226700 325 -6190559.162548881
226800 325 -6448379.239709182
226900 325 -6359285.251916938
227000 325 -6307037.867142016
227100 325 -6350030.860697826
227200 325 -6339198.594510751
227300 325 -6320436.507624983
227400 325 -6438073.541070534
227500 325 -6330061.127654356
227600 325 -6298978.198891547
227700 325 -6445787.388274918
227800 325 -6310892.560463696
227900 325 -6376940.059375063
228000 325 -6336817.836810115
228100 325 -6339368.01384283
228200 325 -6285834.25190928
228300 325 -6271809.49251882
228400 325 -6405429.993621859
228500 325 -6328199.859902651
228600 325 -6364758.787875548
228700 325 -6361003.173669115
228800 325 -6339634.816597745
228900 325 -6318918.251419389
229000 325 -6386591.78996107
229100 325 -6345530.211781574
229200 325 -6260084.324779756
229300 325 -6353647.284829701
229400 325 -6407284.72740856
229500 325 -6309959.976354356
229600 325 -6382914.518580194
229700 325 -6263769.792278285
229800 325 -6399769.244542083
229900 325 -6306076.933215674
230000 325 -6301963.879782147
230100 325 -6384920.013289542
230200 325 -6281100.502227698
230300 325 -6357248.066505935
230400 325 -6379714.048953161
230500 325 -6304072.741259046
230600 325 -6281706.356164237
230700 325 -6222927.436303306
230800 325 -6341697.099918438
230900 325 -6333252.753543172
231000 325 -6364022.431171654
231100 325 -6405878.709150348
231200 325 -6396569.168265396
231300 325 -6415507.912649149
231400 325 -6303549.45006079
231500 325 -6403091.202627451
231600 325 -6338219.919963062
231700 325 -6335608.195924491
231800 325 -6285653.359982545
231900 325 -6350192.393375132
232000 325 -6281068.556370446
232100 325 -6395193.214584844
232200 325 -6271566.346860284
232300 325 -6327264.472689158
232400 325 -6317187.100859518
232500 325 -6342054.477771105
232600 325 -6358951.553798425
232700 325 -6367611.903401863
232800 325 -6296897.984159326
232900 325 -6309819.10655644
233000 325 -6329830.288861156
233100 325 -6323188.856856767
233200 325 -6322352.079685595
233300 325 -6330895.661600923
233400 325 -6359593.370674827
233500 325 -6393187.34818465
233600 325 -6410881.200944656
233700 325 -6396019.330208346
233800 325 -6369875.36596953
233900 325 -6323078.55920813
234000 325 -6314141.825406958
234100 325 -6339114.016665541
234200 325 -6352243.392380724
234300 325 -6317428.109902965
234400 325 -6305271.811750495
234500 325 -6351086.228266278
234600 325 -6223806.599766332
234700 325 -6357571.536572582
234800 325 -6383004.824465878
234900 325 -6411994.653545388
235000 325 -6277388.301517487
235100 325 -6387414.136095461
235200 325 -6376577.713201137
235300 325 -6272655.278591541
235400 325 -6365835.834788311
235500 325 -6324709.553748677
235600 325 -6365647.745682389
235700 325 -6377803.743734688
235800 325 -6339890.633081211
235900 325 -6284867.831015368
236000 325 -6401042.042871507
236100 325 -6304943.45630319
236200 325 -6412959.850648909
236300 325 -6274880.729014963
236400 325 -6396057.688332399
236500 325 -6376334.275556745
236600 325 -6273876.460004698
236700 325 -6309682.125024704
236800 325 -6347350.078556493
236900 325 -6323767.231680112
237000 325 -6415806.299829904
237100 325 -6325245.77768825
237200 325 -6279534.31328919
237300 325 -6312801.498137257
237400 325 -6381492.521682093
237500 325 -6304301.222246774
237600 325 -6335836.433584498
237700 325 -6309399.085024497
237800 325 -6335090.86647782
237900 325 -6338754.976091508
238000 325 -6425550.781571437
238100 325 -6382795.553834699
238200 325 -6415634.70147088
238300 325 -6311236.336575527
238400 325 -6298106.629273623
238500 325 -6372890.87667915
238600 325 -6445287.403741555
238700 325 -6327940.284350706
238800 325 -6366166.645381616
238900 325 -6294839.180814235
239000 325 -6394911.286250592
239100 325 -6266165.407668466
239200 325 -6444806.391764037
239300 325 -6394838.469500924
239400 325 -6343360.407054658
239500 325 -6337016.738005773
239600 325 -6312525.040838053
239700 325 -6286765.824988924
239800 325 -6375206.406344393
239900 325 -6368883.95773304
240000 325 -6352972.95145316
240100 325 -6330646.485357616
240200 325 -6300972.112895785
240300 325 -6317395.937966376
240400 325 -6374694.142666613
240500 325 -6293073.490069589
240600 325 -6365635.960607994
240700 325 -6359947.658987746
240800 325 -6379324.83736359
240900 325 -6234253.988670181
241000 325 -6312127.080487411
241100 325 -6362325.905724914
241200 325 -6341322.834492555
241300 325 -6299339.077364828
241400 325 -6328866.521706255
241500 325 -6314512.95267619
241600 325 -6372683.316883132
241700 325 -6369552.740984216
241800 325 -6293471.206381697
241900 325 -6306925.287181741
242000 325 -6391016.420702539
242100 325 -6352627.944141935
242200 325 -6230366.269768821
242300 325 -6341873.641703027
242400 325 -6341831.569296651
242500 325 -6339487.478241444
242600 325 -6267863.614176678
242700 325 -6324272.326276464
242800 325 -6328641.453763021
242900 325 -6363605.417047537
243000 325 -6348958.375966545
243100 325 -6273092.49957959
243200 325 -6319190.807808764
243300 325 -6393132.186251381
243400 325 -6320099.817278303
243500 325 -6386819.154847165
243600 325 -6274271.054422421
243700 325 -6281859.366219858
243800 325 -6449454.685130626
243900 325 -6310603.74139955
244000 325 -6320500.762664095
244100 325 -6343716.458750995
244200 325 -6371290.486953698
244300 325 -6298976.085447001
244400 325 -6279175.553642943
244500 325 -6378338.067616649
244600 325 -6331867.618043479
244700 325 -6324336.978084585
244800 325 -6305704.203832928
244900 325 -6335341.721526483
245000 325 -6314909.98473998
245100 325 -6327154.831631405
245200 325 -6359002.339301281
245300 325 -6328428.117879478
245400 325 -6238684.770047425
245500 325 -6300667.759676065
245600 325 -6335655.092489338
245700 325 -6317542.253521217
245800 325 -6352793.892909119
245900 325 -6271806.307053145
246000 325 -6359353.301141426
246100 325 -6336106.102484889
246200 325 -6320034.442189581
246300 325 -6375609.255515313
246400 325 -6250193.476412504
246500 325 -6332963.712017454
246600 325 -6362329.798360683
246700 325 -6337934.071753029
246800 325 -6258476.513562556
246900 325 -6338543.355965554
247000 325 -6264843.900546379
247100 325 -6254479.514526807
247200 325 -6389923.841720169
247300 325 -6351527.220760838
247400 325 -6322650.314199527
247500 325 -6333978.418100572
247600 325 -6330468.430235926
247700 325 -6352874.75280463
247800 325 -6288953.89943412
247900 325 -6275811.024703654
248000 325 -6360618.217980914
248100 325 -6326573.915185019
248200 325 -6313852.000892445
248300 325 -6329823.25808938
248400 325 -6305930.720636465
248500 325 -6301347.377530113
248600 325 -6249059.802287421
248700 325 -6207261.569394082
248800 325 -6376146.466565094
248900 325 -6322747.361038542
249000 325 -6368505.286407201
249100 325 -6326797.366337979
249200 325 -6350278.711857341
249300 325 -6370763.652646763
249400 325 -6268586.729628541
249500 325 -6243178.202342818
249600 325 -6400038.676821854
249700 325 -6346557.608394483
249800 325 -6326853.375120025
249900 325 -6291007.578254929
250000 325 -6360512.559468793
250100 325 -6295170.114001282
250200 325 -6422332.025888817
250300 325 -6355947.276545463
250400 325 -6382690.392303191
250500 325 -6410047.563646348
250600 325 -6347717.376953015
250700 325 -6430137.097552559
250800 325 -6266388.874840767
250900 325 -6351678.474659638
251000 325 -6336499.036445955
251100 325 -6360733.932740817
251200 325 -6368477.373899246
251300 325 -6356827.541205464
251400 325 -6320767.33084806
251500 325 -6347031.294834647
251600 325 -6398887.48937171
251700 325 -6329817.790239165
251800 325 -6260013.472474105
251900 325 -6359029.518256355
252000 325 -6336050.750009948
252100 325 -6334088.257739687
252200 325 -6338912.940255995
252300 325 -6378518.163297631
252400 325 -6284169.368626533
252500 325 -6347887.514526751
252600 325 -6346065.082379056
252700 325 -6380435.766701512
252800 325 -6418357.512927771
252900 325 -6410342.573572882
253000 325 -6286045.794710288
253100 325 -6351397.227666819
253200 325 -6300342.22310387
253300 325 -6287032.980005522
253400 325 -6225774.198638126
253500 325 -6272482.024662515
253600 325 -6325222.56607759
253700 325 -6367876.3779716
253800 325 -6409695.928092621
253900 325 -6322696.357988101
254000 325 -6278066.353140634
254100 325 -6278181.927879299
254200 325 -6333931.639906608
254300 325 -6361793.160333288
254400 325 -6313128.953084439
254500 325 -6299007.634063691
254600 325 -6352889.775883084
254700 325 -6354821.38684761
254800 325 -6303025.854282822
254900 325 -6351713.912744116
255000 325 -6351641.727927679
255100 325 -6270819.078626856
255200 325 -6334624.189574969
255300 325 -6276340.800241821
255400 325 -6311096.735267559
255500 325 -6372141.542558942
255600 325 -6330944.868249306
255700 325 -6274626.834964376
255800 325 -6367287.762247654
255900 325 -6287299.101561128
256000 325 -6271466.679554304
256100 325 -6325469.671000428
256200 325 -6264469.26203589
256300 325 -6391371.914518781
256400 325 -6374043.054315874
256500 325 -6343911.736252383
256600 325 -6320910.495661637
256700 325 -6354660.840934451
256800 325 -6350701.977396883
256900 325 -6406773.241053728
257000 325 -6341216.711135752
257100 325 -6256153.239870038
257200 325 -6376127.373426412
257300 325 -6357440.777316386
257400 325 -6394062.787589574
257500 325 -6289430.297939565
257600 325 -6422141.620789384
257700 325 -6377524.150047831
257800 325 -6427849.895021334
257900 325 -6294020.369504532
258000 325 -6306307.491474872
258100 325 -6285609.514830958
258200 325 -6328107.665035553
258300 325 -6431173.050450137
258400 325 -6365901.241932362
258500 325 -6316924.270452561
258600 325 -6358460.408205632
258700 325 -6289399.03419257
258800 325 -6417483.187975942
258900 325 -6295480.977075263
259000 325 -6281928.378962618
259100 325 -6321392.567021158
259200 325 -6418607.087068572
259300 325 -6434418.718015251
259400 325 -6412808.970550826
259500 325 -6295518.897284947
259600 325 -6302204.168456297
259700 325 -6329196.96545654
259800 325 -6265714.249108676
259900 325 -6392269.208311349
260000 325 -6326414.196758731
260100 325 -6310819.726401789
260200 325 -6338259.235349303
260300 325 -6421258.908596715
260400 325 -6332999.19978961
260500 325 -6234411.082299585
260600 325 -6441265.58682744
260700 325 -6322354.699139137
260800 325 -6425344.997639352
260900 325 -6295726.724651482
261000 325 -6344397.005087934
261100 325 -6354964.756802629
261200 325 -6287063.259298617
261300 325 -6281850.604254978
261400 325 -6353904.892659571
261500 325 -6288674.599081134
261600 325 -6325036.00514517
261700 325 -6343936.570609174
261800 325 -6363085.683570832
261900 325 -6380510.389915653
262000 325 -6341025.47273273
262100 325 -6421939.814098376
262200 325 -6336209.795927294
262300 325 -6302119.758515965
262400 325 -6300358.357087633
262500 325 -6308724.359912801
262600 325 -6330962.284919119
262700 325 -6436426.023222002
262800 325 -6253879.691319054
262900 325 -6343197.220749767
263000 325 -6335129.449225979
263100 325 -6294273.76477867
263200 325 -6238925.023385692
263300 325 -6363974.098698392
263400 325 -6374312.333519421
263500 325 -6345289.723405987
263600 325 -6286617.729565816
263700 325 -6315617.633963439
263800 325 -6341897.206673237
263900 325 -6258938.242875786
264000 325 -6350058.011341441
264100 325 -6293375.326970996
264200 325 -6329243.661132379
264300 325 -6393435.098990274
264400 325 -6349626.403247039
264500 325 -6369481.867124468
264600 325 -6395938.015319651
264700 325 -6443537.180589372
264800 325 -6378780.571704512
264900 325 -6331522.936397778
265000 325 -6409959.016090664
265100 325 -6375274.780092295
265200 325 -6301789.196109707
265300 325 -6320548.802664377
265400 325 -6280308.840809139
265500 325 -6369826.337016298
265600 325 -6288162.184588313
265700 325 -6374793.127011928
265800 325 -6351001.6356342
265900 325 -6343177.126896696
266000 325 -6349984.865297136
266100 325 -6308306.311015757
266200 325 -6332985.277714693
266300 325 -6300007.425175877
266400 325 -6339464.226242216
266500 325 -6289883.594837844
266600 325 -6413535.591312042
266700 325 -6277405.705760306
266800 325 -6321465.772312059
266900 325 -6384140.699432805
267000 325 -6374825.127068249
267100 325 -6405015.374698782
267200 325 -6293386.68974524
267300 325 -6342059.998318809
267400 325 -6385002.064823261
267500 325 -6364464.949267092
267600 325 -6309827.736247867
267700 325 -6368689.383596374
267800 325 -6351200.35902143
267900 325 -6312060.962151507
268000 325 -6308018.79124633
268100 325 -6341960.328077218
268200 325 -6327306.338362575
268300 325 -6325912.848036068
268400 325 -6298707.034120522
268500 325 -6446983.525452388
268600 325 -6289175.81153083
268700 325 -6330384.31657234
268800 325 -6359420.831531119
268900 325 -6314067.650638081
269000 325 -6355253.45997894
269100 325 -6355224.722861982
269200 325 -6344037.258788701
269300 325 -6360806.863826659
269400 325 -6365860.151634557
269500 325 -6339130.531398034
269600 325 -6381067.489978189
269700 325 -6365352.708512438
269800 325 -6345167.658603193
269900 325 -6352083.004709074
270000 325 -6370045.398473876
270100 325 -6276379.381853469
270200 325 -6308764.427949991
270300 325 -6285158.86293683
270400 325 -6331768.619634446
270500 325 -6347258.256826305
270600 325 -6376800.549183568
270700 325 -6343119.795829711
270800 325 -6345050.288276305
270900 325 -6284604.193137387
271000 325 -6340704.277531456
271100 325 -6353855.167847021
271200 325 -6312423.109820759
271300 325 -6373444.523073901
271400 325 -6343071.587185173
271500 325 -6300590.643452026
271600 325 -6376713.776733605
271700 325 -6374224.699959872
271800 325 -6348266.680057323
271900 325 -6308809.511367504
272000 325 -6267665.439573901
272100 325 -6307726.379921978
272200 325 -6224932.402116756
272300 325 -6383148.225241979
272400 325 -6392261.316413913
272500 325 -6297139.19209018
272600 325 -6264025.576610506
272700 325 -6367063.773653603
272800 325 -6287067.863044976
272900 325 -6386034.296154788
273000 325 -6270921.420636808
273100 325 -6344631.161498742
273200 325 -6355723.513653683
273300 325 -6297343.435335918
273400 325 -6346835.954251886
273500 325 -6294571.870243575
273600 325 -6254068.366362898
273700 325 -6319352.289510771
273800 325 -6372654.011001043
273900 325 -6317806.924094895
274000 325 -6371842.785868078
274100 325 -6408267.455675818
274200 325 -6263688.374382043
274300 325 -6371156.870771077
274400 325 -6423877.241376564
274500 325 -6311654.744535701
274600 325 -6171843.687701551
274700 325 -6372332.778253143
274800 325 -6357552.591779452
274900 325 -6352548.210423876
275000 325 -6318724.312236873
275100 325 -6327574.833476558
275200 325 -6331830.845313651
275300 325 -6273300.640702827
275400 325 -6318971.06690424
275500 325 -6388925.077192712
275600 325 -6370606.296819683
275700 325 -6357126.406555025
275800 325 -6300733.70802427
275900 325 -6328720.946591866
276000 325 -6316168.925251605
276100 325 -6262922.26145273
276200 325 -6325974.806258114
276300 325 -6267990.690775787
276400 325 -6341371.97864214
276500 325 -6439467.290264775
276600 325 -6276589.234534633
276700 325 -6300807.471472587
276800 325 -6213093.53032625
276900 325 -6271015.806762322
277000 325 -6335942.650672417
277100 325 -6335568.530055732
277200 325 -6243738.202812084
277300 325 -6368996.165890851
277400 325 -6301766.94810855
277500 325 -6425003.207938096
277600 325 -6320767.345264936
277700 325 -6316653.833389677
277800 325 -6340696.910173352
277900 325 -6367962.138041172
278000 325 -6313200.573371288
278100 325 -6331717.14970522
278200 325 -6337974.538508229
278300 325 -6400391.524850405
278400 325 -6344818.182763796
278500 325 -6348219.512355154
278600 325 -6356025.969058989
278700 325 -6398380.233620519
278800 325 -6329065.979939407
278900 325 -6379611.393107999
279000 325 -6327924.411818132
279100 325 -6406395.536670804
279200 325 -6331553.00416641
279300 325 -6382288.436501385
279400 325 -6268271.052556749
279500 325 -6311697.456883046
279600 325 -6275498.058989641
279700 325 -6374965.111833178
279800 325 -6316731.157218548
279900 325 -6295263.860200847
280000 325 -6359827.618802249
280100 325 -6306999.681628784
280200 325 -6319237.980261713
280300 325 -6326644.759094263
280400 325 -6420708.571271983
280500 325 -6260154.268613263
280600 325 -6411265.473745828
280700 325 -6318969.345000019
280800 325 -6355674.974494345
280900 325 -6355517.138295449
281000 325 -6407627.812027263
281100 325 -6270348.671510365
281200 325 -6374266.772792265
281300 325 -6349910.315056245
281400 325 -6355258.214807973
281500 325 -6274764.536991281
281600 325 -6328434.228629984
281700 325 -6278111.15424308
281800 325 -6377049.79275031
281900 325 -6307741.316715005
282000 325 -6296800.87648105
282100 325 -6303414.78979661
282200 325 -6426016.241720516
282300 325 -6321154.702233264
282400 325 -6420651.228874089
282500 325 -6242022.685286921
282600 325 -6317071.32673585
282700 325 -6343754.899053777
282800 325 -6303072.87035358
282900 325 -6347931.833612563
283000 325 -6330907.634028197
283100 325 -6323406.262434695
283200 325 -6338793.84777861
283300 325 -6345557.418771124
283400 325 -6316005.385628744
283500 325 -6361245.798000639
283600 325 -6389196.84478648
283700 325 -6365915.890881839
283800 325 -6354306.032171493
283900 325 -6310462.494587129
284000 325 -6271872.794592027
284100 325 -6380074.412214677
284200 325 -6312981.050328646
284300 325 -6418069.195296542
284400 325 -6411161.181583466
284500 325 -6407497.412676511
284600 325 -6304761.294251883
284700 325 -6374135.311100789
284800 325 -6341454.738441588
284900 325 -6323842.680756712
285000 325 -6397251.146593094
285100 325 -6378825.697422986
285200 325 -6305082.459171956
285300 325 -6280135.530868189
285400 325 -6400889.488863872
285500 325 -6310307.675518852
285600 325 -6353702.023111776
285700 325 -6337169.871262049
285800 325 -6236477.920080546
285900 325 -6238102.571946695
286000 325 -6334499.036527977
286100 325 -6257238.942537813
286200 325 -6435962.726549826
286300 325 -6265935.831836573
286400 325 -6286685.27278581
286500 325 -6304651.747041471
286600 325 -6325861.017010643
286700 325 -6327059.644693484
286800 325 -6409041.966291699
286900 325 -6415785.597737244
287000 325 -6382710.07894178
287100 325 -6283116.672875442
287200 325 -6346360.060938604
287300 325 -6288935.979115885
287400 325 -6318969.193584042
287500 325 -6354864.962911741
287600 325 -6347848.763899986
287700 325 -6346916.400156053
287800 325 -6418356.163960507
287900 325 -6301861.366740199
288000 325 -6362150.846829483
288100 325 -6280250.689107437
288200 325 -6354204.890397283
288300 325 -6279879.477629027
288400 325 -6297741.408827187
288500 325 -6305364.557369545
288600 325 -6317138.845448946
288700 325 -6335415.009931726
288800 325 -6306940.448171588
288900 325 -6278848.199274763
289000 325 -6295215.27267216
289100 325 -6332679.810804261
289200 325 -6356943.217993397
289300 325 -6302874.310391075
289400 325 -6327240.67340599
289500 325 -6291418.656351104
289600 325 -6376192.2191556
289700 325 -6242023.162734633
289800 325 -6360453.49007008
289900 325 -6351770.881596707
290000 325 -6385991.750992801
290100 325 -6339402.25951005
290200 325 -6376950.137391058
290300 325 -6391410.878028197
290400 325 -6351292.072380645
290500 325 -6328634.43066339
290600 325 -6351310.401587021
290700 325 -6297163.020572854
290800 325 -6313714.056042645
290900 325 -6391997.949095966
291000 325 -6229846.123377295
291100 325 -6319734.168463176
291200 325 -6381364.580709137
291300 325 -6381592.365219098
291400 325 -6400684.370947204
291500 325 -6337254.952341732
291600 325 -6353990.381675364
291700 325 -6348119.584026901
291800 325 -6385617.809458843
291900 325 -6270590.708611052
292000 325 -6335699.154764927
292100 325 -6341520.813098685
292200 325 -6352938.63890129
292300 325 -6343240.735508135
292400 325 -6213628.632253219
292500 325 -6368508.897854637
292600 325 -6339699.153732361
292700 325 -6325869.584241349
292800 325 -6351696.702865778
292900 325 -6314246.445485694
293000 325 -6429414.406205453
293100 325 -6252274.470473232
293200 325 -6284942.297778956
293300 325 -6264347.449652503
293400 325 -6316505.304921354
293500 325 -6454213.98509454
293600 325 -6381665.527733947
293700 325 -6230976.405317617
293800 325 -6297717.530682094
293900 325 -6283922.412729414
294000 325 -6332114.297672473
294100 325 -6346175.415645128
294200 325 -6322383.680778133
294300 325 -6350066.443232169
294400 325 -6315294.800170137
294500 325 -6319437.11099806
294600 325 -6390704.884805718
294700 325 -6408641.674958353
294800 325 -6305375.636312481
294900 325 -6340294.07510417
295000 325 -6351655.763582512
295100 325 -6307926.010691868
295200 325 -6358655.279314021
295300 325 -6272678.403202347
295400 325 -6333104.484715703
295500 325 -6369850.798653555
295600 325 -6305909.868212176
295700 325 -6405841.555097574
295800 325 -6356162.961280767
295900 325 -6353265.086918527
296000 325 -6293501.98760532
296100 325 -6418115.543181752
296200 325 -6281910.224194054
296300 325 -6254686.659467817
296400 325 -6318810.6715432
296500 325 -6378962.247001883
296600 325 -6302503.267897936
296700 325 -6362210.393765067
296800 325 -6360137.467239495
296900 325 -6408169.130939144
297000 325 -6364236.870319019
297100 325 -6413305.213138651
297200 325 -6356386.180868795
297300 325 -6350006.986311013
297400 325 -6340144.124911848
297500 325 -6349352.034732635
297600 325 -6379952.33221087
297700 325 -6336102.052071241
297800 325 -6307928.819858762
297900 325 -6317427.090985926
298000 325 -6311185.006485304
298100 325 -6417554.113841981
298200 325 -6248943.6998957
298300 325 -6281838.733171323
298400 325 -6364874.740876487
298500 325 -6373127.194085255
298600 325 -6308093.26406146
298700 325 -6275806.111604201
298800 325 -6253989.441509496
298900 325 -6320003.927707281
299000 325 -6312927.197715735
299100 325 -6393831.010201105
299200 325 -6390676.156084704
299300 325 -6339887.611701626
299400 325 -6295856.428076401
299500 325 -6386724.315739911
299600 325 -6350547.389255002
299700 325 -6291098.64120435
299800 325 -6419994.461960143
299900 325 -6415797.782562493
300000 325 -6368361.186181817
300100 325 -6317627.606625204
300200 325 -6429399.01951717
300300 325 -6373905.764930765
300400 325 -6395711.264749567
300500 325 -6261065.982251653
300600 325 -6322253.490832092
300700 325 -6367323.957711648
300800 325 -6352617.13995338
300900 325 -6317130.304298971
301000 325 -6292565.14385963
301100 325 -6327297.60331161
301200 325 -6310813.477526933
301300 325 -6258079.430148313
301400 325 -6314370.678680709
301500 325 -6371477.377921993
301600 325 -6345038.080991029
301700 325 -6405599.093883647
301800 325 -6370288.679693081
301900 325 -6341069.305478711
302000 325 -6385983.875437185
302100 325 -6320368.273774985
302200 325 -6360521.105079763
302300 325 -6306767.839770588
302400 325 -6265673.332943169
302500 325 -6372531.235992734
302600 325 -6340256.094772222
302700 325 -6293358.855359351
302800 325 -6422226.504314354
302900 325 -6371618.765194736
303000 325 -6371749.399380428
303100 325 -6355146.486415066
303200 325 -6303024.211830724
303300 325 -6314809.59383566
303400 325 -6351228.505500174
303500 325 -6300125.682463236
303600 325 -6384863.569682754
303700 325 -6334206.703431321
303800 325 -6311472.078508735
303900 325 -6361932.648795853
304000 325 -6338949.969874603
304100 325 -6288131.683660892
304200 325 -6370534.245577336
304300 325 -6329056.887495937
304400 325 -6336797.711416887
304500 325 -6354929.739962801
304600 325 -6434469.19515066
304700 325 -6386044.131202504
304800 325 -6270918.722513244
304900 325 -6304735.901851435
305000 325 -6393492.933415961
305100 325 -6337555.68377973
305200 325 -6329977.768001938
305300 325 -6409920.373490103
305400 325 -6218189.3523743
305500 325 -6286282.085538551
305600 325 -6312010.738800636
305700 325 -6314896.614804062
305800 325 -6330259.938419489
305900 325 -6334630.478076847
306000 325 -6366221.085572526
306100 325 -6320428.609168859
306200 325 -6342151.241215514
306300 325 -6324429.772179967
306400 325 -6305478.25661651
306500 325 -6276330.319642078
306600 325 -6329769.404265446
306700 325 -6322012.984925337
306800 325 -6319774.435351829
306900 325 -6350757.68193885
307000 325 -6242518.145914692
307100 325 -6411994.442614982
307200 325 -6358543.920265095
307300 325 -6350641.693414792
307400 325 -6410394.211023756
307500 325 -6302366.37601082
307600 325 -6370191.158264039
307700 325 -6421993.288894393
307800 325 -6333952.835352648
307900 325 -6346713.805752306
308000 325 -6368916.03100182
308100 325 -6351733.877289146
308200 325 -6339460.379735395
308300 325 -6302398.885671305
308400 325 -6323409.405844999
308500 325 -6317573.425453803
308600 325 -6391633.889572489
308700 325 -6223931.114587495
308800 325 -6335728.468748674
308900 325 -6359059.869909193
309000 325 -6370523.049238274
309100 325 -6291335.012065437
309200 325 -6371101.800838783
309300 325 -6352730.7084064
309400 325 -6408956.359759771
309500 325 -6310374.117988589
309600 325 -6279616.543879953
309700 325 -6376781.712877878
309800 325 -6311117.74314378
309900 325 -6335979.894149302
310000 325 -6300978.151597298
310100 325 -6312495.234024283
310200 325 -6418544.571792463
310300 325 -6348764.689054022
310400 325 -6372596.291260559
310500 325 -6263186.843565477
310600 325 -6370219.33332577
310700 325 -6300405.203994577
310800 325 -6303619.825137712
310900 325 -6310633.406644188
311000 325 -6363471.824805904
311100 325 -6309808.005476529
311200 325 -6288580.770081203
311300 325 -6369881.297848681
311400 325 -6364539.020197503
311500 325 -6379216.921003498
311600 325 -6350761.886345652
311700 325 -6402093.358438081
311800 325 -6316845.132298761
311900 325 -6291005.26031193
312000 325 -6296747.931518919
312100 325 -6328710.066916082
312200 325 -6333730.625229215
312300 325 -6328223.039715553
312400 325 -6370072.347632522
312500 325 -6413508.211236651
312600 325 -6354387.434551181
312700 325 -6348866.28084428
312800 325 -6414424.025054025
312900 325 -6364857.464084624
313000 325 -6366686.132783284
313100 325 -6248824.812524915
313200 325 -6340880.389963874
313300 325 -6514894.215974269
313400 325 -6294296.239710478
313500 325 -6330297.432466866
313600 325 -6313491.815813339
313700 325 -6315181.668417981
313800 325 -6302758.493376417
313900 325 -6301613.37208405
314000 325 -6365289.240272867
314100 325 -6345761.229202555
314200 325 -6243347.930377326
314300 325 -6317946.922915392
314400 325 -6343757.843075337
314500 325 -6310006.609501528
314600 325 -6287573.436708458
314700 325 -6340904.611172784
314800 325 -6427389.172177443
314900 325 -6325747.133122898
315000 325 -6381414.824810218
315100 325 -6328594.050770733
315200 325 -6327089.056923819
315300 325 -6304007.204725694
315400 325 -6330343.146722394
315500 325 -6342072.307181683
315600 325 -6346610.631473921
315700 325 -6332017.11859767
315800 325 -6400394.831344312
315900 325 -6319741.750952734
316000 325 -6294187.875643841
316100 325 -6396131.701392339
316200 325 -6294983.696877299
316300 325 -6318269.108260552
316400 325 -6237127.670517499
316500 325 -6386032.167123022
316600 325 -6341627.283208407
316700 325 -6410856.115744138
316800 325 -6324372.587780551
316900 325 -6349337.04917156
317000 325 -6354656.483167906
317100 325 -6367403.816526479
317200 325 -6331354.741929635
317300 325 -6377566.51404908
317400 325 -6408263.972789232
317500 325 -6352491.913953587
317600 325 -6407907.203980792
317700 325 -6346085.022665311
317800 325 -6458551.750250094
317900 325 -6397962.682633874
318000 325 -6348112.950837997
318100 325 -6361701.092531989
318200 325 -6279878.419337894
318300 325 -6389464.140331504
318400 325 -6275856.128403252
318500 325 -6348435.51300021
318600 325 -6366798.96550354
318700 325 -6326496.095999684
318800 325 -6334819.68446862
318900 325 -6215295.795040064
319000 325 -6399581.860343263
319100 325 -6347616.627001639
319200 325 -6355979.449957171
319300 325 -6327481.433309808
319400 325 -6369196.631220107
319500 325 -6327563.8194769
319600 325 -6265493.838769168
319700 325 -6381942.11912368
319800 325 -6320685.455945403
319900 325 -6336014.94191049
320000 325 -6357736.27650094
320100 325 -6324604.472140606
320200 325 -6261797.195900538
320300 325 -6313010.556359768
320400 325 -6315228.341976238
320500 325 -6310013.128059778
320600 325 -6273023.131035935
320700 325 -6240920.331279619
320800 325 -6364125.464404751
320900 325 -6412499.769451357
321000 325 -6445389.464563135
321100 325 -6334822.750618204
321200 325 -6374561.014863765
321300 325 -6309888.761424984
321400 325 -6305020.017749736
321500 325 -6335643.978768283
321600 325 -6261088.776168717
321700 325 -6449952.006137755
321800 325 -6366313.698240311
321900 325 -6372179.913740005
322000 325 -6380810.922486854
322100 325 -6310182.558474919
322200 325 -6216299.881418912
322300 325 -6248835.035041798
322400 325 -6384793.524141058
322500 325 -6327181.032996805
322600 325 -6373757.195225993
322700 325 -6311534.896351251
322800 325 -6301878.278076109
322900 325 -6349383.327128539
323000 325 -6445954.838527751
323100 325 -6299576.425933272
323200 325 -6319233.413105484
323300 325 -6271583.960614987
323400 325 -6346904.486003141
323500 325 -6321363.84654205
323600 325 -6296833.860260168
323700 325 -6382408.095456847
323800 325 -6444737.868083187
323900 325 -6340219.274780191
324000 325 -6292453.841470165
324100 325 -6345119.423995947
324200 325 -6293367.249012524
324300 325 -6399190.944801038
324400 325 -6408413.871786605
324500 325 -6309411.203967224
324600 325 -6361125.523872143
324700 325 -6389012.382833092
324800 325 -6363102.01471496
324900 325 -6321016.234051482
325000 325 -6349043.19992488
325100 325 -6364364.05843215
325200 325 -6338000.075451687
325300 325 -6331540.491011224
325400 325 -6338690.641672104
325500 325 -6309565.986488136
325600 325 -6340748.892572738
325700 325 -6364947.892859867
325800 325 -6289147.982248245
325900 325 -6282687.034331717
326000 325 -6348341.905249091
326100 325 -6354748.19181271
326200 325 -6361661.034590901
326300 325 -6377180.60983059
326400 325 -6412758.262480823
326500 325 -6429815.212499527
326600 325 -6406957.030107397
326700 325 -6335950.688730344
326800 325 -6314183.155192177
326900 325 -6345739.473619861
327000 325 -6398957.125416017
327100 325 -6235719.599666517
327200 325 -6350883.287823219
327300 325 -6354413.180231562
327400 325 -6284259.869873829
327500 325 -6323994.069878851
327600 325 -6336142.627688263
327700 325 -6356009.005136346
327800 325 -6243237.125517892
327900 325 -6343435.420025738
328000 325 -6337587.423335603
328100 325 -6363514.463240913
328200 325 -6306976.855156122
328300 325 -6331065.955813279
328400 325 -6346573.143982748
328500 325 -6307174.679467917
328600 325 -6355329.018129975
328700 325 -6377337.434558167
328800 325 -6371404.034072779
328900 325 -6293270.314382985
329000 325 -6313271.895737346
329100 325 -6222104.119799327
329200 325 -6362148.08581063
329300 325 -6392028.782019192
329400 325 -6372429.268871342
329500 325 -6351630.988341833
329600 325 -6333647.73726557
329700 325 -6252573.006445073
329800 325 -6347743.60610884
329900 325 -6372761.679571307
330000 325 -6424247.15712604
330100 325 -6368675.494951442
330200 325 -6365879.393586443
330300 325 -6407308.622038631
330400 325 -6353433.598962829
330500 325 -6323069.58260128
330600 325 -6388125.89547484
330700 325 -6275491.265817748
330800 325 -6363596.943927004
330900 325 -6320041.663155415
331000 325 -6313294.994072789
331100 325 -6347042.823191085
331200 325 -6335905.375972984
331300 325 -6318926.418965685
331400 325 -6390708.742041076
331500 325 -6343687.2613917
331600 325 -6354426.605175544
331700 325 -6292274.878846433
331800 325 -6305345.361713924
331900 325 -6280327.044196256
332000 325 -6337049.922050707
332100 325 -6353000.980129929
332200 325 -6309947.404585498
332300 325 -6301100.854406893
332400 325 -6313351.716824704
332500 325 -6387818.036995221
332600 325 -6361631.065832401
332700 325 -6362959.43818392
332800 325 -6332841.628987806
332900 325 -6302796.227506053
333000 325 -6321018.19584115
333100 325 -6351360.047657008
333200 325 -6386357.17496733
333300 325 -6304445.505277132
333400 325 -6345188.812599361
333500 325 -6332887.011245315
333600 325 -6390542.125711897
333700 325 -6298545.912323065
333800 325 -6254885.346533651
333900 325 -6336209.746278573
334000 325 -6348449.71663568
334100 325 -6406573.948651505
334200 325 -6396422.460504371
334300 325 -6303336.056605373
334400 325 -6325613.895542507
334500 325 -6324892.567028625
334600 325 -6316408.15716947
334700 325 -6366863.691600982
334800 325 -6331709.599504728
334900 325 -6384548.702213567
335000 325 -6300586.477916652
335100 325 -6350101.423500679
335200 325 -6384976.547286617
335300 325 -6349742.907615541
335400 325 -6267907.335238468
335500 325 -6279884.885259273
335600 325 -6292379.074839134
335700 325 -6318538.96354288
335800 325 -6245052.947766602
335900 325 -6382422.663670518
336000 325 -6278336.987669697
336100 325 -6269865.46736661
336200 325 -6289757.093042947
336300 325 -6361623.781387593
336400 325 -6427098.948531572
336500 325 -6429476.223593196
336600 325 -6299121.640552408
336700 325 -6334739.016856585
336800 325 -6302014.778292393
336900 325 -6335709.872499452
337000 325 -6284380.92742484
337100 325 -6426840.014996264
337200 325 -6336910.105247596
337300 325 -6232980.96787161
337400 325 -6385435.038289031
337500 325 -6358149.627900589
337600 325 -6402460.374617347
337700 325 -6294198.056393483
337800 325 -6361983.691516712
337900 325 -6335170.045648944
338000 325 -6385856.324437313
338100 325 -6278105.509311335
338200 325 -6315692.709417245
338300 325 -6313452.390576855
338400 325 -6380178.575976085
338500 325 -6312869.644329123
338600 325 -6338906.733520959
338700 325 -6287362.42297034
338800 325 -6450628.413689908
338900 325 -6340639.618129591
339000 325 -6360860.626563475
339100 325 -6327684.539244252
339200 325 -6374997.702329089
339300 325 -6286861.287305337
339400 325 -6329714.207106082
339500 325 -6352426.731194945
339600 325 -6403889.839663937
339700 325 -6356736.420405295
339800 325 -6343509.993813852
339900 325 -6443447.34668307
340000 325 -6344265.601210882
340100 325 -6314975.211611873
340200 325 -6444285.348284047
340300 325 -6285323.023891348
340400 325 -6336454.122251922
340500 325 -6377473.338111741
340600 325 -6358085.447748724
340700 325 -6265317.499852771
340800 325 -6377102.995635981
340900 325 -6314584.197032103
341000 325 -6342962.921355781
341100 325 -6420100.584533439
341200 325 -6280891.90923213
341300 325 -6373383.126696762
341400 325 -6307947.621339381
341500 325 -6326324.120083621
341600 325 -6367336.663852942
341700 325 -6266605.696008774
341800 325 -6334111.778961983
341900 325 -6327812.413979983
342000 325 -6338235.470815824
342100 325 -6293984.34366595
342200 325 -6383247.073320232
342300 325 -6346786.40409708
342400 325 -6245022.417135257
342500 325 -6392850.854226351
342600 325 -6302007.452196781
342700 325 -6382520.133594222
342800 325 -6408773.167268196
342900 325 -6316630.23870398
343000 325 -6389693.511208311
343100 325 -6326133.132516745
343200 325 -6415789.918262556
343300 325 -6352829.203939402
343400 325 -6328998.554118717
343500 325 -6348389.981588529
343600 325 -6303184.663992131
343700 325 -6319315.138443474
343800 325 -6259336.398175882
343900 325 -6398019.443816883
344000 325 -6336734.591562269
344100 325 -6301360.834022696
344200 325 -6376131.078489341
344300 325 -6365590.419550128
344400 325 -6388309.574712574
344500 325 -6370640.590766896
344600 325 -6346180.063055942
344700 325 -6355166.800646851
344800 325 -6268254.308715265
344900 325 -6295822.522013122
345000 325 -6343082.563440192
345100 325 -6343343.655309028
345200 325 -6354362.503802446
345300 325 -6364273.515206374
345400 325 -6392590.175844254
345500 325 -6346400.857966632
345600 325 -6335679.82826329
345700 325 -6317381.810276196
345800 325 -6404325.925644754
345900 325 -6350148.72091395
346000 325 -6350492.904989488
346100 325 -6286814.388101938
346200 325 -6350471.68068419
346300 325 -6369868.993136007
346400 325 -6380184.123429165
346500 325 -6404135.207574958
346600 325 -6323739.97853584
346700 325 -6248445.218711041
346800 325 -6284419.997433575
346900 325 -6402799.348294197
347000 325 -6445767.21228729
347100 325 -6375693.382016686
347200 325 -6290040.058492631
347300 325 -6311185.445060501
347400 325 -6425559.038941301
347500 325 -6343749.780330124
347600 325 -6388365.8428862
347700 325 -6302906.567478996
347800 325 -6408423.614219405
347900 325 -6356198.200806838
348000 325 -6292730.876618882
348100 325 -6356566.044829522
348200 325 -6380433.506386223
348300 325 -6349172.939695447
348400 325 -6341100.612600248
348500 325 -6346827.80864745
348600 325 -6331107.262997795
348700 325 -6396802.562919473
348800 325 -6337191.316422283
348900 325 -6382739.141236348
349000 325 -6407484.493729733
349100 325 -6381031.162735907
349200 325 -6305556.561748054
349300 325 -6377228.158300794
349400 325 -6271784.914477753
349500 325 -6349738.001823811
349600 325 -6412000.153017933
349700 325 -6236681.9044461
349800 325 -6378127.341208195
349900 325 -6375270.123480138
350000 325 -6268386.937911974
350100 325 -6335090.441822336
350200 325 -6425897.936325677
350300 325 -6266876.956275884
350400 325 -6369419.311779005
350500 325 -6350531.568715023
350600 325 -6322763.396705898
350700 325 -6425392.486540744
350800 325 -6367004.695098136
350900 325 -6378872.556509122
351000 325 -6342575.697906801
351100 325 -6352141.899951505
351200 325 -6295842.700517094
351300 325 -6425874.247527956
351400 325 -6219983.459117186
351500 325 -6303340.345521715
351600 325 -6402811.918045825
351700 325 -6341728.838630738
351800 325 -6406358.383647876
351900 325 -6381101.94533607
352000 325 -6399112.401858827
352100 325 -6355378.421622152
352200 325 -6426365.495012676
352300 325 -6375777.644286711
352400 325 -6402277.789113039
352500 325 -6281591.284548789
352600 325 -6294628.338099109
352700 325 -6361516.736609986
352800 325 -6388605.318047896
352900 325 -6266190.801169247
353000 325 -6318058.48040359
353100 325 -6334803.268090143
353200 325 -6309097.254928494
353300 325 -6392877.021770557
353400 325 -6327587.743184475
353500 325 -6319783.888803357
353600 325 -6317207.329174718
353700 325 -6344961.314208824
353800 325 -6366283.177773893
353900 325 -6342583.162520904
354000 325 -6331802.775915926
354100 325 -6344542.853079285
354200 325 -6421035.486342674
354300 325 -6249056.241576504
354400 325 -6360274.451988978
354500 325 -6353610.08842773
354600 325 -6291365.262502988
354700 325 -6385278.594961606
354800 325 -6221341.109616823
354900 325 -6342688.614351122
355000 325 -6281232.332182958
355100 325 -6326184.573612875
355200 325 -6346039.864123733
355300 325 -6304213.489297427
355400 325 -6340981.021854194
355500 325 -6342450.505497247
355600 325 -6301249.957082363
355700 325 -6368101.945683187
355800 325 -6315639.806673331
355900 325 -6367259.973642546
356000 325 -6256716.693487495
356100 325 -6328187.050268224
356200 325 -6339216.214758717
356300 325 -6415004.941485893
356400 325 -6261475.882330921
356500 325 -6325056.384319641
356600 325 -6355845.350929038
356700 325 -6437198.481249055
356800 325 -6382391.95712264
356900 325 -6314625.534388296
357000 325 -6403601.497020574
357100 325 -6318880.416992186
357200 325 -6321338.114388336
357300 325 -6306668.301264016
357400 325 -6285468.225417218
357500 325 -6417419.469284358
357600 325 -6343562.490077505
357700 325 -6310648.181987346
357800 325 -6301465.160937922
357900 325 -6251514.757432641
358000 325 -6307561.911871312
358100 325 -6267385.915429777
358200 325 -6360563.306356485
358300 325 -6369771.735649854
358400 325 -6362218.730289258
358500 325 -6348643.284020271
358600 325 -6359541.277954527
358700 325 -6390439.460284766
358800 325 -6315601.896605686
358900 325 -6346563.918899048
359000 325 -6360314.055839716
359100 325 -6274910.102088798
359200 325 -6386981.485181473
359300 325 -6304181.215407997
359400 325 -6266293.038513406
359500 325 -6350846.322740846
359600 325 -6301277.257717866
359700 325 -6359192.694444098
359800 325 -6348633.541980203
359900 325 -6328858.358525274
360000 325 -6374412.764937309
360100 325 -6315451.182066127
360200 325 -6347851.030562703
360300 325 -6323618.291529807
360400 325 -6370825.278171924
360500 325 -6342205.80807793
360600 325 -6311790.946858889
360700 325 -6282761.564694586
360800 325 -6306944.228764534
360900 325 -6342297.483319256
361000 325 -6222033.21813722
361100 325 -6352533.028081065
361200 325 -6279917.517176546
361300 325 -6368153.861782251
361400 325 -6351588.892442292
361500 325 -6359346.774082626
361600 325 -6313788.664147096
361700 325 -6279787.986434443
361800 325 -6283096.456636918
361900 325 -6366182.085222454
362000 325 -6354183.514688234
362100 325 -6290517.799715909
362200 325 -6358986.345456012
362300 325 -6324295.437406959
362400 325 -6313251.945395144
362500 325 -6370648.226612113
362600 325 -6334225.940484455
362700 325 -6327357.680419746
362800 325 -6363368.42100155
362900 325 -6308016.984468533
363000 325 -6345678.72024791
363100 325 -6316749.119730795
363200 325 -6405775.935812289
363300 325 -6313264.044932265
363400 325 -6360041.773572571
363500 325 -6292762.375129521
363600 325 -6367337.785561975
363700 325 -6324314.014856132
363800 325 -6290850.297375558
363900 325 -6422286.807878463
364000 325 -6400319.368112674
364100 325 -6289072.14879345
364200 325 -6293093.618750436
364300 325 -6333191.766911579
364400 325 -6378101.77190672
364500 325 -6362084.885144836
364600 325 -6298110.076843454
364700 325 -6388447.778771896
364800 325 -6363378.887221489
364900 325 -6343914.680370821
365000 325 -6362264.395198198
365100 325 -6308903.251791472
365200 325 -6264889.192847736
365300 325 -6375594.953492094
365400 325 -6278384.829361448
365500 325 -6359801.456249602
365600 325 -6382391.271230398
365700 325 -6357022.182934484
365800 325 -6332346.134070624
365900 325 -6346682.980990702
366000 325 -6316037.60514747
366100 325 -6317135.1272169
366200 325 -6375670.399804004
366300 325 -6313882.896134388
366400 325 -6413030.553794781
366500 325 -6281459.03486663
366600 325 -6325830.7851764
366700 325 -6334838.566652872
366800 325 -6348997.346761957
366900 325 -6323303.719590652
367000 325 -6358662.57060465
367100 325 -6333770.395095542
367200 325 -6367134.339658821
367300 325 -6331436.725258354
367400 325 -6261491.746850971
367500 325 -6276920.32152954
367600 325 -6329522.8899059
367700 325 -6323014.61990637
367800 325 -6292466.95754417
367900 325 -6333073.072169745
368000 325 -6349546.886299461
368100 325 -6362861.713287609
368200 325 -6411172.31708645
368300 325 -6379066.098386606
368400 325 -6397969.888652117
368500 325 -6361251.719927411
368600 325 -6349894.551670691
368700 325 -6354480.445863563
368800 325 -6378207.775444627
368900 325 -6336671.508425104
369000 325 -6291482.225799692
369100 325 -6435852.941060244
369200 325 -6261186.096624218
369300 325 -6380197.107959144
369400 325 -6309516.189387176
369500 325 -6349052.922397982
369600 325 -6353903.054985479
369700 325 -6344299.309366789
369800 325 -6394182.299636628
369900 325 -6372050.79916971
370000 325 -6320997.413282473
370100 325 -6285316.753926324
370200 325 -6364658.305845557
370300 325 -6294233.995429814
370400 325 -6394772.703777848
370500 325 -6320328.461615158
370600 325 -6309097.05845206
370700 325 -6354681.454757791
370800 325 -6371668.083639463
370900 325 -6305500.119988
371000 325 -6408034.784410257
371100 325 -6337512.336547283
371200 325 -6275586.431098226
371300 325 -6447810.269293181
371400 325 -6374005.175262248
371500 325 -6279975.236150343
371600 325 -6303521.066688976
371700 325 -6309057.015377404
371800 325 -6367751.944838971
371900 325 -6382023.659607252
372000 325 -6314130.76160148
372100 325 -6349159.796133782
372200 325 -6383540.758344315
372300 325 -6416981.444125714
372400 325 -6380813.112899974
372500 325 -6376977.408505335
372600 325 -6309130.898621177
372700 325 -6331706.690889853
372800 325 -6427589.130582972
372900 325 -6391096.553111547
373000 325 -6416610.554862111
373100 325 -6272128.517201513
373200 325 -6365017.89486484
373300 325 -6396079.457621726
373400 325 -6271552.98780966
373500 325 -6361038.121949336
373600 325 -6295324.305705257
373700 325 -6298740.816757247
373800 325 -6214183.63625603
373900 325 -6287052.422004065
374000 325 -6321839.095753796
374100 325 -6305576.43345782
374200 325 -6321323.540530817
374300 325 -6356972.515809865
374400 325 -6204057.179211037
374500 325 -6278718.674490325
374600 325 -6319137.42349681
374700 325 -6310468.595344635
374800 325 -6346229.996987451
374900 325 -6280953.258127056
375000 325 -6413765.19466556
375100 325 -6333782.447106028
375200 325 -6428935.441331462
375300 325 -6317963.933789641
375400 325 -6298565.265821997
375500 325 -6314928.077502959
375600 325 -6297659.585198781
375700 325 -6397346.077304431
375800 325 -6281613.017969375
375900 325 -6232099.747685421
376000 325 -6297443.225656858
376100 325 -6383864.109302359
376200 325 -6328530.894217007
376300 325 -6295905.550697012
376400 325 -6280279.010679273
376500 325 -6342314.552254584
376600 325 -6324095.811055146
376700 325 -6276792.924253086
376800 325 -6328800.370935473
376900 325 -6274812.870727628
377000 325 -6295660.711014701
377100 325 -6328377.420357139
377200 325 -6269589.22617244
377300 325 -6299626.246062224
377400 325 -6356236.320517098
377500 325 -6401655.254626392
377600 325 -6343815.324799676
377700 325 -6305235.899993901
377800 325 -6334050.881715941
377900 325 -6351415.504874015
378000 325 -6399962.700668931
378100 325 -6317364.743678514
378200 325 -6371814.894167145
378300 325 -6434944.988671994
378400 325 -6290569.946143424
378500 325 -6258682.68070324
378600 325 -6361450.823227322
378700 325 -6383682.352222069
378800 325 -6306431.53846433
378900 325 -6376958.832010014
379000 325 -6360121.511457353
379100 325 -6255737.020589221
379200 325 -6329333.375705365
379300 325 -6291961.35030606
379400 325 -6316943.415806251
379500 325 -6305467.894528718
379600 325 -6295391.543529848
379700 325 -6421137.978024598
379800 325 -6283134.48355915
379900 325 -6353705.853930159
380000 325 -6361202.890142852
380100 325 -6355012.798489604
380200 325 -6347234.956117247
380300 325 -6312822.526716064
380400 325 -6327957.239083556
380500 325 -6344762.019426884
380600 325 -6250754.129008674
380700 325 -6286633.761790259
380800 325 -6237542.9541362
380900 325 -6242942.375262628
381000 325 -6309206.322426694
381100 325 -6349825.389848894
381200 325 -6322573.330077342
381300 325 -6314256.690002996
381400 325 -6197126.844476674
381500 325 -6350062.4650675
381600 325 -6363786.246917987
381700 325 -6361652.152510309
381800 325 -6330901.980839422
381900 325 -6322166.890582476
382000 325 -6264720.246782742
382100 325 -6388706.429535924
382200 325 -6365504.722623936
382300 325 -6351954.692590902
382400 325 -6343803.622559464
382500 325 -6325829.050634048
382600 325 -6316767.233192144
382700 325 -6319517.784483785
382800 325 -6394517.153737798
382900 325 -6317000.028684046
383000 325 -6330522.899490641
383100 325 -6301517.834746554
383200 325 -6325365.789085736
383300 325 -6346428.546712562
383400 325 -6420790.867773019
383500 325 -6399764.386985103
383600 325 -6256387.719952323
383700 325 -6250665.836196266
383800 325 -6402577.829114917
383900 325 -6361420.441538095
384000 325 -6392401.299453914
384100 325 -6336988.731207781
384200 325 -6395332.534117637
384300 325 -6317735.830403361
384400 325 -6308916.347333237
384500 325 -6307199.272506312
384600 325 -6310151.000068048
384700 325 -6250395.923935604
384800 325 -6390892.051291927
384900 325 -6388607.009054172
385000 325 -6330222.349677418
385100 325 -6218397.617703868
385200 325 -6430308.838190306
385300 325 -6346017.148678764
385400 325 -6319599.080161503
385500 325 -6342767.426062925
385600 325 -6314078.975674931
385700 325 -6344653.539540223
385800 325 -6344299.529899625
385900 325 -6410503.079300911
386000 325 -6354284.034677669
386100 325 -6344849.158947209
386200 325 -6336290.832269675
386300 325 -6398275.877863331
386400 325 -6395243.399036365
386500 325 -6340354.436056151
386600 325 -6313530.140396316
386700 325 -6396316.14633662
386800 325 -6340069.671468979
386900 325 -6356311.880606979
387000 325 -6312993.782321451
387100 325 -6311412.23584789
387200 325 -6286308.612889485
387300 325 -6380462.816823093
387400 325 -6401491.008739347
387500 325 -6375074.299715579
387600 325 -6342774.787568173
387700 325 -6325372.329364182
387800 325 -6346838.586611349
387900 325 -6380614.780840302
388000 325 -6402634.50313822
388100 325 -6440522.039476906
388200 325 -6309799.494542144
388300 325 -6403157.655987149
388400 325 -6319811.585422207
388500 325 -6388880.820256847
388600 325 -6304182.621315972
388700 325 -6267646.325187927
388800 325 -6388859.802655202
388900 325 -6305321.039774612
389000 325 -6299620.210594475
389100 325 -6339102.366257114
389200 325 -6395307.289087354
389300 325 -6292128.119373497
389400 325 -6377998.050847548
389500 325 -6347320.118479554
389600 325 -6343168.844295561
389700 325 -6238113.230868757
389800 325 -6307871.414834785
389900 325 -6303799.232024314
390000 325 -6346836.949076271
390100 325 -6338138.875548651
390200 325 -6376085.670895634
390300 325 -6340460.228803304
390400 325 -6276612.493385589
390500 325 -6323069.872528837
390600 325 -6372906.679683446
390700 325 -6340675.353824801
390800 325 -6307335.062461393
390900 325 -6342570.603292426
391000 325 -6323850.48248806
391100 325 -6371641.638210734
391200 325 -6346989.151926992
391300 325 -6396387.883710626
391400 325 -6364492.766988858
391500 325 -6366720.146440798
391600 325 -6317143.558759683
391700 325 -6375734.183573667
391800 325 -6326626.15822986
391900 325 -6323520.062937877
392000 325 -6334922.694681609
392100 325 -6292480.12528925
392200 325 -6361396.445556429
392300 325 -6397805.659496384
392400 325 -6323033.709579702
392500 325 -6361615.055326841
392600 325 -6313566.717060872
392700 325 -6380577.010823563
392800 325 -6290237.525543114
392900 325 -6365872.152036717
393000 325 -6363319.906218875
393100 325 -6315413.901524216
393200 325 -6311912.172506913
393300 325 -6325082.817175115
393400 325 -6267933.293343522
393500 325 -6342323.210920626
393600 325 -6325678.815323727
393700 325 -6389313.612217695
393800 325 -6332640.025899368
393900 325 -6267624.27591867
394000 325 -6401076.253474401
394100 325 -6355274.109150104
394200 325 -6319520.00872815
394300 325 -6329386.936447327
394400 325 -6314631.401835041
394500 325 -6418430.231040356
394600 325 -6275378.213792821
394700 325 -6361505.021063125
394800 325 -6332445.771968177
394900 325 -6269008.085819475
395000 325 -6359004.868853075
395100 325 -6290057.573204098
395200 325 -6352229.791626384
395300 325 -6322763.887519268
395400 325 -6273426.11329702
395500 325 -6387893.518693604
395600 325 -6368824.416604327
395700 325 -6272328.783742702
395800 325 -6382122.018521911
395900 325 -6394309.929056829
396000 325 -6393003.031752211
396100 325 -6373987.076693467
396200 325 -6280079.666822499
396300 325 -6358597.703820352
396400 325 -6349037.091814009
396500 325 -6292802.201054657
396600 325 -6362894.994415678
396700 325 -6397305.833783782
396800 325 -6371172.721909245
396900 325 -6288405.698297283
397000 325 -6384909.38246108
397100 325 -6277432.12586226
397200 325 -6380462.332814163
397300 325 -6314002.41625194
397400 325 -6373516.426141167
397500 325 -6344332.64595495
397600 325 -6372415.495120238
397700 325 -6286611.656400187
397800 325 -6398644.28354797
397900 325 -6422381.477915511
398000 325 -6285422.947521956
398100 325 -6335894.241701274
398200 325 -6371976.733008657
398300 325 -6326166.169333894
398400 325 -6399448.501598321
398500 325 -6322530.989855735
398600 325 -6344977.898945369
398700 325 -6303253.323186648
398800 325 -6344450.76522074
398900 325 -6263155.80886153
399000 325 -6372767.081934325
399100 325 -6413834.197174992
399200 325 -6298629.41427746
399300 325 -6358570.871810627
399400 325 -6309617.065383932
399500 325 -6367201.338494264
399600 325 -6295117.112752383
399700 325 -6221901.546389942
399800 325 -6240710.03313814
399900 325 -6400830.499053108
400000 325 -6274852.466182698
400100 325 -6349487.428892592
400200 325 -6366058.217586031
400300 325 -6366864.00415583
400400 325 -6402191.975917853
400500 325 -6317374.380689908
400600 325 -6304240.908807162
400700 325 -6347955.31378697
400800 325 -6305512.5985206
400900 325 -6258460.092370535
401000 325 -6351038.590239056
401100 325 -6281310.10311643
401200 325 -6337060.453826483
401300 325 -6272015.137296421
401400 325 -6294815.895098021
401500 325 -6263380.546168501
401600 325 -6294194.731846319
401700 325 -6302075.059539337
401800 325 -6338567.540000238
401900 325 -6380372.667782123
402000 325 -6278911.53515855
402100 325 -6375395.424461475
402200 325 -6309479.33585635
402300 325 -6363652.450740335
402400 325 -6321412.447146952
402500 325 -6405150.649997051
402600 325 -6269464.379422456
402700 325 -6325170.156495863
402800 325 -6331710.615325782
402900 325 -6338374.873228386
403000 325 -6353969.054313341
403100 325 -6373237.719558766
403200 325 -6386036.055613032
403300 325 -6265349.182771852
403400 325 -6383284.954508187
403500 325 -6281351.214773308
403600 325 -6286413.384190772
403700 325 -6356263.773979325
403800 325 -6339397.944302917
403900 325 -6382040.431991413
404000 325 -6329030.492278414
404100 325 -6220984.930549344
404200 325 -6353859.43601536
404300 325 -6276282.995972327
404400 325 -6391330.333125726
404500 325 -6310144.554627158
404600 325 -6336849.919202855
404700 325 -6378440.427919612
404800 325 -6347621.859684082
404900 325 -6356775.39490528
405000 325 -6373130.656188533
405100 325 -6284266.964529138
405200 325 -6373757.904395372
405300 325 -6358396.028335722
405400 325 -6329770.73680952
405500 325 -6362416.554157587
405600 325 -6328254.044755995
405700 325 -6398765.838181421
405800 325 -6327874.984751064
405900 325 -6295480.185480765
406000 325 -6373027.45879416
406100 325 -6302406.13338306
406200 325 -6437260.142974056
406300 325 -6292378.436534096
406400 325 -6281793.358379075
406500 325 -6344176.102536189
406600 325 -6389133.580166418
406700 325 -6394774.038171637
406800 325 -6351615.20970075
406900 325 -6259130.712445747
407000 325 -6355593.123066275
407100 325 -6290780.185870733
407200 325 -6368855.954817241
407300 325 -6425737.316056014
407400 325 -6406284.654180236
407500 325 -6393350.018397217
407600 325 -6317111.056240817
407700 325 -6337107.132438113
407800 325 -6403912.175006233
407900 325 -6353058.850331124
408000 325 -6345185.689417646
408100 325 -6394399.635019973
408200 325 -6402095.791353787
408300 325 -6366691.903356035
408400 325 -6339675.458245924
408500 325 -6317861.864477998
408600 325 -6363865.197040769
408700 325 -6338013.371214854
408800 325 -6307318.760158047
408900 325 -6346658.016710345
409000 325 -6309502.665101545
409100 325 -6271341.519186711
409200 325 -6336178.658080305
409300 325 -6384732.506497252
409400 325 -6361452.504949704
409500 325 -6279559.660148179
409600 325 -6348055.950799923
409700 325 -6391283.705544034
409800 325 -6324807.920758685
409900 325 -6296199.9065581
410000 325 -6344650.933685717
410100 325 -6358403.901377218
410200 325 -6385003.028926222
410300 325 -6320769.597709712
410400 325 -6280229.644487363
410500 325 -6322583.800961726
410600 325 -6275558.262702459
410700 325 -6278845.981353656
410800 325 -6320683.742149232
410900 325 -6356247.847350843
411000 325 -6349482.689640807
411100 325 -6329765.206745582
411200 325 -6236387.954206714
411300 325 -6321330.490407215
411400 325 -6284278.424527676
411500 325 -6388264.170832518
411600 325 -6316489.763099674
411700 325 -6369471.21781853
411800 325 -6323688.144439436
411900 325 -6312260.601495593
412000 325 -6393470.675814833
412100 325 -6316732.693853952
412200 325 -6309108.260367805
412300 325 -6339245.265647834
412400 325 -6403957.930311218
412500 325 -6312881.855216824
412600 325 -6333568.781401385
412700 325 -6320861.971101196
412800 325 -6336335.39335022
412900 325 -6279178.548371103
413000 325 -6340227.546366019
413100 325 -6288350.208308037
413200 325 -6424429.951318013
413300 325 -6266805.851190573
413400 325 -6210141.106174138
413500 325 -6362013.832649251
413600 325 -6421463.192637963
413700 325 -6389237.268300289
413800 325 -6356339.243219739
413900 325 -6346050.946559133
414000 325 -6324262.288640254
414100 325 -6357012.430784817
414200 325 -6370736.848552426
414300 325 -6340488.472596036
414400 325 -6289919.90212852
414500 325 -6378227.805065452
414600 325 -6302189.517126851
414700 325 -6345318.672639256
414800 325 -6295490.672563636
414900 325 -6240267.065369878
415000 325 -6373878.63882526
415100 325 -6391866.872156464
415200 325 -6351602.631315064
415300 325 -6382845.417260433
415400 325 -6372068.133822923
415500 325 -6385248.334774909
415600 325 -6408463.024762234
415700 325 -6323652.230355672
415800 325 -6370856.656144627
415900 325 -6308353.334821295
416000 325 -6324981.728519965
416100 325 -6322129.551895199
416200 325 -6238720.039235496
416300 325 -6324913.66492421
416400 325 -6353139.137828514
416500 325 -6301570.677220764
416600 325 -6358289.298588389
416700 325 -6420015.042476968
416800 325 -6290503.793465484
416900 325 -6343565.221668169
417000 325 -6303998.176023626
417100 325 -6339515.596955619
417200 325 -6425239.654241083
417300 325 -6334730.257548261
417400 325 -6353229.243090992
417500 325 -6339764.428849631
417600 325 -6268561.614398044
417700 325 -6306526.981566239
417800 325 -6359081.152442882
417900 325 -6302850.554037159
418000 325 -6272391.140470544
418100 325 -6366145.224068183
418200 325 -6417006.634308474
418300 325 -6412151.742339598
418400 325 -6362111.160819709
418500 325 -6451547.223188158
418600 325 -6357714.038586949
418700 325 -6312231.129580442
418800 325 -6366655.625048976
418900 325 -6377187.091189789
419000 325 -6379978.798514676
419100 325 -6333021.64941328
419200 325 -6349790.169280888
419300 325 -6308676.809038627
419400 325 -6385734.470379733
419500 325 -6273419.802821478
419600 325 -6296617.817031717
419700 325 -6326500.109199971
419800 325 -6320372.41713378
419900 325 -6264733.784357233
420000 325 -6331212.62651133
420100 325 -6356343.287005348
420200 325 -6378651.216672573
420300 325 -6331910.351897377
420400 325 -6328279.862593824
420500 325 -6235112.783582336
420600 325 -6359302.829085565
420700 325 -6342505.310055958
420800 325 -6357314.791935227
420900 325 -6392028.105343731
421000 325 -6287857.102430543
421100 325 -6399619.394327795
421200 325 -6300224.091297207
421300 325 -6360766.045700995
421400 325 -6272306.842246057
421500 325 -6367632.093832622
421600 325 -6308899.789077824
421700 325 -6323883.925191656
421800 325 -6281388.411141559
421900 325 -6347528.847656438
422000 325 -6306161.706067778
422100 325 -6340198.235662825
422200 325 -6289575.409469399
422300 325 -6296454.184754664
422400 325 -6365055.67813381
422500 325 -6354190.561722325
422600 325 -6339719.360703629
422700 325 -6392769.137913197
422800 325 -6339440.049905511
422900 325 -6315520.584589112
423000 325 -6350481.30296516
423100 325 -6280542.930438238
423200 325 -6378120.035623061
423300 325 -6378254.88977275
423400 325 -6346729.979985852
423500 325 -6315135.611801744
423600 325 -6444654.267971445
423700 325 -6295970.168968124
423800 325 -6344820.140807111
423900 325 -6249703.81510502
424000 325 -6365764.039937365
424100 325 -6293713.870718263
424200 325 -6291499.447229498
424300 325 -6327308.271231335
424400 325 -6422503.862502231
424500 325 -6430785.951974344
424600 325 -6372321.780665629
424700 325 -6391409.715293473
424800 325 -6393869.0172221
424900 325 -6355725.709874315
425000 325 -6302499.573051158
425100 325 -6315084.144042786
425200 325 -6321272.7301032
425300 325 -6335811.860716099
425400 325 -6375814.904799467
425500 325 -6304800.599729482
425600 325 -6330858.827247654
425700 325 -6346008.460099041
425800 325 -6339786.400931822
425900 325 -6276102.065726511
426000 325 -6305865.870672333
426100 325 -6346877.893212603
426200 325 -6306866.179341666
426300 325 -6459373.867946089
426400 325 -6370195.297182547
426500 325 -6343942.645153995
426600 325 -6292882.631480066
426700 325 -6297020.450733664
426800 325 -6365149.575130852
426900 325 -6287189.412724551
427000 325 -6253176.493274898
427100 325 -6279154.015226251
427200 325 -6368627.320704205
427300 325 -6258744.143230641
427400 325 -6338382.195607726
427500 325 -6312564.359186603
427600 325 -6346764.677904254
427700 325 -6342957.803491426
427800 325 -6377521.063320924
427900 325 -6265761.189507231
428000 325 -6375758.797548283
428100 325 -6354996.18704275
428200 325 -6331836.459665095
428300 325 -6387652.277405396
428400 325 -6289270.300825176
428500 325 -6351943.342205459
428600 325 -6364569.634666225
428700 325 -6311800.9072734
428800 325 -6330926.193532079
428900 325 -6359980.207916902
429000 325 -6366678.966540002
429100 325 -6385035.904531114
429200 325 -6320122.905096021
429300 325 -6379406.140179527
429400 325 -6324713.256608641
429500 325 -6294432.120041037
429600 325 -6266491.582307807
429700 325 -6394706.610649982
429800 325 -6383292.870469867
429900 325 -6351878.385676233
430000 325 -6319573.782046988
430100 325 -6366318.167762827
430200 325 -6453179.61424793
430300 325 -6275707.29629804
430400 325 -6376264.113774742
430500 325 -6313954.521407971
430600 325 -6410402.629110401
430700 325 -6340209.907579308
430800 325 -6340520.07409846
430900 325 -6307785.519736108
431000 325 -6337656.616015464
431100 325 -6399702.042251579
431200 325 -6340409.779022325
431300 325 -6236539.927406503
431400 325 -6339050.915765769
431500 325 -6444048.665964166
431600 325 -6270866.241876679
431700 325 -6426897.581044984
431800 325 -6317639.26520309
431900 325 -6308750.285579356
432000 325 -6375839.440610423
432100 325 -6366302.160664903
432200 325 -6303853.540226841
432300 325 -6365490.091966756
432400 325 -6221675.296623731
432500 325 -6238038.152374469
432600 325 -6352544.842362154
432700 325 -6330477.344916125
432800 325 -6297092.769688422
432900 325 -6351500.523580225
433000 325 -6366843.169706458
433100 325 -6309033.163178239
433200 325 -6332560.231601672
433300 325 -6393730.267311897
433400 325 -6341853.617543226
433500 325 -6248270.432812244
433600 325 -6345494.59506065
433700 325 -6316254.887893252
433800 325 -6385479.779558453
433900 325 -6375942.137866402
434000 325 -6285923.413937602
434100 325 -6297106.991327773
434200 325 -6339264.236189757
434300 325 -6322276.538890692
434400 325 -6450199.23030174
434500 325 -6341745.210620513
434600 325 -6337687.085226759
434700 325 -6312761.423261841
434800 325 -6365951.98856527
434900 325 -6312386.04588728
435000 325 -6291356.83697655
435100 325 -6371326.926046738
435200 325 -6343768.945276826
435300 325 -6374745.883419706
435400 325 -6446216.597155534
435500 325 -6319994.813022267
435600 325 -6295522.416452192
435700 325 -6357161.878859988
435800 325 -6345537.872635687
435900 325 -6317647.919911913
436000 325 -6260225.075575372
436100 325 -6352527.971643565
436200 325 -6381401.792262554
436300 325 -6294584.862938991
436400 325 -6282406.896380421
436500 325 -6339214.834253167
436600 325 -6358831.146502693
436700 325 -6343924.61887867
436800 325 -6261099.3850337
436900 325 -6349080.625030402
437000 325 -6288033.664475224
437100 325 -6336917.091736966
437200 325 -6322861.544453799
437300 325 -6423199.001102729
437400 325 -6306554.494009793
437500 325 -6409264.455135236
437600 325 -6391290.45675463
437700 325 -6364487.538397603
437800 325 -6380038.475415826
437900 325 -6373629.439224785
438000 325 -6327517.264970445
438100 325 -6324230.024941387
438200 325 -6324842.888224992
438300 325 -6333539.460882451
438400 325 -6384570.25767182
438500 325 -6310736.324065529
438600 325 -6390466.901763393
438700 325 -6356482.285621133
438800 325 -6297126.816702305
438900 325 -6325269.70005141
439000 325 -6314230.510347676
439100 325 -6352729.644674035
439200 325 -6254117.609380892
439300 325 -6377586.733644372
439400 325 -6320909.13394318
439500 325 -6306109.446781157
439600 325 -6405846.73597035
439700 325 -6401617.858484136
439800 325 -6325557.972234059
439900 325 -6332590.17312574
440000 325 -6266764.821014928
440100 325 -6341825.68732751
440200 325 -6420294.523902657
440300 325 -6297070.631335327
440400 325 -6323453.103131705
440500 325 -6299568.42182907
440600 325 -6356011.021136701
440700 325 -6294391.685734052
440800 325 -6344865.050597953
440900 325 -6364317.948725807
441000 325 -6315599.561281247
441100 325 -6294406.761099922
441200 325 -6382629.387018561
441300 325 -6352556.803244822
441400 325 -6320363.609909326
441500 325 -6315311.968041238
441600 325 -6331957.026247103
441700 325 -6299736.936462519
441800 325 -6337418.603214135
441900 325 -6302370.624133425
442000 325 -6308976.757924547
442100 325 -6298225.696916983
442200 325 -6282004.44864374
442300 325 -6316637.360288085
442400 325 -6352685.765832236
442500 325 -6327793.16406502
442600 325 -6368354.054804791
442700 325 -6296298.266452106
442800 325 -6259421.562615468
442900 325 -6321308.668181758
443000 325 -6415218.499418873
443100 325 -6407558.438466338
443200 325 -6298007.198185861
443300 325 -6350029.360461982
443400 325 -6383013.165836319
443500 325 -6294864.185224233
443600 325 -6355398.005932333
443700 325 -6341899.708521107
443800 325 -6330304.850286355
443900 325 -6348000.897430195
444000 325 -6398552.126814245
444100 325 -6286707.945170151
444200 325 -6304867.931225133
444300 325 -6301640.346886806
444400 325 -6315214.623929745
444500 325 -6284205.205505433
444600 325 -6359371.19698856
444700 325 -6337869.661740672
444800 325 -6298169.024935627
444900 325 -6346894.538924925
445000 325 -6397477.255905831
445100 325 -6371994.232723201
445200 325 -6406310.478852184
445300 325 -6324522.981088031
445400 325 -6361865.41607895
445500 325 -6412807.993723473
445600 325 -6347861.735328931
445700 325 -6383430.608164018
445800 325 -6367225.693153113
445900 325 -6272355.894026305
446000 325 -6350322.135427366
446100 325 -6367309.55328867
446200 325 -6358251.939497419
446300 325 -6359196.063498988
446400 325 -6425328.631993979
446500 325 -6364954.827130452
446600 325 -6343888.602016736
446700 325 -6247207.270764511
446800 325 -6373910.230030891
446900 325 -6363575.280404329
447000 325 -6341811.728996361
447100 325 -6420025.848014394
447200 325 -6260767.447414726
447300 325 -6278261.39620946
447400 325 -6316877.140972544
447500 325 -6381430.503016078
447600 325 -6269380.988437027
447700 325 -6307616.10800675
447800 325 -6323238.165344179
447900 325 -6394883.077923083
448000 325 -6330908.196949443
448100 325 -6358755.678018689
448200 325 -6402326.623936791
448300 325 -6340080.985169351
448400 325 -6346535.733497674
448500 325 -6362019.977660153
448600 325 -6295649.906419933
448700 325 -6397713.434677411
448800 325 -6314953.782424496
448900 325 -6305216.250785859
449000 325 -6302766.280527997
449100 325 -6364669.523860216
449200 325 -6363388.869927876
449300 325 -6360938.978544669
449400 325 -6357606.07425529
449500 325 -6317618.310767621
449600 325 -6303641.641827397
449700 325 -6363907.753071321
449800 325 -6351275.496750117
449900 325 -6285526.428708533
450000 325 -6376435.489577491
450100 325 -6329198.082461327
450200 325 -6312900.780918166
450300 325 -6297205.577710328
450400 325 -6332426.605691122
450500 325 -6258123.240626995
450600 325 -6262292.193395682
450700 325 -6364498.453720376
450800 325 -6442825.37262224
450900 325 -6304501.153093465
451000 325 -6326165.587491801
451100 325 -6253923.049959756
451200 325 -6328291.294882201
451300 325 -6319189.717088079
451400 325 -6407384.398332468
451500 325 -6372566.505413627
451600 325 -6384014.759320052
451700 325 -6382537.051575345
451800 325 -6358314.874520935
451900 325 -6336283.990388995
452000 325 -6299019.591203861
452100 325 -6384156.586773047
452200 325 -6307262.419283979
452300 325 -6336295.353665018
452400 325 -6364257.185816404
452500 325 -6375302.713620171
452600 325 -6412050.212769071
452700 325 -6378980.000521
452800 325 -6360743.936358009
452900 325 -6329346.486774493
453000 325 -6378496.352313222
453100 325 -6306650.924867025
453200 325 -6360788.353273278
453300 325 -6325390.531658975
453400 325 -6318680.229024985
453500 325 -6332046.844689636
453600 325 -6304784.668709394
453700 325 -6275790.701240586
453800 325 -6320439.332909545
453900 325 -6230305.810088996
454000 325 -6329332.716632928
454100 325 -6297221.700181017
454200 325 -6293531.782407621
454300 325 -6276902.101872201
454400 325 -6299640.614320677
454500 325 -6342689.956289642
454600 325 -6233972.888566393
454700 325 -6392121.324139979
454800 325 -6317521.105362077
454900 325 -6402776.353760368
455000 325 -6401485.018685194
455100 325 -6311816.588528622
455200 325 -6342290.160089113
455300 325 -6290874.604400249
455400 325 -6351581.131140968
455500 325 -6295236.928851319
455600 325 -6369455.927078497
455700 325 -6332664.877906159
455800 325 -6328593.11407176
455900 325 -6318710.625631215
456000 325 -6339715.554025747
456100 325 -6315178.633726355
456200 325 -6425985.17032099
456300 325 -6449852.216179214
456400 325 -6351499.4849899
456500 325 -6342408.580247044
456600 325 -6290797.397986682
456700 325 -6365795.876544509
456800 325 -6379924.828379316
456900 325 -6329826.526743302
457000 325 -6346767.861156316
457100 325 -6429563.644090146
457200 325 -6350542.236404594
457300 325 -6299025.997437961
457400 325 -6366938.021464434
457500 325 -6339823.153598839
457600 325 -6287427.460654054
457700 325 -6248885.64957114
457800 325 -6356232.929112038
457900 325 -6312391.253610519
458000 325 -6383190.946414763
458100 325 -6370816.968314181
458200 325 -6381947.200692733
458300 325 -6358382.78810059
458400 325 -6305394.001808921
458500 325 -6369546.441269238
458600 325 -6392452.668611467
458700 325 -6330733.232415391
458800 325 -6426253.867539449
458900 325 -6398624.741237574
459000 325 -6299601.151358061
459100 325 -6322930.623440243
459200 325 -6384206.143289356
459300 325 -6352101.32601597
459400 325 -6316824.957919287
459500 325 -6399897.786536852
459600 325 -6253786.779248361
459700 325 -6351576.419735791
459800 325 -6417455.415225789
459900 325 -6392584.074994188
460000 325 -6350126.778399747
460100 325 -6341084.751752336
460200 325 -6338816.975093699
460300 325 -6350695.144454462
460400 325 -6384608.546678785
460500 325 -6437678.165164586
460600 325 -6347927.005357873
460700 325 -6250056.746298486
460800 325 -6347154.792748663
460900 325 -6306696.661979431
461000 325 -6315946.676358121
461100 325 -6460542.554260831
461200 325 -6388925.186545656
461300 325 -6423853.04119431
461400 325 -6333175.728604393
461500 325 -6353000.111051945
461600 325 -6274054.70084286
461700 325 -6370308.917942751
461800 325 -6421802.097794838
461900 325 -6310838.962933605
462000 325 -6307408.664535658
462100 325 -6386332.661049527
462200 325 -6273135.511392797
462300 325 -6314204.96264678
462400 325 -6363535.186048778
462500 325 -6303696.184722973
462600 325 -6312446.614374151
462700 325 -6323134.612835365
462800 325 -6404675.521980669
462900 325 -6400424.900297785
463000 325 -6363716.254328793
463100 325 -6410189.339696859
463200 325 -6377954.47534305
463300 325 -6313839.014004417
463400 325 -6348876.93431942
463500 325 -6356567.479239916
463600 325 -6315427.335557324
463700 325 -6344861.800836056
463800 325 -6340019.145757264
463900 325 -6294308.866570728
464000 325 -6311539.321355102
464100 325 -6335377.014919486
464200 325 -6393240.962864414
464300 325 -6355614.289064443
464400 325 -6294271.086538211
464500 325 -6353451.922288851
464600 325 -6355230.020056818
464700 325 -6319068.044446371
464800 325 -6351280.645055778
464900 325 -6361686.161248765
465000 325 -6314176.785760421
465100 325 -6384021.911458251
465200 325 -6419626.589815201
465300 325 -6309502.317802632
465400 325 -6362302.740795864
465500 325 -6272311.665672874
465600 325 -6278073.49817622
465700 325 -6240015.553838309
465800 325 -6258458.353418216
465900 325 -6345359.831761559
466000 325 -6261038.430280723
466100 325 -6238893.559420127
466200 325 -6301379.110770661
466300 325 -6290522.951107265
466400 325 -6378205.980190353
466500 325 -6355472.391838916
466600 325 -6275495.170986721
466700 325 -6402716.886345597
466800 325 -6433760.659331508
466900 325 -6325689.879216362
467000 325 -6273725.711489102
467100 325 -6341379.127155142
467200 325 -6387519.810376679
467300 325 -6345229.843144527
467400 325 -6265446.171423765
467500 325 -6370620.031418304
467600 325 -6292266.824803031
467700 325 -6378895.611730963
467800 325 -6346417.869022747
467900 325 -6297972.212771541
468000 325 -6268508.441543741
468100 325 -6310541.930317169
468200 325 -6392400.269123901
468300 325 -6360077.896232079
468400 325 -6273545.233058462
468500 325 -6368848.8558286
468600 325 -6365830.687101094
468700 325 -6338657.136483949
468800 325 -6382399.757647572
468900 325 -6350430.003223337
469000 325 -6338908.306402525
469100 325 -6316216.713596866
469200 325 -6325598.970792864
469300 325 -6298446.652204079
469400 325 -6331924.424872214
469500 325 -6455362.06970554
469600 325 -6271175.627494765
469700 325 -6353704.143367779
469800 325 -6307698.298263271
469900 325 -6328211.498247424
470000 325 -6294460.177448289
470100 325 -6333733.540535205
470200 325 -6443287.910911459
470300 325 -6324566.928237891
470400 325 -6350353.412953131
470500 325 -6442353.483794738
470600 325 -6370257.236432984
470700 325 -6311823.56427228
470800 325 -6262507.502296779
470900 325 -6359055.727237675
471000 325 -6330897.108748803
471100 325 -6378666.281856012
471200 325 -6293488.131563714
471300 325 -6364952.099438787
471400 325 -6377476.296320097
471500 325 -6358621.414675874
471600 325 -6286201.251406554
471700 325 -6333639.592362441
471800 325 -6328936.488043243
471900 325 -6330773.482747404
472000 325 -6267112.878775328
472100 325 -6312856.888222826
472200 325 -6315341.167458296
472300 325 -6388422.473371359
472400 325 -6292426.754316118
472500 325 -6322896.435181336
472600 325 -6383805.808925485
472700 325 -6313267.480323426
472800 325 -6377132.703479726
472900 325 -6421070.83612328
473000 325 -6325559.674431083
473100 325 -6357314.831038347
473200 325 -6294227.038724748
473300 325 -6431408.432468507
473400 325 -6366254.684105568
473500 325 -6243953.951396084
473600 325 -6266091.585196598
473700 325 -6425104.01329444
473800 325 -6358504.959841194
473900 325 -6271763.768936628
474000 325 -6290393.248673441
474100 325 -6324051.608207766
474200 325 -6344941.271594752
474300 325 -6325116.445913144
474400 325 -6338249.101829905
474500 325 -6408330.804031735
474600 325 -6357169.132903166
474700 325 -6280379.219549331
474800 325 -6264134.906540746
474900 325 -6326249.885444447
475000 325 -6327580.165056461
475100 325 -6348326.471922023
475200 325 -6296018.942995528
475300 325 -6325324.518864425
475400 325 -6238061.396133661
475500 325 -6356061.035046758
475600 325 -6366752.649754006
475700 325 -6409951.776638238
475800 325 -6392395.903156454
475900 325 -6410087.56060184
476000 325 -6279830.424099902
476100 325 -6254146.297566042
476200 325 -6295741.316394458
476300 325 -6409825.436686566
476400 325 -6412282.027268606
476500 325 -6247349.282633262
476600 325 -6336197.554901617
476700 325 -6367573.772044763
476800 325 -6297925.056134971
476900 325 -6351517.867674654
477000 325 -6291602.375796741
477100 325 -6374911.909869056
477200 325 -6333879.894633792
477300 325 -6358604.712004907
477400 325 -6338295.662842825
477500 325 -6313168.997133117
477600 325 -6341631.497243662
477700 325 -6322840.787746328
477800 325 -6407553.620408774
477900 325 -6370098.007585894
478000 325 -6371386.031213575
478100 325 -6350980.343707373
478200 325 -6356485.750644358
478300 325 -6289392.394839974
478400 325 -6317673.495178578
478500 325 -6344547.32188999
478600 325 -6286058.116920213
478700 325 -6352488.369603742
478800 325 -6299019.175493104
478900 325 -6292592.965367657
479000 325 -6346136.543912715
479100 325 -6379776.804903248
479200 325 -6464820.792206806
479300 325 -6339698.720772765
479400 325 -6279305.627678409
479500 325 -6366625.445965836
479600 325 -6314716.175175069
479700 325 -6351229.773849601
479800 325 -6293475.060062778
479900 325 -6364865.566974266
480000 325 -6388523.501964359
480100 325 -6288005.466694871
480200 325 -6373582.906385341
480300 325 -6328484.749456313
480400 325 -6325868.898881899
480500 325 -6315405.498759719
480600 325 -6365223.748515662
480700 325 -6329623.711615702
480800 325 -6250893.666499342
480900 325 -6308195.175778199
481000 325 -6390855.418887158
481100 325 -6378502.831724544
481200 325 -6361901.313295536
481300 325 -6217212.263000922
481400 325 -6359591.29996956
481500 325 -6315411.313652605
481600 325 -6374016.421160491
481700 325 -6257982.261385829
481800 325 -6418349.260662936
481900 325 -6344030.498462613
482000 325 -6395049.518728133
482100 325 -6253068.219372899
482200 325 -6443512.647500938
482300 325 -6340331.372441342
482400 325 -6354941.860043111
482500 325 -6368933.708757568
482600 325 -6310197.800061795
482700 325 -6221086.427067513
482800 325 -6276458.893015938
482900 325 -6303430.52439906
483000 325 -6321304.972092702
483100 325 -6345752.108740942
483200 325 -6344247.23278147
483300 325 -6351796.355293885
483400 325 -6326799.899791574
483500 325 -6350469.672654899
483600 325 -6451892.429127716
483700 325 -6460099.948163527
483800 325 -6388193.332819578
483900 325 -6296558.563094261
484000 325 -6400790.191956235
484100 325 -6362470.556454163
484200 325 -6279074.962107952
484300 325 -6286395.982978616
484400 325 -6272798.397577519
484500 325 -6467670.798956072
484600 325 -6335403.653427163
484700 325 -6328156.10185628
484800 325 -6358139.231796436
484900 325 -6351040.22101561
485000 325 -6362148.294902004
485100 325 -6340039.157432657
485200 325 -6404211.927095068
485300 325 -6390194.23800234
485400 325 -6286548.152764807
485500 325 -6345048.475231078
485600 325 -6337503.864061035
485700 325 -6312703.807532676
485800 325 -6365897.60716347
485900 325 -6325235.875316376
486000 325 -6374851.758461218
486100 325 -6369708.534498719
486200 325 -6381207.94167584
486300 325 -6312995.821582005
486400 325 -6272232.127500474
486500 325 -6399385.384485253
486600 325 -6315098.796126047
486700 325 -6306630.26809499
486800 325 -6406502.057693705
486900 325 -6296521.16907805
487000 325 -6355820.641683573
487100 325 -6297562.73639532
487200 325 -6329977.73930158
487300 325 -6284123.7815564
487400 325 -6289889.398811325
487500 325 -6327257.450490781
487600 325 -6449673.60079913
487700 325 -6297405.5156489
487800 325 -6279318.660592344
487900 325 -6351906.232308136
488000 325 -6384696.01513201
488100 325 -6310825.457664067
488200 325 -6305818.033714464
488300 325 -6261819.432662359
488400 325 -6295601.098026881
488500 325 -6332678.248079232
488600 325 -6340864.93153416
488700 325 -6339966.78054267
488800 325 -6246174.470973043
488900 325 -6339392.854513487
489000 325 -6337015.69390776
489100 325 -6345907.445393664
489200 325 -6425321.634866003
489300 325 -6333565.865885574
489400 325 -6362553.729019781
489500 325 -6355850.636027308
489600 325 -6324131.718262827
489700 325 -6243310.077696122
489800 325 -6278016.160987864
489900 325 -6298314.199551456
490000 325 -6315384.55987817
490100 325 -6287448.084068656
490200 325 -6372790.69546506
490300 325 -6356518.713778423
490400 325 -6312542.393447646
490500 325 -6395644.94076208
490600 325 -6324685.022358079
490700 325 -6342799.930621479
490800 325 -6338689.813358206
490900 325 -6297240.360526313
491000 325 -6368470.438370743
491100 325 -6373398.702090757
491200 325 -6357368.931125626
491300 325 -6383919.738028368
491400 325 -6308210.979592042
491500 325 -6290800.872213462
491600 325 -6295129.577397298
491700 325 -6348095.416791324
491800 325 -6351416.8498345
491900 325 -6344392.386833945
492000 325 -6339772.286149316
492100 325 -6366280.287346985
492200 325 -6301109.500146115
492300 325 -6292185.49248101
492400 325 -6365327.395600928
492500 325 -6336112.600884171
492600 325 -6298849.590445094
492700 325 -6396862.172739066
492800 325 -6323223.7559615
492900 325 -6362872.484053794
493000 325 -6343044.457220105
493100 325 -6334176.157404466
493200 325 -6346824.310399955
493300 325 -6253539.32767953
493400 325 -6325178.485074151
493500 325 -6338618.813162624
493600 325 -6409119.853197022
493700 325 -6345762.622182174
493800 325 -6282365.556646157
493900 325 -6293069.143110161
494000 325 -6354205.137349233
494100 325 -6316297.3637129
494200 325 -6397474.331705712
494300 325 -6322374.814617844
494400 325 -6265976.309759427
494500 325 -6358966.022950154
494600 325 -6367540.184861972
494700 325 -6365472.432173115
494800 325 -6329455.495120011
494900 325 -6320949.183814457
495000 325 -6366499.610849507
495100 325 -6343124.518935987
495200 325 -6315280.579660898
495300 325 -6361397.946296634
495400 325 -6323291.298523953
495500 325 -6307018.357686583
495600 325 -6396106.285508007
495700 325 -6353554.949632702
495800 325 -6407945.007367617
495900 325 -6367207.897270259
496000 325 -6293640.360939631
496100 325 -6436939.895174794
496200 325 -6373657.709641695
496300 325 -6328549.806729815
496400 325 -6306773.852192632
496500 325 -6301559.473430482
496600 325 -6287735.228729066
496700 325 -6365992.217550335
496800 325 -6339303.067798652
496900 325 -6291186.586417403
497000 325 -6361894.627079242
497100 325 -6272040.769535108
497200 325 -6285732.712866185
497300 325 -6324670.473677468
497400 325 -6290153.864544986
497500 325 -6347815.934094105
497600 325 -6276133.158001676
497700 325 -6243227.836127358
497800 325 -6296324.712710762
497900 325 -6341233.76097816
498000 325 -6321339.543370994
498100 325 -6324924.287424985
498200 325 -6380889.778925158
498300 325 -6381810.352302879
498400 325 -6400546.005579291
498500 325 -6307341.134624731
498600 325 -6314999.078714084
498700 325 -6373467.926817263
498800 325 -6298422.706165736
498900 325 -6287642.905931115
499000 325 -6351525.640304399
499100 325 -6310071.046791716
499200 325 -6255405.055959282
499300 325 -6394832.111562031
499400 325 -6382107.030591802
499500 325 -6340605.569599748
499600 325 -6349615.271133735
499700 325 -6435369.697380425
499800 325 -6395266.502548022
499900 325 -6377039.756795442
500000 325 -6293608.713169677
500100 325 -6324866.030268963
500200 325 -6269083.556241415
500300 325 -6356587.559379029
500400 325 -6346837.362528645
500500 325 -6305922.497420212
500600 325 -6316895.753111255
500700 325 -6414401.987952966
500800 325 -6356957.24862279
500900 325 -6279592.748734467
501000 325 -6330646.33834038
501100 325 -6341389.659272791
501200 325 -6353372.022585046
501300 325 -6417254.41491827
501400 325 -6365422.062040944
501500 325 -6364179.790198543
501600 325 -6267493.578949232
501700 325 -6419493.524334588
501800 325 -6358889.294759591
501900 325 -6366108.588582083
502000 325 -6255931.537818773
502100 325 -6396673.258839311
502200 325 -6279541.409114637
502300 325 -6279441.715191551
502400 325 -6353148.451229036
502500 325 -6251316.265926256
502600 325 -6341071.378122035
502700 325 -6347793.925238691
502800 325 -6394772.515569935
502900 325 -6354483.113493533
503000 325 -6350933.194914047
503100 325 -6357309.356345113
503200 325 -6327304.633690409
503300 325 -6285295.651584752
503400 325 -6274057.371753391
503500 325 -6299705.792044776
503600 325 -6375546.223430438
503700 325 -6329505.232809896
503800 325 -6356056.802659106
503900 325 -6366491.909885369
504000 325 -6348051.714856423
504100 325 -6330953.380476624
504200 325 -6395014.164695941
504300 325 -6298476.707465595
504400 325 -6404549.64923821
504500 325 -6312757.843745995
504600 325 -6351117.062273329
504700 325 -6313732.542064986
504800 325 -6497898.585362724
504900 325 -6351644.955333354
505000 325 -6388785.012969598
505100 325 -6356207.57212121
505200 325 -6312599.812456269
505300 325 -6276367.660969804
505400 325 -6222761.602826412
505500 325 -6352192.116753608
505600 325 -6381037.857866979
505700 325 -6304153.372902837
505800 325 -6336750.375633316
505900 325 -6351664.370333347
506000 325 -6338475.813797995
506100 325 -6307243.925043543
506200 325 -6343590.282050921
506300 325 -6309996.451047933
506400 325 -6371625.434533877
506500 325 -6418886.381906002
506600 325 -6361360.959239211
506700 325 -6307329.05942903
506800 325 -6208264.944700493
506900 325 -6298303.389910428
507000 325 -6307170.285514282
507100 325 -6356005.141462198
507200 325 -6386572.76938816
507300 325 -6340600.86676394
507400 325 -6326444.681070888
507500 325 -6418523.265072803
507600 325 -6299190.910441041
507700 325 -6324383.066007492
507800 325 -6357463.838559859
507900 325 -6365583.085223932
508000 325 -6338221.481825052
508100 325 -6386818.370423099
508200 325 -6376433.778907683
508300 325 -6273421.860598366
508400 325 -6259627.976197651
508500 325 -6294885.273477152
508600 325 -6349398.596174459
508700 325 -6353422.988731246
508800 325 -6314740.40485736
508900 325 -6218174.088293176
509000 325 -6442903.270835288
509100 325 -6387632.75225906
509200 325 -6367214.706575444
509300 325 -6340771.375094822
509400 325 -6338341.415663094
509500 325 -6397804.123044427
509600 325 -6262705.343835727
509700 325 -6342383.472060176
509800 325 -6357322.78619029
509900 325 -6333822.380647734
510000 325 -6357895.013993928
510100 325 -6269656.487492966
510200 325 -6294181.817089289
510300 325 -6259899.225962648
510400 325 -6342383.493840003
510500 325 -6296021.701906053
510600 325 -6296262.383476962
510700 325 -6402580.00262633
510800 325 -6322132.348476486
510900 325 -6315596.443440181
511000 325 -6309260.310418872
511100 325 -6330918.246583119
511200 325 -6308093.376576088
511300 325 -6347104.115801188
511400 325 -6362229.010347677
511500 325 -6321954.764920539
511600 325 -6284866.918765716
511700 325 -6242557.044969832
511800 325 -6409263.188432896
511900 325 -6373121.292330548
512000 325 -6335050.546633134
512100 325 -6310275.125743962
512200 325 -6333100.396688726
512300 325 -6316379.802997873
512400 325 -6343543.49320183
512500 325 -6359450.760925875
512600 325 -6339349.131939368
512700 325 -6361985.594697802
512800 325 -6373255.099283277
512900 325 -6370607.734286671
513000 325 -6370685.272092296
513100 325 -6450449.146237636
513200 325 -6324948.497069519
513300 325 -6338637.648722852
513400 325 -6244764.540682519
513500 325 -6357314.325971413
513600 325 -6326981.912024453
513700 325 -6275343.280162113
513800 325 -6423955.967520628
513900 325 -6409536.893806564
514000 325 -6299682.64624387
514100 325 -6335993.148926429
514200 325 -6313123.186044669
514300 325 -6429823.398874633
514400 325 -6336444.183874367
514500 325 -6292521.616235158
514600 325 -6361943.855009444
514700 325 -6341935.373690169
514800 325 -6353270.022905204
514900 325 -6337962.502095544
515000 325 -6379272.634057175
515100 325 -6221414.162773598
515200 325 -6308274.822511739
515300 325 -6356661.977737312
515400 325 -6394912.808557013
515500 325 -6239036.019321028
515600 325 -6329067.98337955
515700 325 -6349172.101541789
515800 325 -6315683.547610121
515900 325 -6317644.411148664
516000 325 -6428103.342761967
516100 325 -6409692.424518424
516200 325 -6372161.714629598
516300 325 -6347112.883177162
516400 325 -6310349.42956275
516500 325 -6370565.720815457
516600 325 -6339046.559205286
516700 325 -6449463.854780811
516800 325 -6306317.846953947
516900 325 -6305764.383889381
517000 325 -6344587.808462087
517100 325 -6282209.568668213
517200 325 -6376253.265857466
517300 325 -6431584.509016388
517400 325 -6317029.00476681
517500 325 -6308140.170881432
517600 325 -6384736.968315165
517700 325 -6339748.690764783
517800 325 -6373909.16656571
517900 325 -6402734.048105886
518000 325 -6429177.1883376
518100 325 -6317698.436549643
518200 325 -6346706.831978925
518300 325 -6244226.415712027
518400 325 -6311051.505429898
518500 325 -6317467.912568999
518600 325 -6343559.19991695
518700 325 -6296485.147734717
518800 325 -6318099.3533627
518900 325 -6337012.727191927
519000 325 -6346368.557127494
519100 325 -6305884.912554524
519200 325 -6242081.756882453
519300 325 -6330490.615578595
519400 325 -6372105.892139316
519500 325 -6281219.5368107
519600 325 -6345944.482726897
519700 325 -6361686.869128845
519800 325 -6390294.946005402
519900 325 -6355230.459773486
520000 325 -6321281.118560531
520100 325 -6295466.561327185
520200 325 -6379998.68216794
520300 325 -6297087.26863458
520400 325 -6360299.025452966
520500 325 -6337248.991117556
520600 325 -6375535.82875685
520700 325 -6339187.883444388
520800 325 -6327231.12421778
520900 325 -6315232.196198415
521000 325 -6341136.100322436
521100 325 -6323475.510449994
521200 325 -6346260.060347205
521300 325 -6309048.910885476
521400 325 -6319139.77830035
521500 325 -6329313.746131716
521600 325 -6294116.222032135
521700 325 -6403245.994439819
521800 325 -6289923.363537989
521900 325 -6365246.527112028
522000 325 -6338253.500169087
522100 325 -6379039.114343137
522200 325 -6355834.718515631
522300 325 -6375965.802644769
522400 325 -6320737.579416227
522500 325 -6325060.43143216
522600 325 -6411387.748735401
522700 325 -6297896.759135818
522800 325 -6249319.54469849
522900 325 -6336805.572278708
523000 325 -6308416.418255474
523100 325 -6347500.747922754
523200 325 -6254391.372186234
523300 325 -6311876.237185359
523400 325 -6433173.576558715
523500 325 -6329948.992358521
523600 325 -6409236.77863883
523700 325 -6366089.992052613
523800 325 -6322074.54537471
523900 325 -6309585.112216616
524000 325 -6394777.411901786
524100 325 -6375439.52259691
524200 325 -6278953.655265776
524300 325 -6350468.933504474
524400 325 -6355554.63671219
524500 325 -6334107.270051899
524600 325 -6371614.634932857
524700 325 -6359235.510533191
524800 325 -6305473.643642809
524900 325 -6358246.422392047
525000 325 -6334553.214516084
525100 325 -6379595.23974242
525200 325 -6380308.784140335
525300 325 -6352616.603605488
525400 325 -6392009.883490572
525500 325 -6395255.428122019
525600 325 -6270092.30191608
525700 325 -6301432.337879518
525800 325 -6259937.381147491
525900 325 -6373231.623375457
526000 325 -6315812.957889239
526100 325 -6422291.616748503
526200 325 -6330012.196342292
526300 325 -6248737.210187322
526400 325 -6413675.746722584
526500 325 -6341544.201187947
526600 325 -6374986.199392369
526700 325 -6323672.087914338
526800 325 -6349347.752659736
526900 325 -6245053.394600907
527000 325 -6328165.505117821
527100 325 -6325556.466824238
527200 325 -6294902.473799164
527300 325 -6279401.252108917
527400 325 -6406763.336098625
527500 325 -6302966.82353404
527600 325 -6417927.172375158
527700 325 -6365712.413129716
527800 325 -6288886.820915602
527900 325 -6332755.282733234
528000 325 -6313398.446123403
528100 325 -6290056.257476533
528200 325 -6389049.402349175
528300 325 -6325699.632097747
528400 325 -6298045.515106436
528500 325 -6262245.108890981
528600 325 -6291267.317708434
528700 325 -6403144.069804225
528800 325 -6429156.222714217
528900 325 -6349686.303325203
529000 325 -6376166.526025563
529100 325 -6333011.698790026
529200 325 -6252363.550115444
529300 325 -6340560.118870476
529400 325 -6312989.903558832
529500 325 -6332071.292727906
529600 325 -6325797.812091086
529700 325 -6222935.985633413
529800 325 -6277485.704619036
529900 325 -6342663.144752902
530000 325 -6345969.868103269
530100 325 -6341640.509851314
530200 325 -6377932.223744248
530300 325 -6394800.231460322
530400 325 -6333884.899154785
530500 325 -6383045.267862702
530600 325 -6259233.066066561
530700 325 -6384513.984289393
530800 325 -6312341.050649598
530900 325 -6328302.957318354
531000 325 -6355111.317968046
531100 325 -6318731.064515788
531200 325 -6303243.854331178
531300 325 -6338975.340144993
531400 325 -6228761.991747651
531500 325 -6392736.587006776
531600 325 -6244594.39640129
531700 325 -6303097.231088528
531800 325 -6290468.363152182
531900 325 -6327804.082424166
532000 325 -6310021.163159026
532100 325 -6344176.014705097
532200 325 -6359878.95126739
532300 325 -6281291.562922076
532400 325 -6352691.278617763
532500 325 -6348232.202489102
532600 325 -6355515.829668827
532700 325 -6342520.538531166
532800 325 -6378488.334180092
532900 325 -6378823.126505872
533000 325 -6363836.735224521
533100 325 -6277859.282235976
533200 325 -6297086.841519332
533300 325 -6287439.846004497
533400 325 -6301201.263171827
533500 325 -6327579.266783909
533600 325 -6351354.444768226
533700 325 -6295755.53565786
533800 325 -6471963.842463776
533900 325 -6359722.399576139
534000 325 -6243261.395630931
534100 325 -6353015.839235542
534200 325 -6345115.042358968
534300 325 -6404900.769081252
534400 325 -6398760.718146265
534500 325 -6367756.524866712
534600 325 -6297830.405771853
534700 325 -6305031.309508476
534800 325 -6416737.388583529
534900 325 -6359809.661120574
535000 325 -6301055.490554887
535100 325 -6387217.750179153
535200 325 -6320142.027170482
535300 325 -6368617.099116337
535400 325 -6337196.425219653
535500 325 -6382875.161708912
535600 325 -6338859.695179773
535700 325 -6306985.693573094
535800 325 -6319745.861133318
535900 325 -6331212.158292151
536000 325 -6364813.082731407
536100 325 -6307333.549788759
536200 325 -6283332.282569101
536300 325 -6402280.486380799
536400 325 -6338721.908729891
536500 325 -6349138.922766751
536600 325 -6335281.466058128
536700 325 -6344616.816776876
536800 325 -6346730.046281626
536900 325 -6386597.656165843
537000 325 -6297698.263785103
537100 325 -6256115.624729559
537200 325 -6364801.083243534
537300 325 -6413462.021422679
537400 325 -6319683.828927972
537500 325 -6307445.091947315
537600 325 -6365115.209447973
537700 325 -6303752.781209771
537800 325 -6317442.83342802
537900 325 -6322923.734700629
538000 325 -6344901.159742934
538100 325 -6377949.973633224
538200 325 -6307043.198906531
538300 325 -6322588.087026739
538400 325 -6383991.067749878
538500 325 -6414817.71003434
538600 325 -6350208.774211209
538700 325 -6354335.094379842
538800 325 -6328459.717730768
538900 325 -6336619.794113658
539000 325 -6383187.246293319
539100 325 -6370241.198173383
539200 325 -6358260.617974018
539300 325 -6328777.636633269
539400 325 -6329669.664773946
539500 325 -6318145.645006496
539600 325 -6313717.510546356
539700 325 -6293668.467225909
539800 325 -6330316.35756547
539900 325 -6321345.223850554
540000 325 -6366911.057390728
540100 325 -6287994.835669101
540200 325 -6303449.26917938
540300 325 -6400992.092931867
540400 325 -6362553.352097116
540500 325 -6342883.629784746
540600 325 -6300181.844047314
540700 325 -6330586.492370043
540800 325 -6324934.38499226
540900 325 -6272999.665032116
541000 325 -6352374.636642323
541100 325 -6287825.926317271
541200 325 -6431923.46340082
541300 325 -6275188.322413009
541400 325 -6331538.046638737
541500 325 -6402025.646331026
541600 325 -6385397.375916757
541700 325 -6301179.095455549
541800 325 -6368811.596671218
541900 325 -6396374.45290654
542000 325 -6294559.782664333
542100 325 -6293465.387376162
542200 325 -6398096.642213715
542300 325 -6306275.38934688
542400 325 -6310243.18496993
542500 325 -6312148.754090926
542600 325 -6402345.367783756
542700 325 -6327512.895914881
542800 325 -6185178.187890807
542900 325 -6294996.225701811
543000 325 -6388562.685983205
543100 325 -6423349.847068343
543200 325 -6337839.340918221
543300 325 -6305960.427141741
543400 325 -6345323.772835447
543500 325 -6305376.589309124
543600 325 -6369645.931555007
543700 325 -6423923.69738467
543800 325 -6349565.352389367
543900 325 -6246201.828849629
544000 325 -6289296.906820808
544100 325 -6251133.539518861
544200 325 -6388289.749809872
544300 325 -6324710.074996511
544400 325 -6357942.66592083
544500 325 -6416971.532189718
544600 325 -6342207.835905245
544700 325 -6405061.574975628
544800 325 -6317489.376485984
544900 325 -6320444.962265205
545000 325 -6331968.998477431
545100 325 -6302917.735646871
545200 325 -6400109.271552728
545300 325 -6174019.264349811
545400 325 -6312559.224571627
545500 325 -6386970.801322365
545600 325 -6342205.193114961
545700 325 -6329031.70751114
545800 325 -6333476.040938266
545900 325 -6298698.259121843
546000 325 -6326468.444266508
546100 325 -6276490.215856876
546200 325 -6358955.184133342
546300 325 -6340191.570965383
546400 325 -6291704.785181841
546500 325 -6276791.323568175
546600 325 -6310713.750524886
546700 325 -6331233.68572761
546800 325 -6293332.621399009
546900 325 -6283324.589972479
547000 325 -6320675.964134077
547100 325 -6343935.137813627
547200 325 -6310691.803291759
547300 325 -6381221.091538798
547400 325 -6335913.615843844
547500 325 -6346328.260429734
547600 325 -6373003.241857064
547700 325 -6389643.528447636
547800 325 -6324898.528250733
547900 325 -6391651.005951864
548000 325 -6347418.392284182
548100 325 -6397543.122069897
548200 325 -6369545.813714006
548300 325 -6389332.941006785
548400 325 -6345269.085209342
548500 325 -6343240.061511017
548600 325 -6258464.946270568
548700 325 -6482248.096292548
548800 325 -6284678.326927461
548900 325 -6282215.695111083
549000 325 -6313615.460917551
549100 325 -6345839.951876665
549200 325 -6295016.427555678
549300 325 -6370166.461494183
549400 325 -6252175.520523435
549500 325 -6383043.276693875
549600 325 -6415927.355076551
549700 325 -6327224.789578528
549800 325 -6350393.011798791
549900 325 -6400731.192252044
550000 325 -6358430.369551495
550100 325 -6359332.231694732
550200 325 -6347528.915256243
550300 325 -6385581.854113543
550400 325 -6438245.006358037
550500 325 -6377055.511017249
550600 325 -6346924.202951647
550700 325 -6272480.353961194
550800 325 -6339957.728290231
550900 325 -6281998.697259934
551000 325 -6384529.740165235
551100 325 -6354236.857336727
551200 325 -6292114.218584443
551300 325 -6292020.552965801
551400 325 -6372837.378272878
551500 325 -6304324.833486019
551600 325 -6364141.687246121
551700 325 -6371093.140142074
551800 325 -6320119.88706072
551900 325 -6421600.600127717
552000 325 -6248719.392697303
552100 325 -6358418.124584023
552200 325 -6387431.89055026
552300 325 -6375087.87559326
552400 325 -6270402.15388694
552500 325 -6361514.272731585
552600 325 -6317985.798259674
552700 325 -6298237.292240664
552800 325 -6372585.973429628
552900 325 -6365280.344576567
553000 325 -6305679.784321078
553100 325 -6328803.185116772
553200 325 -6300977.495728367
553300 325 -6398392.130444192
553400 325 -6360484.904587734
553500 325 -6388237.937265475
553600 325 -6429015.742397829
553700 325 -6337426.333191497
553800 325 -6368390.054484647
553900 325 -6335688.272182897
554000 325 -6307800.659977406
554100 325 -6364639.26006509
554200 325 -6291837.433505116
554300 325 -6320328.779743798
554400 325 -6336483.914087556
554500 325 -6350644.777365478
554600 325 -6330867.330102612
554700 325 -6299548.446672654
554800 325 -6287286.114107043
554900 325 -6280664.8286738
555000 325 -6285750.934898092
555100 325 -6359770.241398837
555200 325 -6340337.137559514
555300 325 -6390590.98942756
555400 325 -6375322.036105994
555500 325 -6374010.273327569
555600 325 -6336363.2187036
555700 325 -6337370.863144554
555800 325 -6388411.112227608
555900 325 -6334916.482225678
556000 325 -6319300.176446825
556100 325 -6360409.182646145
556200 325 -6347600.476135533
556300 325 -6264708.230465624
556400 325 -6382937.855465149
556500 325 -6279024.279909251
556600 325 -6387133.352680853
556700 325 -6310621.93770565
556800 325 -6320045.407005251
556900 325 -6357801.98430853
557000 325 -6344542.324381138
557100 325 -6274441.448012106
557200 325 -6289377.485799161
557300 325 -6323220.863394408
557400 325 -6341395.589157488
557500 325 -6396585.829574158
557600 325 -6302921.086073987
557700 325 -6282876.868209142
557800 325 -6357213.313431421
557900 325 -6289043.141218893
558000 325 -6302754.213310476
558100 325 -6281930.485795514
558200 325 -6319535.119570637
558300 325 -6363383.569948476
558400 325 -6374624.071303128
558500 325 -6371584.387406638
558600 325 -6356386.585465554
558700 325 -6452525.899993302
558800 325 -6378385.883519178
558900 325 -6377802.090460889
559000 325 -6306804.65339084
559100 325 -6392530.393160205
559200 325 -6321713.982075658
559300 325 -6325200.417722729
559400 325 -6372313.77170236
559500 325 -6227832.929934659
559600 325 -6420200.76103904
559700 325 -6309315.122021725
559800 325 -6361852.971819277
559900 325 -6407637.012820445
560000 325 -6369176.47446814
560100 325 -6306252.866296304
560200 325 -6345667.199824819
560300 325 -6370743.565579661
560400 325 -6361806.097705687
560500 325 -6383032.815038164
560600 325 -6204568.812783154
560700 325 -6407277.903300012
560800 325 -6270702.570362966
560900 325 -6415114.778926177
561000 325 -6281996.881823301
561100 325 -6313731.034601821
561200 325 -6370852.479589903
561300 325 -6332393.02223469
561400 325 -6401193.595843934
561500 325 -6344252.1442053
561600 325 -6224403.91588724
561700 325 -6251866.79089324
561800 325 -6270363.475490067
561900 325 -6389132.924956552
562000 325 -6288829.831421187
562100 325 -6283989.20868909
562200 325 -6405203.490152561
562300 325 -6378883.478922527
562400 325 -6300081.395978959
562500 325 -6300752.297294537
562600 325 -6375246.986280591
562700 325 -6421379.372263609
562800 325 -6327680.831708724
562900 325 -6339069.679193282
563000 325 -6359753.287952058
563100 325 -6245704.500007942
563200 325 -6373383.606058663
563300 325 -6291309.804485807
563400 325 -6348401.105283109
563500 325 -6317182.246677747
563600 325 -6360715.288653214
563700 325 -6429648.461948957
563800 325 -6354119.155522753
563900 325 -6352925.135577862
564000 325 -6373657.085341468
564100 325 -6331544.902313177
564200 325 -6345597.814437055
564300 325 -6296292.687033089
564400 325 -6319216.463194154
564500 325 -6353942.910626935
564600 325 -6414370.01389568
564700 325 -6322019.063665694
564800 325 -6341499.864653557
564900 325 -6326438.754328922
565000 325 -6399985.729947666
565100 325 -6335906.046954401
565200 325 -6440358.891510025
565300 325 -6391115.904661169
565400 325 -6323753.976111052
565500 325 -6346662.905371666
565600 325 -6294349.6611667
565700 325 -6281720.6107726
565800 325 -6342937.902856175
565900 325 -6301398.197323918
566000 325 -6391107.901908958
566100 325 -6391956.401793534
566200 325 -6321170.656768075
566300 325 -6342968.046556763
566400 325 -6371075.515837357
566500 325 -6287791.560945248
566600 325 -6270206.867744542
566700 325 -6323337.941593992
566800 325 -6334756.992184501
566900 325 -6319482.245669076
567000 325 -6369392.033425448
567100 325 -6328256.544899587
567200 325 -6311631.501532618
567300 325 -6434726.521030411
567400 325 -6319340.64230818
567500 325 -6356494.23708348
567600 325 -6295017.024973787
567700 325 -6340817.010980875
567800 325 -6332213.832131919
567900 325 -6322285.747991841
568000 325 -6425218.493545804
568100 325 -6373601.911588492
568200 325 -6331182.552279964
568300 325 -6340480.019294528
568400 325 -6443968.541101865
568500 325 -6239613.382768181
568600 325 -6291395.910580854
568700 325 -6352534.963397183
568800 325 -6364096.971370587
568900 325 -6337754.160234755
569000 325 -6293919.647488134
569100 325 -6278859.311211714
569200 325 -6317411.643380116
569300 325 -6342998.107006621
569400 325 -6331228.011766357
569500 325 -6351151.051324315
569600 325 -6380602.339242294
569700 325 -6341461.042757172
569800 325 -6295969.341585744
569900 325 -6386224.877932074
570000 325 -6313701.63662011
570100 325 -6340773.469415186
570200 325 -6344943.209526155
570300 325 -6328405.076930457
570400 325 -6292870.117759104
570500 325 -6354002.900594354
570600 325 -6354123.824989269
570700 325 -6296663.988984739
570800 325 -6350658.055338839
570900 325 -6325782.335980626
571000 325 -6283638.855573217
571100 325 -6285965.547038913
571200 325 -6365537.225499868
571300 325 -6389238.913665388
571400 325 -6288282.298235722
571500 325 -6223173.122447502
571600 325 -6351865.78671279
571700 325 -6322665.292730751
571800 325 -6352405.381791193
571900 325 -6286505.751137111
572000 325 -6366557.399655038
572100 325 -6329032.808277646
572200 325 -6352597.207025383
572300 325 -6284020.314768633
572400 325 -6365123.995173637
572500 325 -6334440.620563768
572600 325 -6366491.261475117
572700 325 -6282335.737311652
572800 325 -6321789.610149463
572900 325 -6339355.74213858
573000 325 -6342687.254840733
573100 325 -6371106.1904686
573200 325 -6317500.565476777
573300 325 -6353760.871476773
573400 325 -6327383.585679065
573500 325 -6308611.384126443
573600 325 -6285731.862985555
573700 325 -6296076.60741953
573800 325 -6360933.753640283
573900 325 -6385632.690978428
574000 325 -6329330.375864893
574100 325 -6341217.059918927
574200 325 -6234836.244974133
574300 325 -6302610.356966544
574400 325 -6301424.558930568
574500 325 -6331035.723832295
574600 325 -6301508.420847435
574700 325 -6457026.577629689
574800 325 -6337476.797394937
574900 325 -6338506.655785264
575000 325 -6282176.260981245
575100 325 -6327781.060050873
575200 325 -6353404.185752297
575300 325 -6414350.257363617
575400 325 -6266878.414519312
575500 325 -6354015.150235431
575600 325 -6333122.23346196
575700 325 -6344361.153506191
575800 325 -6335076.454614896
575900 325 -6388179.213445662
576000 325 -6340720.543343716
576100 325 -6349245.966395175
576200 325 -6347619.099165928
576300 325 -6379615.30391272
576400 325 -6425673.779962554
576500 325 -6304065.400727144
576600 325 -6317645.28056885
576700 325 -6379184.835662741
576800 325 -6379514.067797471
576900 325 -6320305.299191642
577000 325 -6313539.356909025
577100 325 -6349251.751491118
577200 325 -6327759.755629767
577300 325 -6405864.740905402
577400 325 -6307488.426375631
577500 325 -6302782.91942437
577600 325 -6382303.375131987
577700 325 -6363515.071919927
577800 325 -6339003.044157915
577900 325 -6403939.737819023
578000 325 -6308081.856807389
578100 325 -6318718.807375608
578200 325 -6319017.757467049
578300 325 -6323481.887006916
578400 325 -6327451.371804421
578500 325 -6332159.834564214
578600 325 -6348077.801781083
578700 325 -6339754.8632205
578800 325 -6323849.827505698
578900 325 -6257425.319657639
579000 325 -6287266.05975596
579100 325 -6339527.725680212
579200 325 -6358073.537448384
579300 325 -6382722.260909919
579400 325 -6425866.109307131
579500 325 -6335036.074534793
579600 325 -6342293.915688105
579700 325 -6370137.261953664
579800 325 -6369552.992321858
579900 325 -6353616.66009986
580000 325 -6350046.502194418
580100 325 -6412248.4761844
580200 325 -6259395.054975201
580300 325 -6319829.799196709
580400 325 -6313489.292770946
580500 325 -6297624.853115438
580600 325 -6280226.692905341
580700 325 -6304311.685457785
580800 325 -6368990.568915918
580900 325 -6314883.373450419
581000 325 -6377696.508653066
581100 325 -6408735.71229841
581200 325 -6328570.193259278
581300 325 -6343178.10387337
581400 325 -6386731.077258641
581500 325 -6426914.457318436
581600 325 -6249904.21132253
581700 325 -6398381.826148006
581800 325 -6401030.30339741
581900 325 -6409985.702246604
582000 325 -6391488.040493098
582100 325 -6315010.777660079
582200 325 -6305251.299026586
582300 325 -6373902.670451032
582400 325 -6320018.088402006
582500 325 -6304042.339680852
582600 325 -6365226.542304294
582700 325 -6367810.877005281
582800 325 -6381064.2676339
582900 325 -6425676.500666779
583000 325 -6382873.562103557
583100 325 -6247147.763097427
583200 325 -6395276.576818113
583300 325 -6362719.134201055
583400 325 -6338379.175631649
583500 325 -6312046.563162754
583600 325 -6412853.14673107
583700 325 -6239575.97263968
583800 325 -6341926.287703667
583900 325 -6389333.370134993
584000 325 -6291826.690657909
584100 325 -6392481.78127593
584200 325 -6395170.813288206
584300 325 -6326369.100454887
584400 325 -6342209.958822438
584500 325 -6289345.256275147
584600 325 -6352159.003541335
584700 325 -6413321.767827887
584800 325 -6303853.336145693
584900 325 -6365196.092041146
585000 325 -6450305.79978439
585100 325 -6319720.202592536
585200 325 -6359451.855970194
585300 325 -6388501.973342346
585400 325 -6355597.229564012
585500 325 -6424508.485704167
585600 325 -6317375.376372926
585700 325 -6387296.967818983
585800 325 -6380070.278725246
585900 325 -6325571.954116096
586000 325 -6343066.873479281
586100 325 -6277934.269345336
586200 325 -6328989.521318343
586300 325 -6394296.351026632
586400 325 -6253153.353509878
586500 325 -6385173.264408317
586600 325 -6371279.816467322
586700 325 -6412161.510942766
586800 325 -6334738.959235188
586900 325 -6233954.001235129
587000 325 -6280556.533387768
587100 325 -6284748.296551221
587200 325 -6346872.162012172
587300 325 -6312897.675700009
587400 325 -6279144.515500025
587500 325 -6413449.023642587
587600 325 -6355266.97341997
587700 325 -6318102.707645517
587800 325 -6382035.461892897
587900 325 -6305719.794238378
588000 325 -6327864.242680302
588100 325 -6323006.207199766
588200 325 -6407389.19045095
588300 325 -6319815.054387664
588400 325 -6320072.291767726
588500 325 -6297175.631696562
588600 325 -6304812.607910283
588700 325 -6379478.674086941
588800 325 -6303151.505329424
588900 325 -6346550.554334791
589000 325 -6349424.937871935
589100 325 -6345996.791147915
589200 325 -6324442.537335005
589300 325 -6365578.680079962
589400 325 -6364799.733777707
589500 325 -6329088.93771274
589600 325 -6316630.762724333
589700 325 -6273405.265842557
589800 325 -6372638.983890438
589900 325 -6309405.515709976
590000 325 -6226354.118423412
590100 325 -6316533.718831423
590200 325 -6386303.728759596
590300 325 -6311889.587730174
590400 325 -6304678.332772015
590500 325 -6310981.672646418
590600 325 -6330044.355315648
590700 325 -6344211.178701484
590800 325 -6329610.990919877
590900 325 -6335363.646131193
591000 325 -6224525.645966824
591100 325 -6322014.443508625
591200 325 -6304895.213516723
591300 325 -6321539.619005498
591400 325 -6279564.497318319
591500 325 -6275162.906210264
591600 325 -6358205.747077907
591700 325 -6348506.634055797
591800 325 -6355679.144039251
591900 325 -6382950.137454379
592000 325 -6329717.141658204
592100 325 -6365479.426840186
592200 325 -6288968.156176368
592300 325 -6361742.909347783
592400 325 -6416607.087637368
592500 325 -6407369.825986475
592600 325 -6323050.327915803
592700 325 -6345066.416874981
592800 325 -6321544.880126009
592900 325 -6381396.67493769
593000 325 -6406379.392185893
593100 325 -6304450.572041897
593200 325 -6400435.749591161
593300 325 -6336687.036851254
593400 325 -6340927.558213315
593500 325 -6277114.342717174
593600 325 -6329521.574732674
593700 325 -6248593.776136979
593800 325 -6394692.019677218
593900 325 -6338429.178614739
594000 325 -6326222.236367947
594100 325 -6385186.287996489
594200 325 -6310437.168678828
594300 325 -6378167.498379305
594400 325 -6326564.116080088
594500 325 -6365802.840590875
594600 325 -6284574.173861566
594700 325 -6322655.247326098
594800 325 -6322884.767988728
594900 325 -6316767.08528189
595000 325 -6417327.049028174
595100 325 -6424154.8796889
595200 325 -6347017.302172411
595300 325 -6260176.802071333
595400 325 -6310940.5968394
595500 325 -6268983.651314486
595600 325 -6313944.251999311
595700 325 -6405775.593895504
595800 325 -6364048.39514016
595900 325 -6336106.216781455
596000 325 -6326093.00636488
596100 325 -6302949.085981609
596200 325 -6312253.455556748
596300 325 -6322458.646041844
596400 325 -6311554.871772457
596500 325 -6421050.531439217
596600 325 -6291291.4086063
596700 325 -6341703.70195861
596800 325 -6335639.057958135
596900 325 -6363796.468908478
597000 325 -6290480.586111874
597100 325 -6383771.979668172
597200 325 -6260572.49511316
597300 325 -6374379.934616181
597400 325 -6355661.934136683
597500 325 -6234587.395549415
597600 325 -6308937.685292668
597700 325 -6343459.737843916
597800 325 -6366683.635976898
597900 325 -6333057.875485946
598000 325 -6448474.392584484
598100 325 -6379529.143593026
598200 325 -6400554.102201424
598300 325 -6371823.057587873
598400 325 -6180625.97037724
598500 325 -6407821.137035044
598600 325 -6357111.16763975
598700 325 -6266979.211296206
598800 325 -6282470.868186256
598900 325 -6411653.985510431
599000 325 -6381776.234246062
599100 325 -6369233.734858813
599200 325 -6421036.037806385
599300 325 -6346654.825445996
599400 325 -6393126.383225502
599500 325 -6316234.541786795
599600 325 -6350533.425199658
599700 325 -6254363.199081957
599800 325 -6286192.077583222
599900 325 -6301311.663453005
600000 325 -6315194.038911724
600100 325 -6322118.256131811
600200 325 -6341791.573517045
600300 325 -6310434.024917447
600400 325 -6302198.288182897
600500 325 -6344672.325382605
600600 325 -6333154.270753611
600700 325 -6359058.89633395
600800 325 -6278963.577152597
600900 325 -6373090.569797503
601000 325 -6296361.713799194
601100 325 -6291050.427527612
601200 325 -6367299.760555097
601300 325 -6327507.984976124
601400 325 -6380435.73381584
601500 325 -6340629.097481288
601600 325 -6354832.313459749
601700 325 -6336574.883851366
601800 325 -6382881.287437459
601900 325 -6254051.270199987
602000 325 -6265607.812939402
602100 325 -6351366.299484861
602200 325 -6346657.909797265
602300 325 -6289699.642957912
602400 325 -6300565.700802168
602500 325 -6304389.937926431
602600 325 -6321069.556249993
602700 325 -6412782.705837816
602800 325 -6257606.706928104
602900 325 -6282678.342690589
603000 325 -6365087.249205867
603100 325 -6366228.817315552
603200 325 -6398505.975810621
603300 325 -6301833.903165142
603400 325 -6357372.876696225
603500 325 -6322510.894126025
603600 325 -6310012.677165316
603700 325 -6305290.946108059
603800 325 -6392301.30403301
603900 325 -6322528.439513173
604000 325 -6350294.008088216
604100 325 -6342180.804111393
604200 325 -6367286.623847182
604300 325 -6358324.021709338
604400 325 -6429679.788257046
604500 325 -6268546.268748205
604600 325 -6309992.964913292
604700 325 -6387963.465048822
604800 325 -6353594.203770727
604900 325 -6273308.813187636
605000 325 -6417768.612458181
605100 325 -6312597.657496487
605200 325 -6365917.716715796
605300 325 -6383919.90051304
605400 325 -6298820.185110176
605500 325 -6383362.736052228
605600 325 -6275288.931449151
605700 325 -6378623.365016667
605800 325 -6428828.828773189
605900 325 -6363344.875386208
606000 325 -6314971.091467723
606100 325 -6364646.988407727
606200 325 -6374407.847230825
606300 325 -6340287.128638132
606400 325 -6355681.696983952
606500 325 -6363197.628982631
606600 325 -6280837.438127132
606700 325 -6349986.763565023
606800 325 -6359393.425199917
606900 325 -6270569.7464364
607000 325 -6347321.225690209
607100 325 -6379910.398929516
607200 325 -6258907.674298923
607300 325 -6339588.04256939
607400 325 -6296041.338839838
607500 325 -6299064.573619971
607600 325 -6406717.962637789
607700 325 -6361222.329679538
607800 325 -6357279.580197584
607900 325 -6370185.992762484
608000 325 -6361239.551991179
608100 325 -6258509.035238978
608200 325 -6333212.680990891
608300 325 -6350525.54810578
608400 325 -6382700.515187391
608500 325 -6362141.998355391
608600 325 -6389413.329438081
608700 325 -6375506.121286645
608800 325 -6377576.659855145
608900 325 -6385755.870653181
609000 325 -6386283.469613844
609100 325 -6270214.209189337
609200 325 -6329713.803941043
609300 325 -6382262.071364741
609400 325 -6381016.963569431
609500 325 -6341447.585251281
609600 325 -6313965.613916786
609700 325 -6350504.641149467
609800 325 -6383171.663332826
609900 325 -6366084.814854098
610000 325 -6417163.497298852
610100 325 -6389612.205917369
610200 325 -6328875.673918786
610300 325 -6325935.219930101
610400 325 -6395271.23196058
610500 325 -6328801.25274704
610600 325 -6301644.295461836
610700 325 -6257752.342114338
610800 325 -6290377.849552264
610900 325 -6333821.371922205
611000 325 -6315200.821320185
611100 325 -6384237.830346229
611200 325 -6315322.716276526
611300 325 -6412238.340369567
611400 325 -6353179.86279737
611500 325 -6330907.210386317
611600 325 -6327342.41452348
611700 325 -6218338.262014829
611800 325 -6283913.803317993
611900 325 -6349274.088040577
612000 325 -6368244.436690157
612100 325 -6375429.587096945
612200 325 -6324876.944615954
612300 325 -6325874.154225074
612400 325 -6297719.360706124
612500 325 -6351876.370951629
612600 325 -6391541.165772481
612700 325 -6318776.119580586
612800 325 -6434780.174681445
612900 325 -6318383.740279328
613000 325 -6238128.875454778
613100 325 -6399939.084667884
613200 325 -6404596.155194873
613300 325 -6286562.561744604
613400 325 -6382495.394487711
613500 325 -6363877.817409787
613600 325 -6364377.339751966
613700 325 -6341134.221523929
613800 325 -6326186.396846706
613900 325 -6383724.770093136
614000 325 -6300301.539331876
614100 325 -6362985.371560952
614200 325 -6357496.987450925
614300 325 -6402393.749718573
614400 325 -6368639.104977528
614500 325 -6304241.80212518
614600 325 -6324095.154878989
614700 325 -6280412.766696794
614800 325 -6331534.223656005
614900 325 -6372473.485279875
615000 325 -6394089.365147807
615100 325 -6432500.227220645
615200 325 -6336006.21996776
615300 325 -6300886.52647202
615400 325 -6252993.946699238
615500 325 -6364591.254246017
615600 325 -6323996.21998872
615700 325 -6309268.739288102
615800 325 -6297139.506362433
615900 325 -6360021.318911101
616000 325 -6351332.760284407
616100 325 -6377187.286118355
616200 325 -6317432.563433971
616300 325 -6314224.237381672
616400 325 -6351149.715512455
616500 325 -6384945.900294065
616600 325 -6276723.397339996
616700 325 -6382188.101454663
616800 325 -6371819.121298533
616900 325 -6330562.280480103
617000 325 -6342690.063562827
617100 325 -6318752.108419145
617200 325 -6426757.419062075
617300 325 -6358369.076251189
617400 325 -6361894.676961897
617500 325 -6355021.15111349
617600 325 -6340506.66922472
617700 325 -6395794.483384299
617800 325 -6328700.645105392
617900 325 -6364857.040791394
618000 325 -6351699.677867967
618100 325 -6341144.979238611
618200 325 -6218829.30310268
618300 325 -6354935.422531802
618400 325 -6354533.849755907
618500 325 -6332531.723786056
618600 325 -6241148.757771188
618700 325 -6315106.180155152
618800 325 -6354268.551467842
618900 325 -6264121.655955378
619000 325 -6360264.667353233
619100 325 -6423690.600097751
619200 325 -6336934.781553088
619300 325 -6382601.381125713
619400 325 -6302125.094597036
619500 325 -6303501.374859665
619600 325 -6382608.475665313
619700 325 -6296805.865824354
619800 325 -6327510.34685389
619900 325 -6392990.230677312
620000 325 -6374422.083228926
620100 325 -6397061.370251436
620200 325 -6447264.841843741
620300 325 -6315687.005433604
620400 325 -6347186.601091053
620500 325 -6331287.11831316
620600 325 -6353612.83435301
620700 325 -6378426.899967331
620800 325 -6353529.100997377
620900 325 -6324984.511763684
621000 325 -6396396.323195236
621100 325 -6298348.18228342
621200 325 -6370033.910053957
621300 325 -6347556.339535721
621400 325 -6377251.604809569
621500 325 -6333421.319638043
621600 325 -6360265.608434287
621700 325 -6314342.210583753
621800 325 -6289274.331090814
621900 325 -6220385.292151884
622000 325 -6459348.217072873
622100 325 -6415936.740907096
622200 325 -6465242.617568092
622300 325 -6278919.439075015
622400 325 -6363906.330278372
622500 325 -6311713.468952836
622600 325 -6388772.699073091
622700 325 -6332823.887974293
622800 325 -6414810.403328761
622900 325 -6362128.046990441
623000 325 -6303703.261468152
623100 325 -6304872.602554733
623200 325 -6344717.583815265
623300 325 -6314567.812923418
623400 325 -6355582.471874182
623500 325 -6353120.250859234
623600 325 -6410408.750993676
623700 325 -6336500.41994353
623800 325 -6300837.527326208
623900 325 -6363735.649834222
624000 325 -6248505.070406705
624100 325 -6419544.737286488
624200 325 -6347585.712327419
624300 325 -6395370.635176023
624400 325 -6381063.658713941
624500 325 -6367202.056018765
624600 325 -6327838.075744906
624700 325 -6322679.036688407
624800 325 -6402256.929653946
624900 325 -6418793.732847704
625000 325 -6233715.31434333
625100 325 -6364136.752656239
625200 325 -6378607.702981819
625300 325 -6307149.319717182
625400 325 -6378499.811264289
625500 325 -6333455.911806738
625600 325 -6313366.41746482
625700 325 -6364814.661239916
625800 325 -6266792.484770275
625900 325 -6231957.383274483
626000 325 -6361658.688155688
626100 325 -6287171.854167045
626200 325 -6320959.642106324
626300 325 -6351545.71069178
626400 325 -6302659.763189057
626500 325 -6270724.107520913
626600 325 -6367409.708559088
626700 325 -6290308.945764201
626800 325 -6349484.307057475
626900 325 -6465642.632666165
627000 325 -6296712.510055456
627100 325 -6364071.566749102
627200 325 -6317102.421464892
627300 325 -6404533.195599861
627400 325 -6397620.598847153
627500 325 -6289824.410587542
627600 325 -6361176.40491635
627700 325 -6446560.807025718
627800 325 -6333299.450673373
627900 325 -6389297.156400172
628000 325 -6370327.088048582
628100 325 -6320130.953348157
628200 325 -6333827.052563764
628300 325 -6290461.153508285
628400 325 -6392642.16103315
628500 325 -6304496.418817567
628600 325 -6383358.158924578
628700 325 -6338072.204694038
628800 325 -6312878.087852813
628900 325 -6363834.651847932
629000 325 -6352653.49673783
629100 325 -6302328.026752421
629200 325 -6323203.425618376
629300 325 -6403913.955799732
629400 325 -6294355.942326982
629500 325 -6333237.946313811
629600 325 -6318112.368278924
629700 325 -6349545.264496995
629800 325 -6348980.768860634
629900 325 -6389393.894980477
630000 325 -6322149.718179993
630100 325 -6353736.289157465
630200 325 -6339828.768351724
630300 325 -6389089.077316159
630400 325 -6325324.114071972
630500 325 -6336305.789725261
630600 325 -6345731.958106741
630700 325 -6365267.095319425
630800 325 -6418206.036285928
630900 325 -6276348.318190751
631000 325 -6330244.217180992
631100 325 -6322163.164078435
631200 325 -6376897.867735663
631300 325 -6343147.520787371
631400 325 -6354474.988336612
631500 325 -6293830.320675422
631600 325 -6295846.279502283
631700 325 -6317585.044399405
631800 325 -6348471.317461545
631900 325 -6373726.901095433
632000 325 -6347581.058381204
632100 325 -6357291.485357271
632200 325 -6282969.484457413
632300 325 -6302108.008093181
632400 325 -6342549.34110898
632500 325 -6363374.219895724
632600 325 -6412148.671440942
632700 325 -6425231.490953267
632800 325 -6307192.928286971
632900 325 -6286662.453374197
633000 325 -6374499.371550893
633100 325 -6455246.941544138
633200 325 -6330776.04032474
633300 325 -6376753.587042424
633400 325 -6320447.788207097
633500 325 -6348927.899986766
633600 325 -6419843.329820408
633700 325 -6339174.564468443
633800 325 -6330241.973020725
633900 325 -6320677.769812396
634000 325 -6286079.832917437
634100 325 -6341494.150917891
634200 325 -6330343.929495277
634300 325 -6298757.437675096
634400 325 -6284066.095066537
634500 325 -6350448.492448539
634600 325 -6332409.320011994
634700 325 -6350367.072545445
634800 325 -6320284.201383684
634900 325 -6263311.875596164
635000 325 -6397645.842833539
635100 325 -6378505.002999204
635200 325 -6324601.814283316
635300 325 -6283479.532344392
635400 325 -6329501.480196471
635500 325 -6368796.16300538
635600 325 -6334658.117016675
635700 325 -6254473.362458831
635800 325 -6326412.988656973
635900 325 -6269258.547438432
636000 325 -6288177.008337408
636100 325 -6415956.461656056
636200 325 -6256248.384506111
636300 325 -6337021.234674457
636400 325 -6278099.279400217
636500 325 -6285630.271651305
636600 325 -6302804.377497933
636700 325 -6385349.231558541
636800 325 -6300923.409617801
636900 325 -6294217.803338502
637000 325 -6328888.765518171
637100 325 -6342545.144335767
637200 325 -6342600.242319282
637300 325 -6376108.370820682
637400 325 -6367622.960120233
637500 325 -6332894.138373704
637600 325 -6395264.195895609
637700 325 -6331813.234685939
637800 325 -6330475.159776518
637900 325 -6331071.367343612
638000 325 -6356365.832974955
638100 325 -6311928.778387111
638200 325 -6409955.960022508
638300 325 -6241985.867542156
638400 325 -6369320.883195432
638500 325 -6289208.592981923
638600 325 -6292988.394631749
638700 325 -6388547.24975027
638800 325 -6381274.090785041
638900 325 -6298799.806615455
639000 325 -6390309.264021512
639100 325 -6307059.943094205
639200 325 -6367264.078373522
639300 325 -6317249.515444972
639400 325 -6327190.506172909
639500 325 -6220347.387953805
639600 325 -6313773.587903554
639700 325 -6300138.902148221
639800 325 -6358696.239217294
639900 325 -6322652.394294693
640000 325 -6341622.96521466
640100 325 -6405823.699279768
640200 325 -6238371.788118826
640300 325 -6262295.276057363
640400 325 -6319279.628314342
640500 325 -6294611.92747975
640600 325 -6309041.773789449
640700 325 -6344942.67660576
640800 325 -6315333.312290294
640900 325 -6350222.559333821
641000 325 -6240855.891851315
641100 325 -6293548.086992589
641200 325 -6316962.266304737
641300 325 -6373835.7042902
641400 325 -6389003.424657234
641500 325 -6387194.706005096
641600 325 -6311083.542549944
641700 325 -6351404.884669617
641800 325 -6351028.60704808
641900 325 -6395158.207542241
642000 325 -6332253.039498398
642100 325 -6385008.779964487
642200 325 -6341692.936484235
642300 325 -6380925.570985398
642400 325 -6316773.474096576
642500 325 -6381718.622337864
642600 325 -6384244.556052369
642700 325 -6387746.545748217
642800 325 -6348552.788535738
642900 325 -6349959.612206718
643000 325 -6350565.142243903
643100 325 -6353916.450978025
643200 325 -6380503.827235257
643300 325 -6400306.996659029
643400 325 -6331428.573058385
643500 325 -6358846.720214576
643600 325 -6392406.006242845
643700 325 -6300471.869170671
643800 325 -6232983.14120788
643900 325 -6340529.89844754
644000 325 -6280058.16801706
644100 325 -6319940.209052024
644200 325 -6384885.478648921
644300 325 -6336691.486195667
644400 325 -6336215.407692728
644500 325 -6339724.773944582
644600 325 -6297732.08311282
644700 325 -6360305.942688505
644800 325 -6309320.301321953
644900 325 -6404540.025901251
645000 325 -6322712.72941511
645100 325 -6271606.518891403
645200 325 -6317194.712236948
645300 325 -6297450.25926883
645400 325 -6310686.840116229
645500 325 -6311879.604213791
645600 325 -6361611.687145205
645700 325 -6338299.523968438
645800 325 -6330406.616982268
645900 325 -6412218.714656664
646000 325 -6370548.021418093
646100 325 -6362874.305897601
646200 325 -6318250.98960574
646300 325 -6308920.958915759
646400 325 -6293217.753613173
646500 325 -6350302.616672549
646600 325 -6404926.196374862
646700 325 -6368869.651261656
646800 325 -6265612.347035131
646900 325 -6366567.324417162
647000 325 -6333502.547183401
647100 325 -6351631.540587055
647200 325 -6401774.278529627
647300 325 -6355527.6442773
647400 325 -6345363.85158748
647500 325 -6332300.398445666
647600 325 -6341100.347938176
647700 325 -6288001.348757257
647800 325 -6314146.780063731
647900 325 -6336101.161687686
648000 325 -6322741.1777984
648100 325 -6396787.159002997
648200 325 -6268511.441434484
648300 325 -6323790.055870323
648400 325 -6351284.339583932
648500 325 -6355687.714949521
648600 325 -6319297.009104515
648700 325 -6290169.144491435
648800 325 -6324812.494944219
648900 325 -6408316.000740169
649000 325 -6473776.539122304
649100 325 -6340313.714568596
649200 325 -6350387.367341883
649300 325 -6354415.250596663
649400 325 -6361618.327859408
649500 325 -6368419.500480881
649600 325 -6304668.567627018
649700 325 -6287089.076724198
649800 325 -6400104.13366504
649900 325 -6326718.182725834
650000 325 -6386096.829148453
650100 325 -6364193.749272693
650200 325 -6344174.253806802
650300 325 -6330333.587364469
650400 325 -6339463.137838714
650500 325 -6309806.748530718
650600 325 -6421767.375353025
650700 325 -6287624.38059872
650800 325 -6280180.179548606
650900 325 -6304065.262572843
651000 325 -6265068.706908041
651100 325 -6349743.753658919
651200 325 -6309573.001152128
651300 325 -6339172.317161078
651400 325 -6386981.455236841
651500 325 -6311575.603190802
651600 325 -6367328.351529263
651700 325 -6299082.516025407
651800 325 -6311459.935704824
651900 325 -6214987.177841679
652000 325 -6291414.367609675
652100 325 -6366704.557655345
652200 325 -6324330.011668682
652300 325 -6359991.056291627
652400 325 -6341564.366765189
652500 325 -6308674.190656429
652600 325 -6381962.549340295
652700 325 -6345237.401070347
652800 325 -6423480.500790516
652900 325 -6365387.554009597
653000 325 -6236501.256793173
653100 325 -6374763.158958118
653200 325 -6340159.286275832
653300 325 -6294176.625470377
653400 325 -6324702.501308769
653500 325 -6287297.346532313
653600 325 -6338077.66597813
653700 325 -6387906.070981584
653800 325 -6353557.174966517
653900 325 -6297693.806543563
654000 325 -6280011.295607388
654100 325 -6302492.030112587
654200 325 -6245324.790894525
654300 325 -6363822.190385498
654400 325 -6412797.236365581
654500 325 -6280120.809890729
654600 325 -6361817.579153948
654700 325 -6266667.676382698
654800 325 -6390876.544268898
654900 325 -6291495.054120889
655000 325 -6389858.09689754
655100 325 -6246585.154100474
655200 325 -6288239.148635602
655300 325 -6356261.487926024
655400 325 -6383464.815568812
655500 325 -6417362.289333287
655600 325 -6248882.447447591
655700 325 -6296910.842218728
655800 325 -6386830.385458806
655900 325 -6398686.233499448
656000 325 -6297096.735503757
656100 325 -6392556.669116476
656200 325 -6296712.389669842
656300 325 -6432585.822848935
656400 325 -6267458.230813082
656500 325 -6341575.513034394
656600 325 -6372291.876853503
656700 325 -6424353.018428016
656800 325 -6246418.483121935
656900 325 -6315916.242514572
657000 325 -6346554.835137517
657100 325 -6410431.011220051
657200 325 -6308084.32022451
657300 325 -6299662.712207829
657400 325 -6384078.475814071
657500 325 -6352764.353124315
657600 325 -6346740.384832985
657700 325 -6393972.951057551
657800 325 -6324722.987505685
657900 325 -6378240.629918572
658000 325 -6367099.833628662
658100 325 -6323475.368471669
658200 325 -6371423.056194114
658300 325 -6311670.433344061
658400 325 -6317515.969243626
658500 325 -6312525.743908172
658600 325 -6360267.305650471
658700 325 -6371445.059581412
658800 325 -6281437.828431951
658900 325 -6319677.884885045
659000 325 -6469109.340590261
659100 325 -6326204.139647601
659200 325 -6325999.689102953
659300 325 -6331419.102604602
659400 325 -6352123.401851393
659500 325 -6282576.819770694
659600 325 -6325010.290569467
659700 325 -6361530.099902632
659800 325 -6378903.689473618
659900 325 -6381862.166800382
660000 325 -6378386.671732629
660100 325 -6427668.843390698
660200 325 -6382207.863664806
660300 325 -6325569.065807421
660400 325 -6280498.047956167
660500 325 -6356086.787229277
660600 325 -6353281.295802698
660700 325 -6325771.19089029
660800 325 -6350897.862234332
660900 325 -6330866.819516905
661000 325 -6350820.828154381
661100 325 -6380478.299335014
661200 325 -6356544.591290236
661300 325 -6360270.73872545
661400 325 -6401696.438295577
661500 325 -6414749.933471143
661600 325 -6293830.996185936
661700 325 -6340212.824303044
661800 325 -6313272.644167814
661900 325 -6256231.8827487
662000 325 -6396095.079650219
662100 325 -6308987.364436761
662200 325 -6412884.129528999
662300 325 -6327974.152228553
662400 325 -6344965.869582783
662500 325 -6374929.239627685
662600 325 -6394416.654901762
662700 325 -6386524.78943227
662800 325 -6344773.181706081
662900 325 -6347951.866947832
663000 325 -6375024.350136191
663100 325 -6422387.368643962
663200 325 -6277394.212325452
663300 325 -6314998.621764829
663400 325 -6316701.668790135
663500 325 -6386463.369683605
663600 325 -6334742.977837997
663700 325 -6256204.102260894
663800 325 -6348504.579604634
663900 325 -6331092.617210107
664000 325 -6338550.712723073
664100 325 -6385837.178871119
664200 325 -6260913.846183795
664300 325 -6296845.120824182
664400 325 -6243243.774974357
664500 325 -6315790.722606441
664600 325 -6315191.825232737
664700 325 -6417535.490709803
664800 325 -6269569.690948853
664900 325 -6327929.903242464
665000 325 -6325086.030361438
665100 325 -6359994.963458527
665200 325 -6267757.459464752
665300 325 -6460728.292879466
665400 325 -6269139.681916869
665500 325 -6307557.343065465
665600 325 -6409588.241050873
665700 325 -6298538.047806736
665800 325 -6336887.531556804
665900 325 -6272055.477545729
666000 325 -6324863.118667049
666100 325 -6254446.635805348
666200 325 -6317272.45035416
666300 325 -6275602.315232428
666400 325 -6314355.050536915
666500 325 -6313328.198343808
666600 325 -6295309.386159186
666700 325 -6391528.005803739
666800 325 -6378006.548616299
666900 325 -6369289.868384449
667000 325 -6259156.452836433
667100 325 -6273996.874049578
667200 325 -6369298.581325108
667300 325 -6351268.995608397
667400 325 -6366539.929455625
667500 325 -6340613.276842624
667600 325 -6359363.763109367
667700 325 -6391912.653340109
667800 325 -6339271.84499424
667900 325 -6346538.151482276
668000 325 -6376233.506696524
668100 325 -6381401.98699654
668200 325 -6371036.129918313
668300 325 -6302538.9548279
668400 325 -6357526.589210232
668500 325 -6349618.801869737
668600 325 -6370307.952260549
668700 325 -6333672.117744775
668800 325 -6405405.008290795
668900 325 -6341101.945078515
669000 325 -6362617.307805571
669100 325 -6358445.386464046
669200 325 -6321979.174938027
669300 325 -6368209.712952424
669400 325 -6384698.668619353
669500 325 -6341446.979578447
669600 325 -6308586.24187994
669700 325 -6330077.678252454
669800 325 -6330789.504115569
669900 325 -6429063.173566753
670000 325 -6351255.536252597
670100 325 -6311573.183115851
670200 325 -6348323.674931379
670300 325 -6386230.710908661
670400 325 -6346219.817159267
670500 325 -6332969.778118955
670600 325 -6288205.166609155
670700 325 -6321283.13917685
670800 325 -6360106.624377595
670900 325 -6317092.492556183
671000 325 -6252520.547764797
671100 325 -6350556.832970062
671200 325 -6269641.895397101
671300 325 -6353907.455802984
671400 325 -6424368.843392437
671500 325 -6332939.528470118
671600 325 -6370035.435737518
671700 325 -6406956.815900984
671800 325 -6367170.419406012
671900 325 -6383548.349552492
672000 325 -6392286.329951579
672100 325 -6346750.916377783
672200 325 -6237588.695067466
672300 325 -6345797.219039649
672400 325 -6327510.845818406
672500 325 -6394792.736058462
672600 325 -6361663.596166117
672700 325 -6307513.437131237
672800 325 -6379415.82835185
672900 325 -6272889.681248644
673000 325 -6311176.982749919
673100 325 -6407436.892057098
673200 325 -6293912.381401544
673300 325 -6380223.46714163
673400 325 -6417598.57249737
673500 325 -6284578.898447081
673600 325 -6295920.902864917
673700 325 -6311976.254503947
673800 325 -6475490.350438381
673900 325 -6377363.765638592
674000 325 -6385600.422107741
674100 325 -6296679.98856301
674200 325 -6398808.127126278
674300 325 -6358541.030368516
674400 325 -6370634.545363856
674500 325 -6275779.987953272
674600 325 -6301157.224542798
674700 325 -6419168.61930598
674800 325 -6344322.880215323
674900 325 -6289199.894520918
675000 325 -6371059.334231126
675100 325 -6303186.424792262
675200 325 -6306378.578720526
675300 325 -6337956.337420482
675400 325 -6229539.577669895
675500 325 -6277069.052060374
675600 325 -6328553.59726857
675700 325 -6297588.649568093
675800 325 -6350421.850319322
675900 325 -6327611.01084369
676000 325 -6339880.485072911
676100 325 -6395517.517921714
676200 325 -6361815.647832825
676300 325 -6401032.354981923
676400 325 -6307986.197736738
676500 325 -6297684.013417681
676600 325 -6310460.636158491
676700 325 -6390520.22854578
676800 325 -6378847.444502161
676900 325 -6374943.717031772
677000 325 -6364806.938587161
677100 325 -6307077.250779097
677200 325 -6357411.003335914
677300 325 -6401968.309169763
677400 325 -6400571.416649841
677500 325 -6408951.243701419
677600 325 -6362802.876277097
677700 325 -6366211.605971775
677800 325 -6396507.660329871
677900 325 -6346345.663194786
678000 325 -6300722.142891631
678100 325 -6311231.971952771
678200 325 -6327175.422737014
678300 325 -6429991.873273542
678400 325 -6324201.644462027
678500 325 -6420566.211903006
678600 325 -6343185.475392506
678700 325 -6339503.39251345
678800 325 -6399449.53531441
678900 325 -6305725.592865
679000 325 -6410876.425997978
679100 325 -6337856.681511272
679200 325 -6308747.075438417
679300 325 -6299162.265571481
679400 325 -6416458.466193352
679500 325 -6348806.357332597
679600 325 -6315179.363120245
679700 325 -6337984.436066227
679800 325 -6328454.600058356
679900 325 -6371580.933873471
680000 325 -6347106.038476266
680100 325 -6292143.378954871
680200 325 -6336002.226373298
680300 325 -6269291.531191848
680400 325 -6371714.57874091
680500 325 -6306637.936549056
680600 325 -6350308.301810987
680700 325 -6238439.787276039
680800 325 -6319790.88921955
680900 325 -6311354.097508868
681000 325 -6430566.5723979
681100 325 -6423860.724837836
681200 325 -6417664.964360172
681300 325 -6297475.085788656
681400 325 -6364229.498614792
681500 325 -6317047.436550478
681600 325 -6264161.429722194
681700 325 -6338712.61699329
681800 325 -6306606.825144388
681900 325 -6331476.674812313
682000 325 -6364654.209479519
682100 325 -6338187.542209563
682200 325 -6393469.916845678
682300 325 -6417031.090506764
682400 325 -6399734.846215386
682500 325 -6307856.705406303
682600 325 -6312891.681777436
682700 325 -6339812.856056076
682800 325 -6318450.096331748
682900 325 -6303754.300816674
683000 325 -6377936.815424696
683100 325 -6358796.626559837
683200 325 -6328871.035873791
683300 325 -6338323.300533298
683400 325 -6343223.645888727
683500 325 -6362413.648727514
683600 325 -6431790.907226484
683700 325 -6327264.517156011
683800 325 -6303623.10751627
683900 325 -6287923.915821991
684000 325 -6317022.861804394
684100 325 -6339135.430933125
684200 325 -6292633.047446606
684300 325 -6369665.10761168
684400 325 -6311264.374638283
684500 325 -6401758.385307148
684600 325 -6319879.112386909
684700 325 -6293246.326444033
684800 325 -6347085.281435166
684900 325 -6307009.535154242
685000 325 -6402011.656361504
685100 325 -6300217.999289852
685200 325 -6326960.918689767
685300 325 -6318641.043115836
685400 325 -6378520.742011907
685500 325 -6344728.612169472
685600 325 -6340438.034170629
685700 325 -6289362.470603602
685800 325 -6273053.398867486
685900 325 -6349890.266835776
686000 325 -6308796.29323762
686100 325 -6392484.692421039
686200 325 -6365724.755076522
686300 325 -6314511.052467504
686400 325 -6312343.782791847
686500 325 -6341706.606155528
686600 325 -6325527.286092185
686700 325 -6362777.011939172
686800 325 -6386080.645400539
686900 325 -6406357.857126688
687000 325 -6287427.683272832
687100 325 -6316968.899478375
687200 325 -6288930.326949096
687300 325 -6299033.587649003
687400 325 -6406053.339734366
687500 325 -6276262.91265827
687600 325 -6334247.658939211
687700 325 -6324129.791545486
687800 325 -6352313.65217812
687900 325 -6309499.49129909
688000 325 -6305684.286631225
688100 325 -6305209.14458853
688200 325 -6244860.285582585
688300 325 -6272150.384644367
688400 325 -6293907.213048459
688500 325 -6317760.400926059
688600 325 -6297619.866943676
688700 325 -6372897.261740766
688800 325 -6380256.113702623
688900 325 -6278782.260718526
689000 325 -6368081.94223435
689100 325 -6315681.812798891
689200 325 -6263702.226630535
689300 325 -6384669.23488608
689400 325 -6372739.164982611
689500 325 -6319687.936997991
689600 325 -6353669.654698838
689700 325 -6305784.388513144
689800 325 -6312625.533741209
689900 325 -6342575.681740969
690000 325 -6383453.143233938
690100 325 -6362568.490871766
690200 325 -6313092.01939423
690300 325 -6430704.682218181
690400 325 -6262843.008145819
690500 325 -6280195.522570601
690600 325 -6368992.073913379
690700 325 -6311225.185235237
690800 325 -6333765.206310368
690900 325 -6353673.067379229
691000 325 -6340267.354943021
691100 325 -6400911.026554782
691200 325 -6242068.386600658
691300 325 -6386493.121723612
691400 325 -6350931.478494873
691500 325 -6300137.477079067
691600 325 -6262491.557214713
691700 325 -6324499.433584835
691800 325 -6317019.041566005
691900 325 -6471128.653841893
692000 325 -6300571.236866504
692100 325 -6347447.120752534
692200 325 -6385734.06810206
692300 325 -6324057.200289994
692400 325 -6319032.795850355
692500 325 -6366053.387362912
692600 325 -6359187.742183935
692700 325 -6350047.963141298
692800 325 -6297003.731606201
692900 325 -6295898.595868408
693000 325 -6364999.619881431
693100 325 -6430463.171702417
693200 325 -6292500.137040714
693300 325 -6348824.326809539
693400 325 -6379780.534685115
693500 325 -6421891.875594032
693600 325 -6280740.931400219
693700 325 -6303627.123294584
693800 325 -6303400.163510164
693900 325 -6397898.753303326
694000 325 -6286587.076106137
694100 325 -6303734.847838504
694200 325 -6317730.525866061
694300 325 -6366049.808229847
694400 325 -6294474.194267021
694500 325 -6329069.947461516
694600 325 -6268016.598322246
694700 325 -6292659.831393874
694800 325 -6261925.942273652
694900 325 -6329488.903537208
695000 325 -6392163.826179705
695100 325 -6404606.472557639
695200 325 -6351608.411049088
695300 325 -6271808.110881355
695400 325 -6321423.903284583
695500 325 -6349324.856620419
695600 325 -6285190.396393541
695700 325 -6302984.265532043
695800 325 -6302997.557700865
695900 325 -6336181.806409847
696000 325 -6246523.277194845
696100 325 -6319646.291176029
696200 325 -6443931.378306915
696300 325 -6280827.206116581
696400 325 -6218153.301224215
696500 325 -6287325.464607517
696600 325 -6363852.631836437
696700 325 -6377989.232157836
696800 325 -6360025.88083313
696900 325 -6394247.455271678
697000 325 -6313585.467894635
697100 325 -6268953.523319241
697200 325 -6329344.774840686
697300 325 -6396549.096011093
697400 325 -6349393.566871651
697500 325 -6320163.265986593
697600 325 -6276518.942504801
697700 325 -6347600.5500274
697800 325 -6350748.383989379
697900 325 -6290901.775180606
698000 325 -6257362.782255176
698100 325 -6289860.92366904
698200 325 -6455202.284938834
698300 325 -6420952.497582504
698400 325 -6366576.498785481
698500 325 -6351137.19355358
698600 325 -6366247.372470541
698700 325 -6312203.974602608
698800 325 -6373136.523081092
698900 325 -6323970.127392593
699000 325 -6328016.513856945
699100 325 -6398508.156067882
699200 325 -6265154.285128631
699300 325 -6416478.365498457
699400 325 -6259869.387430679
699500 325 -6337393.491993673
699600 325 -6331969.641081018
699700 325 -6342173.672677714
699800 325 -6284769.235277933
699900 325 -6317982.258428738
700000 325 -6404842.499150945
700100 325 -6314272.000223396
700200 325 -6342557.281487451
700300 325 -6333218.586766019
700400 325 -6422342.862460969
700500 325 -6207533.921586327
700600 325 -6375865.659858821
700700 325 -6306653.774525511
700800 325 -6361844.879694086
700900 325 -6318201.227220256
701000 325 -6368813.897354597
701100 325 -6303461.418811412
701200 325 -6326913.519262919
701300 325 -6375617.399989146
701400 325 -6415372.877050212
701500 325 -6285759.809578301
701600 325 -6324121.605970904
701700 325 -6374183.709783699
701800 325 -6326126.609604983
701900 325 -6322146.437980023
702000 325 -6351082.961462514
702100 325 -6354156.741392784
702200 325 -6290475.801968829
702300 325 -6355805.895073141
702400 325 -6269748.777100956
702500 325 -6320719.411383532
702600 325 -6388834.471391967
702700 325 -6385808.696990922
702800 325 -6418785.488759262
702900 325 -6417039.225405991
703000 325 -6373734.604274102
703100 325 -6353699.105102565
703200 325 -6338975.538729468
703300 325 -6357421.625828287
703400 325 -6296597.056109924
703500 325 -6332219.088295871
703600 325 -6363579.756468419
703700 325 -6453535.673961918
703800 325 -6311809.677085431
703900 325 -6228541.512409214
704000 325 -6326632.903605055
704100 325 -6395008.495526629
704200 325 -6301902.94199998
704300 325 -6327879.728256087
704400 325 -6348909.003493775
704500 325 -6299703.923960941
704600 325 -6374169.18979872
704700 325 -6346661.127257213
704800 325 -6329721.312860945
704900 325 -6396036.35404215
705000 325 -6335077.383512426
705100 325 -6382785.314295001
705200 325 -6348532.880733911
705300 325 -6395249.933378624
705400 325 -6370775.010952491
705500 325 -6265791.261646515
705600 325 -6386082.040389793
705700 325 -6289902.34585796
705800 325 -6306402.392800361
705900 325 -6331104.29830924
706000 325 -6442092.388269352
706100 325 -6377728.21523861
706200 325 -6378396.443980638
706300 325 -6289505.23512252
706400 325 -6303685.357973563
706500 325 -6386451.586537881
706600 325 -6333016.745688649
706700 325 -6310672.439187895
706800 325 -6358555.968700041
706900 325 -6353631.787315432
707000 325 -6349035.480208283
707100 325 -6361046.074992113
707200 325 -6403689.550881019
707300 325 -6268785.359011878
707400 325 -6408530.580248054
707500 325 -6366468.905259294
707600 325 -6378870.569418635
707700 325 -6352890.575889762
707800 325 -6349368.328830892
707900 325 -6427421.678029811
708000 325 -6312908.372164302
708100 325 -6289040.599111071
708200 325 -6394982.723746777
708300 325 -6270293.52890669
708400 325 -6355612.903358834
708500 325 -6426058.568296424
708600 325 -6216771.660026613
708700 325 -6239598.018960883
708800 325 -6289959.414135583
708900 325 -6307839.917431366
709000 325 -6416040.320573782
709100 325 -6303500.71224405
709200 325 -6346310.888283707
709300 325 -6254377.476042876
709400 325 -6335637.915557119
709500 325 -6363164.448850298
709600 325 -6296482.599746438
709700 325 -6284999.189282434
709800 325 -6235851.249960619
709900 325 -6324894.886547417
710000 325 -6310571.18435272
710100 325 -6272300.456439602
710200 325 -6290506.631888531
710300 325 -6348601.323681662
710400 325 -6310718.061612198
710500 325 -6352340.927315574
710600 325 -6379732.885791242
710700 325 -6339800.270396862
710800 325 -6296141.980432987
710900 325 -6296571.451720411
711000 325 -6360234.367158253
711100 325 -6364337.163696117
711200 325 -6334473.950369984
711300 325 -6420611.820664177
711400 325 -6331993.602129817
711500 325 -6331750.373355615
711600 325 -6264718.604678603
711700 325 -6310507.539787155
711800 325 -6321914.661981894
711900 325 -6366408.606157823
712000 325 -6357912.424650189
712100 325 -6373320.533434251
712200 325 -6359100.8969819
712300 325 -6265196.082307408
712400 325 -6311382.456563637
712500 325 -6318531.74913595
712600 325 -6316627.41424901
712700 325 -6319448.404493089
712800 325 -6429922.223728554
712900 325 -6333677.429241598
713000 325 -6344306.950637811
713100 325 -6357502.875715412
713200 325 -6294948.658027617
713300 325 -6358292.109911397
713400 325 -6405608.903057789
713500 325 -6301382.688687718
713600 325 -6346680.513199844
713700 325 -6335978.287649225
713800 325 -6257986.533858044
713900 325 -6431750.998630401
714000 325 -6320953.457131007
714100 325 -6339020.804203898
714200 325 -6314496.037863014
714300 325 -6315366.178819295
714400 325 -6362148.505541762
714500 325 -6412159.041002052
714600 325 -6339699.333968841
714700 325 -6326043.308541734
714800 325 -6280219.821517805
714900 325 -6370524.072217762
715000 325 -6406470.750672625
715100 325 -6351705.702591484
715200 325 -6383617.919668715
715300 325 -6282732.779243896
715400 325 -6355036.412452945
715500 325 -6369629.525277471
715600 325 -6335228.139774414
715700 325 -6322186.614510855
715800 325 -6363116.534709629
715900 325 -6291545.44808186
716000 325 -6323458.720578064
716100 325 -6313281.372811133
716200 325 -6301800.116961049
716300 325 -6304390.227109277
716400 325 -6353718.760036214
716500 325 -6347430.62617752
716600 325 -6447775.182311747
716700 325 -6396772.311349539
716800 325 -6356767.61110118
716900 325 -6351345.765191747
717000 325 -6290797.893426735
717100 325 -6300152.969214637
717200 325 -6425507.2309335
717300 325 -6295285.293320518
717400 325 -6389169.793776147
717500 325 -6380310.089907223
717600 325 -6264964.900458082
717700 325 -6402052.325926958
717800 325 -6375133.427942988
717900 325 -6294986.492317735
718000 325 -6386643.736906764
718100 325 -6316465.113880434
718200 325 -6272040.823158901
718300 325 -6350689.670873509
718400 325 -6414704.555806383
718500 325 -6372855.957316542
718600 325 -6384542.282190775
718700 325 -6334968.222181618
718800 325 -6434596.928609102
718900 325 -6349386.002151683
719000 325 -6340145.192016495
719100 325 -6379347.603236018
719200 325 -6389148.105339889
719300 325 -6285267.048388961
719400 325 -6323047.775656464
719500 325 -6392801.432736852
719600 325 -6368448.826661807
719700 325 -6313210.54824073
719800 325 -6298036.22602612
719900 325 -6359738.33553284
720000 325 -6333027.801065642
720100 325 -6262973.076672088
720200 325 -6317181.261555592
720300 325 -6321016.556768396
720400 325 -6386494.574107016
720500 325 -6379777.209645989
720600 325 -6362616.480886481
720700 325 -6314083.522088975
720800 325 -6312087.106788952
720900 325 -6327230.258042473
721000 325 -6280363.045621919
721100 325 -6332400.268546468
721200 325 -6306285.379284417
721300 325 -6366538.904077458
721400 325 -6373002.815200476
721500 325 -6342638.518005109
721600 325 -6327741.848226231
721700 325 -6316756.459714533
721800 325 -6268592.530627413
721900 325 -6338766.062775807
722000 325 -6320312.131634787
722100 325 -6313050.035345665
722200 325 -6316631.551758973
722300 325 -6332613.572829256
722400 325 -6291952.882550989
722500 325 -6266787.584800866
722600 325 -6397260.613990268
722700 325 -6283707.485847667
722800 325 -6331564.779030384
722900 325 -6394859.950001037
723000 325 -6291767.354906204
723100 325 -6333282.836974833
723200 325 -6357573.043146084
723300 325 -6369927.323190774
723400 325 -6363147.872742712
723500 325 -6396035.933499839
723600 325 -6365011.602971413
723700 325 -6313079.731913832
723800 325 -6379094.676482596
723900 325 -6296942.229410521
724000 325 -6314449.320420696
724100 325 -6387247.463246101
724200 325 -6355852.849003154
724300 325 -6316663.378170609
724400 325 -6359453.93354406
724500 325 -6423265.143796625
724600 325 -6345944.131879292
724700 325 -6359413.537538765
724800 325 -6347189.156009854
724900 325 -6352606.590269748
725000 325 -6276756.319659866
725100 325 -6300459.281684197
725200 325 -6305985.391890498
725300 325 -6397644.978767448
725400 325 -6316358.888289016
725500 325 -6330883.098420763
725600 325 -6324295.574884968
725700 325 -6338594.26443476
725800 325 -6313518.17596442
725900 325 -6415008.231436083
726000 325 -6357367.649326905
726100 325 -6364071.799651107
726200 325 -6411024.995222843
726300 325 -6288983.972861569
726400 325 -6345630.576794012
726500 325 -6331893.066715335
726600 325 -6314523.804561326
726700 325 -6390850.731239561
726800 325 -6268714.710368296
726900 325 -6338936.748038201
727000 325 -6433098.930173049
727100 325 -6328423.894919115
727200 325 -6382769.962229242
727300 325 -6234585.262035398
727400 325 -6290580.887051633
727500 325 -6348489.305000657
727600 325 -6356533.381207034
727700 325 -6368283.586706663
727800 325 -6208616.159922305
727900 325 -6401599.987087689
728000 325 -6360380.712035365
728100 325 -6324255.490405759
728200 325 -6321675.469801394
728300 325 -6353208.31357081
728400 325 -6319392.349657984
728500 325 -6382533.65732631
728600 325 -6319097.893379016
728700 325 -6392582.228773031
728800 325 -6327264.232258692
728900 325 -6324961.377705049
729000 325 -6339773.17057921
729100 325 -6307677.416969676
729200 325 -6331670.400499002
729300 325 -6322562.374982381
729400 325 -6354532.528833197
729500 325 -6331927.786745907
729600 325 -6423443.012143064
729700 325 -6310526.487685394
729800 325 -6277668.495035642
729900 325 -6324392.693041027
730000 325 -6389543.872954361
730100 325 -6396899.405137813
730200 325 -6374397.944245089
730300 325 -6219885.887702337
730400 325 -6335205.262335632
730500 325 -6325825.64028295
730600 325 -6370178.220708339
730700 325 -6396062.970067416
730800 325 -6384817.878547923
730900 325 -6354307.322329106
731000 325 -6283969.606010839
731100 325 -6310679.599502847
731200 325 -6399509.800986301
731300 325 -6404997.887292265
731400 325 -6369593.47130812
731500 325 -6316936.780385853
731600 325 -6332054.484457091
731700 325 -6414641.06697877
731800 325 -6362882.119848155
731900 325 -6303223.975460207
732000 325 -6289574.232712454
732100 325 -6331774.9349316
732200 325 -6414303.065957773
732300 325 -6411047.527529918
732400 325 -6311996.623027623
732500 325 -6392188.67541583
732600 325 -6318345.311176044
732700 325 -6371349.665129649
732800 325 -6339734.445211614
732900 325 -6319942.302020599
733000 325 -6259866.998981603
733100 325 -6398611.432270878
733200 325 -6379959.074159762
733300 325 -6295905.620889116
733400 325 -6394848.550426884
733500 325 -6303200.566007642
733600 325 -6360100.712460553
733700 325 -6418538.606832637
733800 325 -6346332.006472986
733900 325 -6257799.774239771
734000 325 -6394545.938929593
734100 325 -6417236.381482762
734200 325 -6356067.732799882
734300 325 -6276106.085300639
734400 325 -6362409.010153353
734500 325 -6291880.763825708
734600 325 -6337835.225205582
734700 325 -6344691.113714988
734800 325 -6368580.347510943
734900 325 -6416545.341245756
735000 325 -6288534.702793155
735100 325 -6236838.366307036
735200 325 -6363616.682251174
735300 325 -6329650.127221128
735400 325 -6303539.926658822
735500 325 -6289973.903123745
735600 325 -6260249.043371724
735700 325 -6399629.946592661
735800 325 -6369289.788278973
735900 325 -6303238.798768145
736000 325 -6313708.379008389
736100 325 -6272251.696121569
736200 325 -6330941.274634825
736300 325 -6343514.831124116
736400 325 -6390285.775445594
736500 325 -6293181.704951143
736600 325 -6334508.887375887
736700 325 -6309697.520571245
736800 325 -6344225.608956186
736900 325 -6328581.458665961
737000 325 -6324342.027669798
737100 325 -6404855.15433401
737200 325 -6330585.937101506
737300 325 -6398693.91460257
737400 325 -6351183.743852105
737500 325 -6384883.201252389
737600 325 -6460646.532097388
737700 325 -6361352.457281332
737800 325 -6337087.300413821
737900 325 -6403583.481448915
738000 325 -6365205.648494758
738100 325 -6407953.208731996
738200 325 -6346782.780019261
738300 325 -6263887.976145143
738400 325 -6319360.099227649
738500 325 -6384037.388650228
738600 325 -6299882.670450502
738700 325 -6372628.179023021
738800 325 -6327441.813081397
738900 325 -6343565.513811003
739000 325 -6405909.409005381
739100 325 -6365336.358963486
739200 325 -6336399.494835792
739300 325 -6337796.882740808
739400 325 -6257318.396991609
739500 325 -6279267.400500657
739600 325 -6333782.01626831
739700 325 -6320487.994125688
739800 325 -6343519.331923609
739900 325 -6306765.423438992
740000 325 -6310281.907847488
740100 325 -6372459.895685862
740200 325 -6415179.624852621
740300 325 -6349748.263159836
740400 325 -6414161.214987416
740500 325 -6351237.791862401
740600 325 -6389510.808958165
740700 325 -6290909.279545683
740800 325 -6360937.210341311
740900 325 -6312408.793265101
741000 325 -6301720.834282605
741100 325 -6355784.284137664
741200 325 -6379622.277267613
741300 325 -6344058.708129302
741400 325 -6342661.630972464
741500 325 -6266840.722892363
741600 325 -6355080.201814409
741700 325 -6353630.455182739
741800 325 -6282181.229660623
741900 325 -6310357.156690031
742000 325 -6289687.988881287
742100 325 -6329350.896181337
742200 325 -6310046.762308208
742300 325 -6309588.362610182
742400 325 -6202884.131961596
742500 325 -6354556.944935653
742600 325 -6459609.58715299
742700 325 -6348382.104511445
742800 325 -6391048.258814575
742900 325 -6411597.72476554
743000 325 -6369666.200338408
743100 325 -6366770.633255588
743200 325 -6260132.987114426
743300 325 -6239609.041869126
743400 325 -6325445.769747666
743500 325 -6418098.527530544
743600 325 -6298380.928657213
743700 325 -6313283.918418685
743800 325 -6353482.436097931
743900 325 -6375197.834970422
744000 325 -6426965.370783743
744100 325 -6304429.882134413
744200 325 -6363901.611336816
744300 325 -6346945.888068853
744400 325 -6352123.150340945
744500 325 -6306589.083464853
744600 325 -6318473.630348425
744700 325 -6314337.247147745
744800 325 -6344590.170860831
744900 325 -6381890.890451776
745000 325 -6318766.341709215
745100 325 -6308661.143886961
745200 325 -6324875.885691583
745300 325 -6335874.366735606
745400 325 -6377751.494482161
745500 325 -6300516.327759644
745600 325 -6360965.53660679
745700 325 -6317470.799190892
745800 325 -6382170.060237845
745900 325 -6336255.314377295
746000 325 -6307120.770494166
746100 325 -6337176.595756583
746200 325 -6355336.60600509
746300 325 -6312371.493106689
746400 325 -6355474.93543083
746500 325 -6367435.486374138
746600 325 -6292707.509465151
746700 325 -6332132.604022849
746800 325 -6366522.015796787
746900 325 -6257944.484754351
747000 325 -6319309.943025323
747100 325 -6318432.325252231
747200 325 -6344791.624452909
747300 325 -6345645.453023857
747400 325 -6299665.848639786
747500 325 -6208544.192730565
747600 325 -6271995.497831611
747700 325 -6421355.403371161
747800 325 -6399039.737398289
747900 325 -6375860.043321044
748000 325 -6371319.974606737
748100 325 -6342272.447363078
748200 325 -6259883.354830143
748300 325 -6349143.90481706
748400 325 -6279873.605727034
748500 325 -6411715.970840305
748600 325 -6375759.860129628
748700 325 -6307338.835498994
748800 325 -6418093.503157966
748900 325 -6332574.380162898
749000 325 -6272384.339946423
749100 325 -6300007.577759679
749200 325 -6360889.503882717
749300 325 -6421479.865470747
749400 325 -6377571.222777441
749500 325 -6390586.169421261
749600 325 -6395301.366559911
749700 325 -6308841.034296647
749800 325 -6371516.267920326
749900 325 -6308569.578664802
750000 325 -6302309.433431661
750100 325 -6347268.634459076
750200 325 -6320737.206733249
750300 325 -6320316.942007711
750400 325 -6317395.919686849
750500 325 -6357663.863765971
750600 325 -6350587.003305504
750700 325 -6306932.803094529
750800 325 -6275235.986248145
750900 325 -6281819.405895374
751000 325 -6364686.533263113
751100 325 -6281697.379116574
751200 325 -6333520.007922881
751300 325 -6336540.715054698
751400 325 -6391990.299367693
751500 325 -6358838.853001121
751600 325 -6300376.567293597
751700 325 -6342533.708118353
751800 325 -6350731.03053055
751900 325 -6342567.235311967
752000 325 -6258387.153063343
752100 325 -6332475.160928942
752200 325 -6254890.485884668
752300 325 -6405239.366103785
752400 325 -6325356.035936696
752500 325 -6303958.748458629
752600 325 -6395800.273983071
752700 325 -6294909.854610467
752800 325 -6353562.727000994
752900 325 -6283534.782541069
753000 325 -6372332.48056476
753100 325 -6318304.83394005
753200 325 -6402406.700017044
753300 325 -6325834.085842011
753400 325 -6356940.992973474
753500 325 -6267530.605594553
753600 325 -6446079.321177863
753700 325 -6317675.146240585
753800 325 -6266590.44845045
753900 325 -6391904.782352244
754000 325 -6362914.180938694
754100 325 -6340512.713216877
754200 325 -6315049.972111913
754300 325 -6265900.498037933
754400 325 -6314327.85457819
754500 325 -6405470.71882732
754600 325 -6316929.436686939
754700 325 -6303831.550114544
754800 325 -6343322.743419729
754900 325 -6363130.649279282
755000 325 -6455072.814911908
755100 325 -6259949.768174826
755200 325 -6401459.420505598
755300 325 -6354513.076905426
755400 325 -6338358.46249807
755500 325 -6428094.010244839
755600 325 -6314368.238342568
755700 325 -6385837.161752244
755800 325 -6310266.852736659
755900 325 -6445311.431494998
756000 325 -6272279.039146341
756100 325 -6449721.52042675
756200 325 -6357744.888054437
756300 325 -6277667.690720133
756400 325 -6371665.784834275
756500 325 -6362526.710957333
756600 325 -6285575.79160475
756700 325 -6416866.59357732
756800 325 -6368010.207748864
756900 325 -6250014.611386014
757000 325 -6353784.283237262
757100 325 -6287688.548643877
757200 325 -6307166.141997688
757300 325 -6422702.441491813
757400 325 -6353394.620907527
757500 325 -6341492.02863427
757600 325 -6295916.723337708
757700 325 -6337155.571634041
757800 325 -6341439.911180855
757900 325 -6350334.055970093
758000 325 -6282163.578988273
758100 325 -6329869.88457221
758200 325 -6318517.272557576
758300 325 -6221416.459477603
758400 325 -6209377.524143704
758500 325 -6292869.672278504
758600 325 -6338930.735131836
758700 325 -6361045.648610799
758800 325 -6393859.464576599
758900 325 -6306088.68096065
759000 325 -6342359.987474964
759100 325 -6352003.003693774
759200 325 -6328075.992135819
759300 325 -6273316.444732843
759400 325 -6371386.346700811
759500 325 -6274091.201482922
759600 325 -6370702.444757044
759700 325 -6301921.8656557
759800 325 -6263040.351284413
759900 325 -6312264.706523451
760000 325 -6323767.56499886
760100 325 -6283959.111731528
760200 325 -6316208.225410236
760300 325 -6372741.230856631
760400 325 -6316112.275349171
760500 325 -6377804.022563876
760600 325 -6253893.678162976
760700 325 -6392129.965549136
760800 325 -6377576.896068892
760900 325 -6416615.781879051
761000 325 -6402884.924992925
761100 325 -6340885.431960801
761200 325 -6282147.035264421
761300 325 -6316755.525475501
761400 325 -6272136.707123498
761500 325 -6293021.46921085
761600 325 -6389894.479830287
761700 325 -6357480.289065234
761800 325 -6268497.254220011
761900 325 -6310881.435608047
762000 325 -6403744.638521972
762100 325 -6341447.920888606
762200 325 -6330264.075111182
762300 325 -6395006.696953593
762400 325 -6293790.930525374
762500 325 -6351771.241289821
762600 325 -6343241.568787834
762700 325 -6395824.294685098
762800 325 -6329012.992485425
762900 325 -6413532.170267054
763000 325 -6388591.867781874
763100 325 -6412559.976617695
763200 325 -6313115.351795617
763300 325 -6284259.758644832
763400 325 -6351704.355070829
763500 325 -6247385.34522125
763600 325 -6297857.26228728
763700 325 -6333704.172447305
763800 325 -6343219.472639902
763900 325 -6218181.934247014
764000 325 -6337500.739516025
764100 325 -6258481.26959509
764200 325 -6393428.835527708
764300 325 -6330310.582167229
764400 325 -6340424.91577438
764500 325 -6274177.518275951
764600 325 -6315036.68481094
764700 325 -6445378.399424717
764800 325 -6405048.562550797
764900 325 -6385761.432866415
765000 325 -6304318.115900679
765100 325 -6310033.76177994
765200 325 -6308604.758257926
765300 325 -6248083.693551311
765400 325 -6360922.717523633
765500 325 -6317036.69391665
765600 325 -6397704.087737862
765700 325 -6357755.20828241
765800 325 -6357461.310631538
765900 325 -6404397.346578192
766000 325 -6286381.588862327
766100 325 -6413027.529611045
766200 325 -6243574.672891419
766300 325 -6324955.263528906
766400 325 -6287810.733261363
766500 325 -6354646.163237325
766600 325 -6323638.631450347
766700 325 -6396774.989779905
766800 325 -6298407.574467087
766900 325 -6238262.189646481
767000 325 -6327178.198076589
767100 325 -6315853.230894791
767200 325 -6357587.944405679
767300 325 -6399575.827757431
767400 325 -6348755.638338472
767500 325 -6376524.528759765
767600 325 -6315866.38791734
767700 325 -6338149.468818255
767800 325 -6303691.178219324
767900 325 -6199427.495449102
768000 325 -6338571.24600694
768100 325 -6368743.87829474
768200 325 -6368961.590939321
768300 325 -6322116.990381239
768400 325 -6292749.535716733
768500 325 -6231411.912296589
768600 325 -6271925.173263855
768700 325 -6358980.757890395
768800 325 -6401782.298576732
768900 325 -6250630.872089205
769000 325 -6363901.107875761
769100 325 -6312474.183684437
769200 325 -6343569.313214809
769300 325 -6353305.036361216
769400 325 -6294988.658446449
769500 325 -6377154.456885034
769600 325 -6372596.795390274
769700 325 -6334096.872747336
769800 325 -6329861.787368569
769900 325 -6363863.302410873
770000 325 -6327746.591636298
770100 325 -6359108.823467322
770200 325 -6334142.871499785
770300 325 -6424569.586950152
770400 325 -6329038.031173294
770500 325 -6384837.628202187
770600 325 -6379311.949246262
770700 325 -6288866.036988353
770800 325 -6390013.39192288
770900 325 -6355611.515823809
771000 325 -6344725.71149369
771100 325 -6359931.190249064
771200 325 -6282032.355782677
771300 325 -6267145.44858935
771400 325 -6209790.077925877
771500 325 -6370199.614453504
771600 325 -6292138.788090922
771700 325 -6297383.586849621
771800 325 -6274614.344727457
771900 325 -6288616.536161143
772000 325 -6360841.447642298
772100 325 -6228982.121680263
772200 325 -6383223.585903339
772300 325 -6342837.161445019
772400 325 -6341609.068783258
772500 325 -6241338.074993538
772600 325 -6328644.873293135
772700 325 -6354705.166756866
772800 325 -6267001.74391357
772900 325 -6380762.348837268
773000 325 -6240439.934967302
773100 325 -6338303.073779386
773200 325 -6302668.38243392
773300 325 -6421126.57722314
773400 325 -6342218.591747602
773500 325 -6391188.233305815
773600 325 -6334546.176599528
773700 325 -6355312.162900714
773800 325 -6333887.67485188
773900 325 -6413380.065730114
774000 325 -6287901.44305197
774100 325 -6342889.194384326
774200 325 -6319657.416758778
774300 325 -6258950.066748455
774400 325 -6306904.635640105
774500 325 -6332101.119880741
774600 325 -6282384.309443424
774700 325 -6242201.75176153
774800 325 -6268863.651970698
774900 325 -6298794.704729985
775000 325 -6256732.232275056
775100 325 -6372251.707754557
775200 325 -6237896.160204342
775300 325 -6425539.354092416
775400 325 -6329332.483266635
775500 325 -6305799.526759261
775600 325 -6301357.76741647
775700 325 -6350963.645628112
775800 325 -6374346.426615099
775900 325 -6444237.501608789
776000 325 -6358369.371934203
776100 325 -6360835.997806298
776200 325 -6361050.308309062
776300 325 -6236325.321867129
776400 325 -6363790.524931592
776500 325 -6386490.875814524
776600 325 -6341586.423427218
776700 325 -6441767.736705234
776800 325 -6253138.591299611
776900 325 -6342866.493132028
777000 325 -6340201.407729287
777100 325 -6335100.581228701
777200 325 -6318423.180876479
777300 325 -6326767.318588507
777400 325 -6332519.899056195
777500 325 -6346749.442392243
777600 325 -6276643.939406728
777700 325 -6313356.84445205
777800 325 -6332597.317942113
777900 325 -6405195.849398998
778000 325 -6392455.744648872
778100 325 -6243422.388464369
778200 325 -6342014.327976228
778300 325 -6385478.619496084
778400 325 -6339354.420444902
778500 325 -6356703.408483301
778600 325 -6331845.177834108
778700 325 -6370706.440085265
778800 325 -6335113.167769718
778900 325 -6281048.857973617
779000 325 -6256316.83591816
779100 325 -6305700.235472951
779200 325 -6317276.376516905
779300 325 -6340343.873531099
779400 325 -6409659.068164864
779500 325 -6395758.185993984
779600 325 -6308683.573471825
779700 325 -6297700.085322628
779800 325 -6382308.953399166
779900 325 -6408560.578696842
780000 325 -6405167.771990383
780100 325 -6366531.752137808
780200 325 -6386082.493773757
780300 325 -6285411.250433795
780400 325 -6258017.048088238
780500 325 -6286017.847777857
780600 325 -6315553.428112272
780700 325 -6382126.871868912
780800 325 -6339350.393054772
780900 325 -6347357.722443522
781000 325 -6445788.229941616
781100 325 -6390100.698564718
781200 325 -6415078.916349767
781300 325 -6360139.067579359
781400 325 -6295623.710909765
781500 325 -6333793.247115853
781600 325 -6304594.885033045
781700 325 -6321490.280423915
781800 325 -6374841.19479692
781900 325 -6367305.136110445
782000 325 -6280054.973934649
782100 325 -6293656.933432452
782200 325 -6273215.341355471
782300 325 -6396015.828813354
782400 325 -6287562.776423652
782500 325 -6324359.068311786
782600 325 -6376063.878598567
782700 325 -6306857.003429353
782800 325 -6311629.317113796
782900 325 -6352607.226923239
783000 325 -6256740.118039947
783100 325 -6410568.206127793
783200 325 -6313615.596630349
783300 325 -6356476.160919257
783400 325 -6346779.106202598
783500 325 -6306551.326357543
783600 325 -6351299.847096908
783700 325 -6327981.080678511
783800 325 -6253688.015364064
783900 325 -6361816.570736131
784000 325 -6360763.20584802
784100 325 -6354264.267626785
784200 325 -6365068.832647502
784300 325 -6376908.433895584
784400 325 -6285830.666990818
784500 325 -6374284.218134941
784600 325 -6356046.303465859
784700 325 -6307808.883633757
784800 325 -6303693.744126178
784900 325 -6328098.501987312
785000 325 -6300809.512151431
785100 325 -6316244.444650589
785200 325 -6272206.773750419
785300 325 -6318929.07039336
785400 325 -6342206.921215303
785500 325 -6370142.283299315
785600 325 -6345175.819269749
785700 325 -6416911.957177996
785800 325 -6409109.556354882
785900 325 -6271730.451756973
786000 325 -6303934.945719611
786100 325 -6329714.433574745
786200 325 -6381386.921819097
786300 325 -6308833.337258046
786400 325 -6412862.217091346
786500 325 -6348530.260409412
786600 325 -6303952.537783182
786700 325 -6427227.646704475
786800 325 -6305440.682128133
786900 325 -6305148.427155584
787000 325 -6338921.53584961
787100 325 -6316652.45911579
787200 325 -6306217.647980658
787300 325 -6333849.983882671
787400 325 -6349203.883895563
787500 325 -6376058.647032171
787600 325 -6418618.329893029
787700 325 -6348273.500671528
787800 325 -6373515.483868076
787900 325 -6325928.792033937
788000 325 -6374062.077664177
788100 325 -6375738.963568922
788200 325 -6240979.281004678
788300 325 -6338739.769516972
788400 325 -6359624.759006675
788500 325 -6394378.778826769
788600 325 -6328743.583219731
788700 325 -6375711.399897772
788800 325 -6379082.545764817
788900 325 -6327109.459495308
789000 325 -6296867.749079911
789100 325 -6289645.684878856
789200 325 -6241057.130340352
789300 325 -6339071.757493266
789400 325 -6369100.893876695
789500 325 -6343967.293922873
789600 325 -6390087.278483672
789700 325 -6294071.835559314
789800 325 -6308924.036854475
789900 325 -6438560.218210797
790000 325 -6410351.959784954
790100 325 -6363611.755421245
790200 325 -6393225.859247357
790300 325 -6399246.451832619
790400 325 -6310383.656380035
790500 325 -6350408.531064272
790600 325 -6371509.003048427
790700 325 -6334475.393306533
790800 325 -6346718.458122408
790900 325 -6318717.265042752
791000 325 -6361472.034571581
791100 325 -6358151.078512662
791200 325 -6315830.828505417
791300 325 -6350335.596010037
791400 325 -6442559.259224417
791500 325 -6322536.225024427
791600 325 -6361822.996918362
791700 325 -6395863.103878779
791800 325 -6394446.193418743
791900 325 -6311950.289120871
792000 325 -6277391.585161405
792100 325 -6395259.217115527
792200 325 -6344331.418086025
792300 325 -6304731.841785045
792400 325 -6333567.440017404
792500 325 -6350403.634278821
792600 325 -6397079.985450219
792700 325 -6322163.350609576
792800 325 -6329640.71199552
792900 325 -6395322.101025747
793000 325 -6322746.117751215
793100 325 -6298868.373161547
793200 325 -6305148.645179699
793300 325 -6317272.256576648
793400 325 -6273531.039195918
793500 325 -6253451.517292302
793600 325 -6377168.525786209
793700 325 -6319860.925951021
793800 325 -6384127.691491917
793900 325 -6373646.038560621
794000 325 -6384156.421081505
794100 325 -6362560.924346073
794200 325 -6330088.365510382
794300 325 -6359166.235310687
794400 325 -6368400.677663798
794500 325 -6301867.983547604
794600 325 -6380578.191751469
794700 325 -6357696.962119271
794800 325 -6253594.65775039
794900 325 -6318704.302553342
795000 325 -6252388.875076086
795100 325 -6363336.453001735
795200 325 -6263438.907922452
795300 325 -6388695.998671029
795400 325 -6369679.227779523
795500 325 -6312896.889708823
795600 325 -6324480.928778801
795700 325 -6326814.070832452
795800 325 -6302353.07958604
795900 325 -6364071.262165079
796000 325 -6348368.423950261
796100 325 -6346392.355195954
796200 325 -6271405.553749421
796300 325 -6286847.14326526
796400 325 -6397945.767664747
796500 325 -6394711.385144226
796600 325 -6323101.675368867
796700 325 -6356909.946119213
796800 325 -6304233.948418472
796900 325 -6379085.494828746
797000 325 -6326309.227371655
797100 325 -6466577.734277723
797200 325 -6413914.793900618
797300 325 -6395453.552944234
797400 325 -6304609.530336356
797500 325 -6396918.228248062
797600 325 -6335505.348336634
797700 325 -6317104.223655763
797800 325 -6269134.620049857
797900 325 -6363010.297026899
798000 325 -6404387.488571996
798100 325 -6329746.035756487
798200 325 -6317142.526136095
798300 325 -6358532.198436802
798400 325 -6309688.985804858
798500 325 -6363519.313773464
798600 325 -6290158.584540028
798700 325 -6353044.97854114
798800 325 -6364899.930267511
798900 325 -6427812.723434594
799000 325 -6337987.80029254
799100 325 -6377619.742787872
799200 325 -6384590.115293734
799300 325 -6381340.95428985
799400 325 -6306834.799694808
799500 325 -6365691.357870568
799600 325 -6283728.672988877
799700 325 -6310202.553532019
799800 325 -6209331.012740738
799900 325 -6271517.170975039
800000 325 -6277771.64497585
800100 325 -6390293.68442213
800200 325 -6368002.282555875
800300 325 -6190521.22793587
800400 325 -6403056.705655003
800500 325 -6375534.604745474
800600 325 -6326668.628270372
800700 325 -6389578.459110599
800800 325 -6373057.412102203
800900 325 -6366959.198595103
801000 325 -6341157.228592826
801100 325 -6358475.940605188
801200 325 -6250990.87615026
801300 325 -6224995.569235174
801400 325 -6320187.144552497
801500 325 -6403698.732141577
801600 325 -6338185.385302054
801700 325 -6372977.36320148
801800 325 -6282404.660036084
801900 325 -6387572.653668763
802000 325 -6404569.99337431
802100 325 -6395258.760535903
802200 325 -6383035.418117825
802300 325 -6311402.579551157
802400 325 -6280945.551885538
802500 325 -6318518.619269192
802600 325 -6329526.567588385
802700 325 -6354393.765844252
802800 325 -6341696.535100279
802900 325 -6332306.611753625
803000 325 -6348076.693326144
803100 325 -6358915.103909243
803200 325 -6327956.108736275
803300 325 -6337731.107128493
803400 325 -6246499.722192044
803500 325 -6413593.333889985
803600 325 -6362210.589138247
803700 325 -6362290.641313852
803800 325 -6386783.577611749
803900 325 -6372635.195166548
804000 325 -6242433.100477727
804100 325 -6307932.571284663
804200 325 -6497551.399703438
804300 325 -6268974.959779676
804400 325 -6256980.665271316
804500 325 -6358176.603129215
804600 325 -6359947.760815375
804700 325 -6336656.242900714
804800 325 -6338807.270781779
804900 325 -6318538.675370597
805000 325 -6273481.417158116
805100 325 -6288866.759111605
805200 325 -6263071.098994516
805300 325 -6327866.402473964
805400 325 -6376096.516577529
805500 325 -6347192.418075491
805600 325 -6356160.396450605
805700 325 -6366529.999327973
805800 325 -6387140.734003893
805900 325 -6293212.832916705
806000 325 -6347631.002371468
806100 325 -6351608.564909791
806200 325 -6284859.583395573
806300 325 -6366732.231558677
806400 325 -6426140.076744283
806500 325 -6373886.687557362
806600 325 -6369937.132955123
806700 325 -6395654.167942738
806800 325 -6298007.056070882
806900 325 -6426807.128147559
807000 325 -6345991.884299625
807100 325 -6336700.508048789
807200 325 -6354011.874042086
807300 325 -6363437.196849564
807400 325 -6359793.7197416
807500 325 -6323623.607295125
807600 325 -6252434.424505817
807700 325 -6356450.680667147
807800 325 -6318857.006639259
807900 325 -6376304.501908937
808000 325 -6312430.380348344
808100 325 -6312749.898690643
808200 325 -6302473.909063992
808300 325 -6314248.266168232
808400 325 -6420606.835700674
808500 325 -6310930.987108447
808600 325 -6398334.849454937
808700 325 -6326619.263282107
808800 325 -6219142.477658167
808900 325 -6396416.57431951
809000 325 -6383235.261721206
809100 325 -6358168.636389317
809200 325 -6422385.4524443
809300 325 -6303880.657243066
809400 325 -6431042.562945396
809500 325 -6366048.598481334
809600 325 -6248691.956797017
809700 325 -6319347.060488497
809800 325 -6316638.918574461
809900 325 -6348065.058233969
810000 325 -6399887.829922985
810100 325 -6389142.057654368
810200 325 -6313245.970503578
810300 325 -6366087.137931651
810400 325 -6303746.677248527
810500 325 -6290583.644252906
810600 325 -6345798.365063567
810700 325 -6276359.700079892
810800 325 -6313663.610521086
810900 325 -6223248.838607405
811000 325 -6443036.83053726
811100 325 -6307208.542944787
811200 325 -6335808.606926885
811300 325 -6343004.076853224
811400 325 -6362365.960093521
811500 325 -6307675.846266198
811600 325 -6389925.886564536
811700 325 -6282669.714638086
811800 325 -6381051.069750109
811900 325 -6351259.702564764
812000 325 -6255229.529179599
812100 325 -6249453.955008004
812200 325 -6407536.486427347
812300 325 -6354803.125792253
812400 325 -6297099.059321947
812500 325 -6398494.716425892
812600 325 -6338685.998281587
812700 325 -6265642.30694359
812800 325 -6250926.368767861
812900 325 -6300134.45470521
813000 325 -6363075.465630017
813100 325 -6372667.317161991
813200 325 -6354488.571124635
813300 325 -6381590.839877876
813400 325 -6427854.520223093
813500 325 -6304354.544780233
813600 325 -6333540.050430159
813700 325 -6331045.146134205
813800 325 -6385688.030808097
813900 325 -6260920.62581921
814000 325 -6330173.757498663
814100 325 -6390291.576685699
814200 325 -6337163.470279026
814300 325 -6385564.547421122
814400 325 -6342672.994279861
814500 325 -6371330.448274551
814600 325 -6366533.878914542
814700 325 -6383758.134533593
814800 325 -6414060.173920866
814900 325 -6344521.036857719
815000 325 -6365656.804875592
815100 325 -6271434.405757448
815200 325 -6293652.061370369
815300 325 -6308804.301706306
815400 325 -6257708.836979881
815500 325 -6277923.71405275
815600 325 -6304514.984682504
815700 325 -6312374.042513008
815800 325 -6286285.314272672
815900 325 -6322943.172033853
816000 325 -6234857.301546484
816100 325 -6353868.476479048
816200 325 -6302445.947026232
816300 325 -6341371.472069306
816400 325 -6304845.130159928
816500 325 -6353628.656638434
816600 325 -6320115.509786147
816700 325 -6341400.357049353
816800 325 -6320954.741609039
816900 325 -6287529.455239277
817000 325 -6255988.829715197
817100 325 -6345242.909745509
817200 325 -6294842.282081831
817300 325 -6340022.228940296
817400 325 -6305063.142916397
817500 325 -6376736.377079922
817600 325 -6324814.430692896
817700 325 -6388838.205575144
817800 325 -6324689.957528634
817900 325 -6370829.901591459
818000 325 -6404797.347376538
818100 325 -6287985.12193069
818200 325 -6360071.798420586
818300 325 -6333957.55022747
818400 325 -6341372.601227424
818500 325 -6346176.029024756
818600 325 -6306650.255470531
818700 325 -6317663.72715174
818800 325 -6292162.573724297
818900 325 -6349043.630600978
819000 325 -6330733.362092384
819100 325 -6301445.615963738
819200 325 -6291035.372677341
819300 325 -6374893.197736765
819400 325 -6338047.913212897
819500 325 -6297617.942183815
819600 325 -6411171.720968234
819700 325 -6275173.086137208
819800 325 -6311268.759327793
819900 325 -6282374.708228279
820000 325 -6396105.558138375
820100 325 -6361103.37286885
820200 325 -6372990.004186829
820300 325 -6304348.860308334
820400 325 -6403700.3853793
820500 325 -6344358.85570558
820600 325 -6297122.729267038
820700 325 -6328466.470648887
820800 325 -6283443.944956943
820900 325 -6371453.010572514
821000 325 -6404963.93194687
821100 325 -6349262.743946651
821200 325 -6318991.680825721
821300 325 -6257145.198435491
821400 325 -6345698.969792282
821500 325 -6340446.240846681
821600 325 -6375080.483552929
821700 325 -6346623.371956052
821800 325 -6352819.626073479
821900 325 -6423567.671486597
822000 325 -6344802.365993956
822100 325 -6371996.955059947
822200 325 -6349071.265318273
822300 325 -6388546.040503584
822400 325 -6337546.259585928
822500 325 -6347240.800034134
822600 325 -6398226.385232842
822700 325 -6333201.436024757
822800 325 -6350814.022057917
822900 325 -6359083.95142424
823000 325 -6299279.491362485
823100 325 -6442422.242900615
823200 325 -6361601.281509504
823300 325 -6293554.184349107
823400 325 -6225806.174842149
823500 325 -6346649.946088356
823600 325 -6335102.880710117
823700 325 -6262278.673237591
823800 325 -6351257.969513973
823900 325 -6382531.344740268
824000 325 -6328753.527295266
824100 325 -6397703.126676627
824200 325 -6277722.597109973
824300 325 -6367809.631850725
824400 325 -6329243.346225966
824500 325 -6362631.487759642
824600 325 -6223158.325496504
824700 325 -6275760.289363219
824800 325 -6340711.967652578
824900 325 -6365665.713416472
825000 325 -6303571.794661447
825100 325 -6274681.268832404
825200 325 -6384733.401084499
825300 325 -6341423.325506251
825400 325 -6363209.760680395
825500 325 -6425225.952554266
825600 325 -6362222.007056896
825700 325 -6405403.074598381
825800 325 -6323818.715624284
825900 325 -6286915.107265327
826000 325 -6251070.485368327
826100 325 -6337473.920844556
826200 325 -6405480.901711821
826300 325 -6337726.757834534
826400 325 -6367070.87378026
826500 325 -6322883.215205271
826600 325 -6322991.208903646
826700 325 -6336394.614420105
826800 325 -6329996.978109047
826900 325 -6431177.384876873
827000 325 -6210733.97810311
827100 325 -6291880.90989703
827200 325 -6340135.61845834
827300 325 -6269681.408738734
827400 325 -6275981.574184699
827500 325 -6307675.502065204
827600 325 -6332977.267271377
827700 325 -6342073.611549973
827800 325 -6246501.108502697
827900 325 -6316403.368772075
828000 325 -6361201.619159082
828100 325 -6292128.223229068
828200 325 -6354240.584696732
828300 325 -6349266.158477798
828400 325 -6350705.505871106
828500 325 -6365393.028534209
828600 325 -6382686.739369826
828700 325 -6407902.978544699
828800 325 -6398670.770482059
828900 325 -6338105.828395754
829000 325 -6241545.06836644
829100 325 -6359490.387776947
829200 325 -6289362.612408051
829300 325 -6331226.738882554
829400 325 -6373768.358661468
829500 325 -6323374.009031206
829600 325 -6389557.947030177
829700 325 -6347609.558952398
829800 325 -6285421.572464212
829900 325 -6245411.056266729
830000 325 -6327517.778269997
830100 325 -6382650.22759665
830200 325 -6356977.351814844
830300 325 -6343945.204553945
830400 325 -6374639.00946427
830500 325 -6309753.92613891
830600 325 -6417035.196548726
830700 325 -6418813.470426358
830800 325 -6255162.860607848
830900 325 -6357917.175890286
831000 325 -6296931.047285642
831100 325 -6327136.502533402
831200 325 -6301956.027772799
831300 325 -6399137.922634327
831400 325 -6302715.722611697
831500 325 -6360854.962301977
831600 325 -6310615.026571378
831700 325 -6277733.870049284
831800 325 -6324188.130224567
831900 325 -6378858.120790374
832000 325 -6336340.724388845
832100 325 -6357313.295572003
832200 325 -6321829.837097323
832300 325 -6346279.812101245
832400 325 -6349473.286866347
832500 325 -6391821.54438209
832600 325 -6313631.029097973
832700 325 -6355973.076702217
832800 325 -6424412.620857666
832900 325 -6290604.432877259
833000 325 -6426169.711700174
833100 325 -6315310.164669336
833200 325 -6255853.913560304
833300 325 -6249586.203172315
833400 325 -6348199.717336698
833500 325 -6384697.393648421
833600 325 -6417114.558780937
833700 325 -6350643.875827748
833800 325 -6262813.816444445
833900 325 -6431991.276317006
834000 325 -6266547.154436955
834100 325 -6406230.482787477
834200 325 -6327874.988301028
834300 325 -6358487.092746639
834400 325 -6264422.211517695
834500 325 -6358938.6985576
834600 325 -6358641.565583197
834700 325 -6374753.656591957
834800 325 -6436426.835344929
834900 325 -6351937.990202954
835000 325 -6310465.163393261
835100 325 -6340820.673613705
835200 325 -6328663.741866447
835300 325 -6293462.87369105
835400 325 -6345281.637554184
835500 325 -6411049.71420902
835600 325 -6241005.725999631
835700 325 -6370650.933549227
835800 325 -6316012.729579208
835900 325 -6331051.920721502
836000 325 -6399638.425894294
836100 325 -6262487.831530535
836200 325 -6379579.300318459
836300 325 -6379624.669832875
836400 325 -6288446.942123516
836500 325 -6193079.085035037
836600 325 -6332226.586628459
836700 325 -6319313.221588121
836800 325 -6330476.772586398
836900 325 -6336689.944615687
837000 325 -6354903.18682294
837100 325 -6324648.832342183
837200 325 -6404993.428574062
837300 325 -6370700.760358268
837400 325 -6422948.319361063
837500 325 -6332425.227999236
837600 325 -6298862.238736369
837700 325 -6290607.763058063
837800 325 -6337256.534922978
837900 325 -6291323.837362712
838000 325 -6339141.958312761
838100 325 -6309597.036376449
838200 325 -6406467.215632122
838300 325 -6356463.40724621
838400 325 -6382195.110415945
838500 325 -6325490.12222424
838600 325 -6297826.375689559
838700 325 -6362418.728154296
838800 325 -6348775.999267977
838900 325 -6384183.181402416
839000 325 -6337000.304667016
839100 325 -6229331.057720313
839200 325 -6348532.733748095
839300 325 -6327800.336453298
839400 325 -6379861.216730153
839500 325 -6342018.55589392
839600 325 -6323221.164982826
839700 325 -6378219.346968411
839800 325 -6321659.336889373
839900 325 -6226980.292384041
840000 325 -6337219.120173544
840100 325 -6322249.051503729
840200 325 -6310907.995278398
840300 325 -6294092.811490312
840400 325 -6286593.694581235
840500 325 -6306359.763865566
840600 325 -6368287.062901581
840700 325 -6443232.94840112
840800 325 -6413436.822764237
840900 325 -6319928.244391
841000 325 -6382115.896311888
841100 325 -6301830.269733167
841200 325 -6383176.962988551
841300 325 -6319042.069007913
841400 325 -6312118.82777076
841500 325 -6341036.993022736
841600 325 -6353901.10010238
841700 325 -6331129.772239713
841800 325 -6324118.378616663
841900 325 -6322824.255077146
842000 325 -6291962.997313557
842100 325 -6401863.571930345
842200 325 -6387008.739973381
842300 325 -6409174.677921923
842400 325 -6371800.298229165
842500 325 -6353951.505517886
842600 325 -6347115.246503696
842700 325 -6353758.778314665
842800 325 -6331223.139594374
842900 325 -6301754.170213908
843000 325 -6314798.286444756
843100 325 -6288942.464512706
843200 325 -6371984.396646045
843300 325 -6296095.094160272
843400 325 -6362005.060414465
843500 325 -6395914.992500113
843600 325 -6321754.524240604
843700 325 -6363602.44664574
843800 325 -6377461.818794222
843900 325 -6339610.676786337
844000 325 -6331769.765347371
844100 325 -6370705.52562376
844200 325 -6440904.627938962
844300 325 -6355407.121521119
844400 325 -6299612.684762381
844500 325 -6333461.423192203
844600 325 -6340637.017245824
844700 325 -6328866.292757951
844800 325 -6357565.279987385
844900 325 -6384944.966751181
845000 325 -6373917.209469565
845100 325 -6298959.176308373
845200 325 -6246908.617529767
845300 325 -6399310.892000762
845400 325 -6271213.910031978
845500 325 -6296546.129761055
845600 325 -6355908.964006473
845700 325 -6330764.098656733
845800 325 -6396121.306188978
845900 325 -6294189.2526565
846000 325 -6302751.415669352
846100 325 -6286529.964743232
846200 325 -6282504.344553646
846300 325 -6338865.10656211
846400 325 -6374788.797303526
846500 325 -6301405.498306081
846600 325 -6242008.077694251
846700 325 -6321967.284471877
846800 325 -6265121.904040288
846900 325 -6282621.649174053
847000 325 -6280803.138574453
847100 325 -6325326.429794518
847200 325 -6319409.429113981
847300 325 -6350728.271895311
847400 325 -6426007.187809162
847500 325 -6327082.659303269
847600 325 -6307047.016550045
847700 325 -6355740.354644666
847800 325 -6320696.236610314
847900 325 -6385196.10393738
848000 325 -6304913.512546455
848100 325 -6318594.19826246
848200 325 -6411340.442981331
848300 325 -6370088.366562109
848400 325 -6352479.180585401
848500 325 -6380977.738191602
848600 325 -6339033.227862412
848700 325 -6360846.825743617
848800 325 -6376357.431907
848900 325 -6314451.433197832
849000 325 -6361684.326108991
849100 325 -6356405.38264548
849200 325 -6359064.728558036
849300 325 -6423470.789951148
849400 325 -6401894.908037715
849500 325 -6384561.409591485
849600 325 -6358835.675277265
849700 325 -6349119.514973672
849800 325 -6320891.758941779
849900 325 -6374161.770001808
850000 325 -6394160.302562129
850100 325 -6370728.722400185
850200 325 -6291354.367538599
850300 325 -6307429.179469105
850400 325 -6417087.63234027
850500 325 -6358849.021126032
850600 325 -6248584.757128188
850700 325 -6409022.001955505
850800 325 -6286858.769439819
850900 325 -6318256.520699063
851000 325 -6371740.498289609
851100 325 -6306417.440795697
851200 325 -6406564.890094159
851300 325 -6322584.236852116
851400 325 -6366682.63824201
851500 325 -6244481.047604373
851600 325 -6378068.317617537
851700 325 -6341050.426657706
851800 325 -6296792.505378334
851900 325 -6322576.509720893
852000 325 -6294365.953014581
852100 325 -6387347.433557185
852200 325 -6354859.823141628
852300 325 -6298746.532066028
852400 325 -6330665.132974586
852500 325 -6331350.668941556
852600 325 -6386568.426147256
852700 325 -6364653.395205049
852800 325 -6343969.563635551
852900 325 -6326989.089025988
853000 325 -6326789.992080946
853100 325 -6224312.626407992
853200 325 -6242830.826962894
853300 325 -6409190.107114227
853400 325 -6404073.539458297
853500 325 -6379852.972182572
853600 325 -6434143.093413091
853700 325 -6391860.340165557
853800 325 -6386369.331902736
853900 325 -6349486.050775205
854000 325 -6337357.653144103
854100 325 -6336844.06833458
854200 325 -6355637.215517513
854300 325 -6275358.63543476
854400 325 -6328178.215472134
854500 325 -6350498.082926451
854600 325 -6401270.757932572
854700 325 -6373399.847286906
854800 325 -6330337.045463574
854900 325 -6389142.179041643
855000 325 -6281682.150548592
855100 325 -6276376.96864452
855200 325 -6332942.711804435
855300 325 -6372100.102277782
855400 325 -6413215.537278794
855500 325 -6326401.196206235
855600 325 -6408568.805244317
855700 325 -6392219.074107129
855800 325 -6344565.829408105
855900 325 -6302063.917581066
856000 325 -6391579.640679124
856100 325 -6446659.747623442
856200 325 -6359375.052162685
856300 325 -6320373.611163301
856400 325 -6312128.643399972
856500 325 -6249383.339294559
856600 325 -6255527.02010376
856700 325 -6332073.227078447
856800 325 -6301808.488729329
856900 325 -6425725.357403139
857000 325 -6413404.212171627
857100 325 -6457618.306308432
857200 325 -6328540.190293607
857300 325 -6293739.445836311
857400 325 -6340663.332753107
857500 325 -6365693.546315059
857600 325 -6362554.722329903
857700 325 -6296916.113790026
857800 325 -6311500.225497855
857900 325 -6284993.074749352
858000 325 -6385083.840557373
858100 325 -6268652.272527615
858200 325 -6382517.334519436
858300 325 -6364989.159966771
858400 325 -6375377.855328618
858500 325 -6333028.899590982
858600 325 -6369393.725794521
858700 325 -6297762.155345449
858800 325 -6355113.734636101
858900 325 -6295530.311493222
859000 325 -6403174.79641852
859100 325 -6355336.042984952
859200 325 -6258950.072391276
859300 325 -6319492.887175195
859400 325 -6389746.257534686
859500 325 -6356327.936220314
859600 325 -6339383.529036749
859700 325 -6345309.747928306
859800 325 -6267055.573445648
859900 325 -6398040.136018032
860000 325 -6394979.764765296
860100 325 -6255149.210404828
860200 325 -6356765.209643288
860300 325 -6304826.558519458
860400 325 -6415852.7011398
860500 325 -6371480.25140518
860600 325 -6289875.935447083
860700 325 -6327847.984772756
860800 325 -6356136.584090818
860900 325 -6274936.338300819
861000 325 -6386625.911261745
861100 325 -6328081.06329116
861200 325 -6402182.446442028
861300 325 -6360805.841200208
861400 325 -6367738.621278467
861500 325 -6371743.237128673
861600 325 -6385175.442964448
861700 325 -6417844.400200599
861800 325 -6426775.390160492
861900 325 -6394314.311765555
862000 325 -6362598.880800406
862100 325 -6268384.945952009
862200 325 -6275630.835998855
862300 325 -6263391.727211215
862400 325 -6299757.383513897
862500 325 -6350561.498662091
862600 325 -6294181.593056645
862700 325 -6256648.024788953
862800 325 -6231411.910859184
862900 325 -6352182.769537864
863000 325 -6363534.682126511
863100 325 -6322800.363139659
863200 325 -6329984.243026378
863300 325 -6266541.273934142
863400 325 -6363258.333553308
863500 325 -6298943.722341569
863600 325 -6303356.428647517
863700 325 -6329598.400861114
863800 325 -6340580.781045184
863900 325 -6332258.0572198
864000 325 -6375169.321789201
864100 325 -6276308.313655174
864200 325 -6400791.378827082
864300 325 -6312902.166087724
864400 325 -6285583.918555063
864500 325 -6406289.388207649
864600 325 -6283768.209713965
864700 325 -6269999.272439117
864800 325 -6321247.016791495
864900 325 -6370683.314588655
865000 325 -6403491.875479097
865100 325 -6342794.049240539
865200 325 -6372750.248703133
865300 325 -6366081.10277128
865400 325 -6284853.171373997
865500 325 -6348137.653393649
865600 325 -6417141.94568649
865700 325 -6398963.585271117
865800 325 -6323585.084457867
865900 325 -6390377.902469374
866000 325 -6303062.206528898
866100 325 -6343120.485116141
866200 325 -6337720.448365254
866300 325 -6284780.215779399
866400 325 -6319811.980219079
866500 325 -6305954.957452532
866600 325 -6327519.916377824
866700 325 -6388884.164917558
866800 325 -6310361.540522048
866900 325 -6389276.806286329
867000 325 -6398101.888581388
867100 325 -6330974.769972484
867200 325 -6319940.71239493
867300 325 -6326664.200317914
867400 325 -6364964.145631198
867500 325 -6364445.283694599
867600 325 -6303703.264153043
867700 325 -6366303.94708272
867800 325 -6298351.309637766
867900 325 -6264306.038129834
868000 325 -6331674.522480697
868100 325 -6319855.348084159
868200 325 -6348410.364160634
868300 325 -6393607.939138187
868400 325 -6317554.37526498
868500 325 -6351411.234263093
868600 325 -6379525.233541574
868700 325 -6311027.427172156
868800 325 -6296563.225314109
868900 325 -6378046.761522492
869000 325 -6356522.405352141
869100 325 -6298283.762272197
869200 325 -6306102.660726185
869300 325 -6338003.376267187
869400 325 -6379634.360998861
869500 325 -6346100.670546932
869600 325 -6327936.189679795
869700 325 -6284570.86843463
869800 325 -6253029.717670895
869900 325 -6352975.508131243
870000 325 -6404823.630051721
870100 325 -6286008.287263898
870200 325 -6263068.807954133
870300 325 -6321388.515625264
870400 325 -6250871.014230745
870500 325 -6365847.858287338
870600 325 -6273672.302520879
870700 325 -6237199.895048736
870800 325 -6321916.302174008
870900 325 -6287488.604217637
871000 325 -6292392.541640592
871100 325 -6319194.866235228
871200 325 -6392247.355600071
871300 325 -6398567.260820413
871400 325 -6449817.676419193
871500 325 -6308808.993294166
871600 325 -6331194.940940832
871700 325 -6274127.165886126
871800 325 -6330206.935020953
871900 325 -6327452.782927162
872000 325 -6371126.433768727
872100 325 -6341214.271007286
872200 325 -6377993.075004097
872300 325 -6317665.038568353
872400 325 -6342248.05141288
872500 325 -6280983.470293122
872600 325 -6314324.351696771
872700 325 -6315338.343062386
872800 325 -6357138.715510027
872900 325 -6330713.384192139
873000 325 -6365534.756480455
873100 325 -6299550.174720517
873200 325 -6380871.771156421
873300 325 -6406383.971438272
873400 325 -6378952.306995085
873500 325 -6372814.775617378
873600 325 -6261435.81924675
873700 325 -6320209.02487637
873800 325 -6311635.826067893
873900 325 -6239191.846559171
874000 325 -6288779.138612171
874100 325 -6316434.657432565
874200 325 -6429164.849825946
874300 325 -6410634.435432148
874400 325 -6328584.001185663
874500 325 -6297947.522410319
874600 325 -6300121.234512263
874700 325 -6266338.18230347
874800 325 -6388238.941024859
874900 325 -6362548.085041578
875000 325 -6363634.259240104
875100 325 -6377742.949683454
875200 325 -6366081.68972307
875300 325 -6340465.824322429
875400 325 -6336859.018570169
875500 325 -6339227.687918255
875600 325 -6284049.414660605
875700 325 -6352841.193115205
875800 325 -6286619.363353544
875900 325 -6361424.09645571
876000 325 -6276661.057862341
876100 325 -6416573.220449621
876200 325 -6323241.93064663
876300 325 -6366736.498841278
876400 325 -6314408.36467298
876500 325 -6312897.610298354
876600 325 -6376053.481917358
876700 325 -6327176.386472867
876800 325 -6422578.937434032
876900 325 -6358039.852082755
877000 325 -6406320.571777717
877100 325 -6340613.689605824
877200 325 -6362719.386825649
877300 325 -6293113.88119948
877400 325 -6348725.839019001
877500 325 -6356135.288956068
877600 325 -6319360.827150266
877700 325 -6341088.551341371
877800 325 -6334578.324530317
877900 325 -6357115.920314791
878000 325 -6298203.800817847
878100 325 -6337701.506642938
878200 325 -6312978.15510758
878300 325 -6369221.399010668
878400 325 -6396505.749615332
878500 325 -6308963.885916666
878600 325 -6323424.903839516
878700 325 -6294061.500278791
878800 325 -6323167.454137513
878900 325 -6247807.255138233
879000 325 -6368477.509387843
879100 325 -6399291.335329168
879200 325 -6394851.63914516
879300 325 -6389140.974265417
879400 325 -6352443.366822871
879500 325 -6305364.511655316
879600 325 -6266210.533206506
879700 325 -6298096.567469003
879800 325 -6409506.448413871
879900 325 -6377902.204499315
880000 325 -6397243.596493531
880100 325 -6378527.211954551
880200 325 -6339191.497087122
880300 325 -6423285.086007512
880400 325 -6352175.253104793
880500 325 -6365909.526430948
880600 325 -6381777.561379764
880700 325 -6282268.86365397
880800 325 -6366667.049996809
880900 325 -6284812.888707657
881000 325 -6359257.922430032
881100 325 -6342158.187113216
881200 325 -6316186.325012747
881300 325 -6387566.252821619
881400 325 -6312741.660248835
881500 325 -6302328.014565885
881600 325 -6376942.198948298
881700 325 -6312110.62604606
881800 325 -6397083.154718723
881900 325 -6320796.984427581
882000 325 -6350589.263586216
882100 325 -6279775.587198066
882200 325 -6380515.838361325
882300 325 -6367007.723362878
882400 325 -6266888.659943531
882500 325 -6262941.328558926
882600 325 -6311719.748924205
882700 325 -6329027.244248953
882800 325 -6342229.58818495
882900 325 -6289979.387012184
883000 325 -6339842.929442208
883100 325 -6336990.607756928
883200 325 -6347827.512588001
883300 325 -6310149.066092927
883400 325 -6380084.57939377
883500 325 -6290166.431843774
883600 325 -6375464.04579122
883700 325 -6415893.88719537
883800 325 -6289740.580022476
883900 325 -6346438.614493612
884000 325 -6348683.106733575
884100 325 -6346666.65153026
884200 325 -6285163.525191966
884300 325 -6229407.321401687
884400 325 -6366804.42501414
884500 325 -6321472.780573472
884600 325 -6313249.62077923
884700 325 -6328838.866088243
884800 325 -6295652.120609248
884900 325 -6277042.022985583
885000 325 -6361198.523894913
885100 325 -6306632.690345803
885200 325 -6311395.849011743
885300 325 -6299276.034132555
885400 325 -6314317.121765904
885500 325 -6363273.994886659
885600 325 -6422149.851789394
885700 325 -6331049.561154291
885800 325 -6272838.853099704
885900 325 -6298552.158925969
886000 325 -6338928.205696323
886100 325 -6414619.599114006
886200 325 -6366344.69516735
886300 325 -6369390.245269816
886400 325 -6264724.456501983
886500 325 -6386342.69459621
886600 325 -6364079.620821033
886700 325 -6342639.573815921
886800 325 -6356814.309987344
886900 325 -6248738.80366701
887000 325 -6353572.826246856
887100 325 -6369868.773873083
887200 325 -6317816.306847066
887300 325 -6387392.405925857
887400 325 -6346702.889631707
887500 325 -6339092.645862509
887600 325 -6300258.830260594
887700 325 -6397456.428428167
887800 325 -6351417.86507799
887900 325 -6288351.4416962
888000 325 -6317229.074319081
888100 325 -6356719.786419701
888200 325 -6359523.488112894
888300 325 -6338390.418979281
888400 325 -6361942.650426082
888500 325 -6303798.848800583
888600 325 -6358922.693703283
888700 325 -6291247.459303407
888800 325 -6280564.558781158
888900 325 -6373667.010623349
889000 325 -6350159.33990269
889100 325 -6317247.933195168
889200 325 -6375161.342464367
889300 325 -6357369.448143197
889400 325 -6317352.703833279
889500 325 -6370011.300367
889600 325 -6396125.164307679
889700 325 -6377960.518545256
889800 325 -6294001.482041449
889900 325 -6323383.528535787
890000 325 -6320363.436076235
890100 325 -6309228.621878688
890200 325 -6337264.785522491
890300 325 -6301747.466273008
890400 325 -6350221.293795632
890500 325 -6344665.962896049
890600 325 -6313568.06076367
890700 325 -6296195.017867606
890800 325 -6275141.502524312
890900 325 -6362766.488937648
891000 325 -6329576.409998843
891100 325 -6312455.667839849
891200 325 -6332296.401967084
891300 325 -6333594.047966372
891400 325 -6263248.540672457
891500 325 -6321881.386178952
891600 325 -6368473.435475586
891700 325 -6369175.338877199
891800 325 -6264763.619676633
891900 325 -6340559.937564868
892000 325 -6383190.514069783
892100 325 -6336111.329119788
892200 325 -6353711.340100689
892300 325 -6320171.675958744
892400 325 -6304401.519094817
892500 325 -6381690.126119722
892600 325 -6370510.254901965
892700 325 -6274323.193529889
892800 325 -6306228.071684994
892900 325 -6265188.338562077
893000 325 -6341973.620681798
893100 325 -6314690.689837391
893200 325 -6389269.772987874
893300 325 -6369649.286845225
893400 325 -6319666.317672353
893500 325 -6388339.786949042
893600 325 -6303527.282629363
893700 325 -6289878.632009063
893800 325 -6338779.458276675
893900 325 -6231901.810331139
894000 325 -6361185.217798451
894100 325 -6348006.743856911
894200 325 -6257184.429241749
894300 325 -6339318.237672639
894400 325 -6373624.322218176
894500 325 -6411560.689957574
894600 325 -6322046.828873612
894700 325 -6299282.724017363
894800 325 -6405154.719009717
894900 325 -6339473.828797583
895000 325 -6283544.471356126
895100 325 -6336912.085723675
895200 325 -6413763.390734761
895300 325 -6334008.684365336
895400 325 -6367352.222640423
895500 325 -6227611.097271616
895600 325 -6346259.766671537
895700 325 -6433293.536830252
895800 325 -6350771.768629557
895900 325 -6246457.770351587
896000 325 -6322786.87959565
896100 325 -6347712.618637998
896200 325 -6265039.450725326
896300 325 -6366622.05064846
896400 325 -6360682.845405625
896500 325 -6330492.184523281
896600 325 -6329407.779095915
896700 325 -6299313.935166121
896800 325 -6377557.788156927
896900 325 -6214735.929919573
897000 325 -6321252.964548345
897100 325 -6227446.643806478
897200 325 -6327514.830803661
897300 325 -6289882.42730104
897400 325 -6341083.937089549
897500 325 -6288951.731356834
897600 325 -6417651.57550006
897700 325 -6326313.754978184
897800 325 -6304768.745192252
897900 325 -6375657.006750649
898000 325 -6338728.018809721
898100 325 -6307308.175732611
898200 325 -6263407.527965687
898300 325 -6325386.523287497
898400 325 -6243705.835598534
898500 325 -6398536.862344047
898600 325 -6430310.016578111
898700 325 -6346348.051892808
898800 325 -6323415.267783637
898900 325 -6336305.779183861
899000 325 -6325926.357661519
899100 325 -6329317.315562159
899200 325 -6331820.31509805
899300 325 -6355715.835079448
899400 325 -6329556.729354222
899500 325 -6374277.990173826
899600 325 -6426276.367622463
899700 325 -6306398.554760085
899800 325 -6365100.702031394
899900 325 -6252990.896495943
900000 325 -6372378.156575728
900100 325 -6292510.286454875
900200 325 -6396824.207504913
900300 325 -6293233.283307932
900400 325 -6314932.813262157
900500 325 -6293487.796037361
900600 325 -6318876.632718233
900700 325 -6325125.409928067
900800 325 -6358373.467888778
900900 325 -6310844.948860833
901000 325 -6298783.178295058
901100 325 -6334459.763349983
901200 325 -6346697.603228495
901300 325 -6400551.793856259
901400 325 -6369044.021355918
901500 325 -6398430.237574046
901600 325 -6281273.436966075
901700 325 -6402069.132362947
901800 325 -6311129.606981871
901900 325 -6308957.526193248
902000 325 -6364318.886198699
902100 325 -6378010.09606777
902200 325 -6346380.973962246
902300 325 -6357458.282927624
902400 325 -6358485.612815669
902500 325 -6290253.170314271
902600 325 -6257932.548299463
902700 325 -6296568.98478738
902800 325 -6355915.259371955
902900 325 -6368876.663785319
903000 325 -6349209.85812168
903100 325 -6266829.683868589
903200 325 -6349561.463314936
903300 325 -6305293.851519769
903400 325 -6442676.702906189
903500 325 -6378994.429577755
903600 325 -6314491.224751174
903700 325 -6359614.114787608
903800 325 -6297686.873923652
903900 325 -6389293.545836309
904000 325 -6387200.704740743
904100 325 -6245462.957120486
904200 325 -6371314.351663962
904300 325 -6353153.73346645
904400 325 -6314306.474597568
904500 325 -6289003.475436239
904600 325 -6283135.619581233
904700 325 -6350230.473086603
904800 325 -6379358.212910203
904900 325 -6445026.178459084
905000 325 -6320764.117127432
905100 325 -6321604.752574977
905200 325 -6450389.42127819
905300 325 -6275874.526084566
905400 325 -6432622.580795047
905500 325 -6303413.213742141
905600 325 -6331453.667050456
905700 325 -6257835.076727401
905800 325 -6257174.229448764
905900 325 -6307251.97274057
906000 325 -6305850.405350332
906100 325 -6346630.653029439
906200 325 -6301347.150158067
906300 325 -6398411.731864326
906400 325 -6314674.870841727
906500 325 -6368922.039962038
906600 325 -6319367.211435246
906700 325 -6342431.315551271
906800 325 -6339746.507880714
906900 325 -6305036.20112748
907000 325 -6374111.216773304
907100 325 -6382088.671327016
907200 325 -6387854.055427564
907300 325 -6282141.668864078
907400 325 -6300833.017719006
907500 325 -6337255.12532155
907600 325 -6294361.629360885
907700 325 -6294557.066079864
907800 325 -6342271.573345948
907900 325 -6381348.932547396
908000 325 -6315127.861801341
908100 325 -6345426.746703217
908200 325 -6355650.826498328
908300 325 -6338796.829919864
908400 325 -6306093.458871746
908500 325 -6266909.192327931
908600 325 -6292555.185014482
908700 325 -6306306.777344364
908800 325 -6377110.481258754
908900 325 -6320328.630575901
909000 325 -6281306.122017361
909100 325 -6349798.994163739
909200 325 -6337803.443927325
909300 325 -6407712.05272734
909400 325 -6334359.852824628
909500 325 -6406344.519691744
909600 325 -6358837.373111382
909700 325 -6361048.681479627
909800 325 -6325819.815787189
909900 325 -6291028.705093574
910000 325 -6326108.675979516
910100 325 -6353238.533126136
910200 325 -6316142.849082088
910300 325 -6308841.448646186
910400 325 -6416680.621930839
910500 325 -6347562.151899405
910600 325 -6349654.271750403
910700 325 -6401143.182697095
910800 325 -6312329.382868876
910900 325 -6394299.588363114
911000 325 -6345737.575630199
911100 325 -6307189.233172735
911200 325 -6222333.583234949
911300 325 -6345303.431945135
911400 325 -6353904.359447189
911500 325 -6401518.835346598
911600 325 -6318922.879229005
911700 325 -6361236.152032508
911800 325 -6373305.182295086
911900 325 -6332050.568300948
912000 325 -6287370.941936478
912100 325 -6289521.141984083
912200 325 -6399971.578118688
912300 325 -6328289.006495459
912400 325 -6338408.895006219
912500 325 -6378984.490026414
912600 325 -6299331.669246294
912700 325 -6369034.145784279
912800 325 -6327100.594299234
912900 325 -6269826.126773817
913000 325 -6353389.611592179
913100 325 -6299929.344581926
913200 325 -6331958.373591426
913300 325 -6282282.609531764
913400 325 -6377210.636225373
913500 325 -6335806.891191622
913600 325 -6336334.521993592
913700 325 -6338431.617289523
913800 325 -6270144.712486636
913900 325 -6399673.944180168
914000 325 -6313496.951432094
914100 325 -6320596.500361263
914200 325 -6415684.561769519
914300 325 -6306238.897864973
914400 325 -6256701.889540805
914500 325 -6313142.145232048
914600 325 -6392707.100558935
914700 325 -6350490.016704996
914800 325 -6288975.204156742
914900 325 -6383604.281283485
915000 325 -6247121.430433523
915100 325 -6390036.935743438
915200 325 -6365714.903094124
915300 325 -6260995.53384296
915400 325 -6398476.595499419
915500 325 -6423584.454890671
915600 325 -6330499.965218087
915700 325 -6307040.885662297
915800 325 -6333117.742173165
915900 325 -6281988.556250973
916000 325 -6344907.23681036
916100 325 -6381412.361364014
916200 325 -6343239.307052801
916300 325 -6347864.462830296
916400 325 -6387221.545303691
916500 325 -6278275.766002795
916600 325 -6314281.260837328
916700 325 -6379508.29612126
916800 325 -6395157.595830741
916900 325 -6298181.831518393
917000 325 -6334502.615883218
917100 325 -6319876.892405216
917200 325 -6323254.121880025
917300 325 -6347152.065434797
917400 325 -6353722.874367153
917500 325 -6357195.722375713
917600 325 -6360646.411066911
917700 325 -6294952.764029275
917800 325 -6314010.917172695
917900 325 -6390883.881408678
918000 325 -6323831.723324591
918100 325 -6344038.278981237
918200 325 -6317112.781552128
918300 325 -6300302.585900967
918400 325 -6330009.480249093
918500 325 -6235803.310298311
918600 325 -6337740.268056351
918700 325 -6313128.35081517
918800 325 -6321335.495945891
918900 325 -6298531.55711843
919000 325 -6280342.165372889
919100 325 -6318956.890377632
919200 325 -6320264.932324756
919300 325 -6269034.718961906
919400 325 -6387669.20590521
919500 325 -6327400.755977353
919600 325 -6321358.463907372
919700 325 -6304310.755876407
919800 325 -6317055.16412296
919900 325 -6272064.664132878
920000 325 -6350230.716900175
920100 325 -6377630.276898872
920200 325 -6359646.308522196
920300 325 -6366308.138512221
920400 325 -6354770.564256368
920500 325 -6325569.247724675
920600 325 -6360492.750865147
920700 325 -6372695.601689167
920800 325 -6408081.857316455
920900 325 -6341529.715335313
921000 325 -6374525.291687177
921100 325 -6347007.659857206
921200 325 -6315219.300382039
921300 325 -6312919.742040059
921400 325 -6257719.854240943
921500 325 -6349506.026882329
921600 325 -6354958.18918586
921700 325 -6305483.366449299
921800 325 -6367793.998090604
921900 325 -6264342.428329957
922000 325 -6368767.267820064
922100 325 -6330696.68168246
922200 325 -6351110.211753545
922300 325 -6378521.641806249
922400 325 -6308356.777658058
922500 325 -6378321.692339646
922600 325 -6385018.780108224
922700 325 -6304281.712678358
922800 325 -6257134.34815768
922900 325 -6291853.6585695
923000 325 -6262515.207379224
923100 325 -6320443.497854367
923200 325 -6309499.439052252
923300 325 -6348494.116840367
923400 325 -6365892.999546009
923500 325 -6339119.288297603
923600 325 -6357303.033234235
923700 325 -6251631.868695201
923800 325 -6331784.998133466
923900 325 -6245559.337089133
924000 325 -6228168.099306768
924100 325 -6382427.069032621
924200 325 -6369144.416360825
924300 325 -6387949.092626808
924400 325 -6330619.917164476
924500 325 -6340528.584943099
924600 325 -6364410.958169334
924700 325 -6290011.485266948
924800 325 -6379367.003050763
924900 325 -6335288.642554322
925000 325 -6297477.546516846
925100 325 -6354624.597540347
925200 325 -6412304.44040817
925300 325 -6346386.634557156
925400 325 -6323611.287297397
925500 325 -6386079.260860282
925600 325 -6345501.377430882
925700 325 -6394989.389474405
925800 325 -6337009.884284504
925900 325 -6296786.700229801
926000 325 -6329492.73478977
926100 325 -6344198.918811509
926200 325 -6263761.218227393
926300 325 -6322097.593039656
926400 325 -6479196.144278938
926500 325 -6321968.394667605
926600 325 -6279147.141571535
926700 325 -6311927.5106271
926800 325 -6382227.36221399
926900 325 -6347383.700989615
927000 325 -6282115.847593182
927100 325 -6320787.814753735
927200 325 -6355879.055957062
927300 325 -6341704.087722683
927400 325 -6337394.356351592
927500 325 -6309257.290347405
927600 325 -6345437.673161786
927700 325 -6331882.748692196
927800 325 -6308238.833168826
927900 325 -6229734.9526514
928000 325 -6273938.791605929
928100 325 -6280945.257435321
928200 325 -6349566.449639859
928300 325 -6297802.257577115
928400 325 -6302641.829493834
928500 325 -6321957.022653205
928600 325 -6361857.538113685
928700 325 -6380499.171362938
928800 325 -6309501.119464453
928900 325 -6332698.48725399
929000 325 -6393899.005289541
929100 325 -6353301.47764338
929200 325 -6340687.35024175
929300 325 -6291278.464558281
929400 325 -6373825.511290639
929500 325 -6320573.759391526
929600 325 -6403215.262702073
929700 325 -6308833.146094253
929800 325 -6325888.745093694
929900 325 -6413486.607013961
930000 325 -6353889.150326421
930100 325 -6382591.274360817
930200 325 -6363360.22640596
930300 325 -6332121.758242689
930400 325 -6270784.586080753
930500 325 -6420097.536740356
930600 325 -6311498.229129508
930700 325 -6280050.14997762
930800 325 -6345782.872200085
930900 325 -6345425.34495002
931000 325 -6375884.76009893
931100 325 -6287675.314895403
931200 325 -6336072.120478656
931300 325 -6340198.30391104
931400 325 -6322676.194085723
931500 325 -6331129.230399751
931600 325 -6295077.724404957
931700 325 -6386302.128522224
931800 325 -6321737.265077548
931900 325 -6392788.713293767
932000 325 -6395534.27292453
932100 325 -6339447.712529123
932200 325 -6393313.904789954
932300 325 -6346192.170376025
932400 325 -6357596.075329773
932500 325 -6351076.163741715
932600 325 -6363670.096028971
932700 325 -6405417.13707735
932800 325 -6386332.495227195
932900 325 -6341178.237006102
933000 325 -6337062.615655959
933100 325 -6350612.135299085
933200 325 -6291541.948341873
933300 325 -6368066.146593954
933400 325 -6411560.761698356
933500 325 -6404645.721958719
933600 325 -6326809.347233715
933700 325 -6417531.532015802
933800 325 -6313954.891557164
933900 325 -6346318.320304649
934000 325 -6285140.484979276
934100 325 -6360963.093650893
934200 325 -6350869.649600582
934300 325 -6355604.447610586
934400 325 -6260479.438488329
934500 325 -6372981.235051278
934600 325 -6342114.968558291
934700 325 -6288275.30621771
934800 325 -6335356.585180573
934900 325 -6318847.919036182
935000 325 -6294529.165686172
935100 325 -6313684.942202626
935200 325 -6393539.568167874
935300 325 -6328925.668646568
935400 325 -6423502.889342258
935500 325 -6333104.0594298
935600 325 -6281909.723423949
935700 325 -6320257.846720118
935800 325 -6336702.158456568
935900 325 -6375981.629478559
936000 325 -6287861.757210229
936100 325 -6334099.722611323
936200 325 -6359034.028591069
936300 325 -6338379.187883656
936400 325 -6283934.248910806
936500 325 -6293241.407928857
936600 325 -6293227.400728824
936700 325 -6341486.871375272
936800 325 -6353371.869607829
936900 325 -6358216.060283655
937000 325 -6378725.8770444
937100 325 -6323777.264788209
937200 325 -6415472.886590185
937300 325 -6399968.907438548
937400 325 -6331886.21125678
937500 325 -6336609.43621468
937600 325 -6323518.585427326
937700 325 -6340723.899231017
937800 325 -6268023.832073992
937900 325 -6262519.216840793
938000 325 -6344941.400580497
938100 325 -6399845.242838691
938200 325 -6346979.346147687
938300 325 -6355525.450565282
938400 325 -6329566.709140608
938500 325 -6314421.271481465
938600 325 -6388026.192511456
938700 325 -6251608.657534843
938800 325 -6288476.410795241
938900 325 -6341492.608209993
939000 325 -6340647.376706314
939100 325 -6385469.033808194
939200 325 -6359106.4083069
939300 325 -6307841.380968167
939400 325 -6318162.247209403
939500 325 -6383339.695185866
939600 325 -6385327.515546069
939700 325 -6381268.496239983
939800 325 -6310212.826908642
939900 325 -6306898.90745323
940000 325 -6319208.778974997
940100 325 -6417355.717012087
940200 325 -6349984.29315374
940300 325 -6335157.266315777
940400 325 -6374872.015985114
940500 325 -6316361.683091315
940600 325 -6384858.535855271
940700 325 -6412273.779882831
940800 325 -6308201.072884189
940900 325 -6403939.559528596
941000 325 -6352264.661042212
941100 325 -6240423.241502648
941200 325 -6375426.236792693
941300 325 -6337374.280362741
941400 325 -6335467.250112617
941500 325 -6375449.676963726
941600 325 -6316795.243347349
941700 325 -6352070.739217572
941800 325 -6302891.555711195
941900 325 -6367740.270068527
942000 325 -6377286.48383129
942100 325 -6255083.091159652
942200 325 -6380073.553584104
942300 325 -6298073.445148667
942400 325 -6341364.271403993
942500 325 -6385996.310970209
942600 325 -6411846.344870822
942700 325 -6334906.300764922
942800 325 -6394553.240179637
942900 325 -6328019.640564777
943000 325 -6377853.722069767
943100 325 -6369766.260459251
943200 325 -6410210.075753465
943300 325 -6381802.528957753
943400 325 -6346630.86480967
943500 325 -6419109.324570905
943600 325 -6322345.258350057
943700 325 -6321608.398445001
943800 325 -6347063.419016082
943900 325 -6315325.389494553
944000 325 -6347738.058630535
944100 325 -6317403.277277427
944200 325 -6362831.697399244
944300 325 -6317263.386090903
944400 325 -6331321.014482465
944500 325 -6261457.339244608
944600 325 -6382689.729577644
944700 325 -6342575.029134015
944800 325 -6395886.410559168
944900 325 -6331116.867460667
945000 325 -6408580.247861275
945100 325 -6370663.512735355
945200 325 -6367493.024782659
945300 325 -6242992.513309753
945400 325 -6372253.306910787
945500 325 -6323996.496407278
945600 325 -6330103.259344645
945700 325 -6326174.641709478
945800 325 -6346738.354663376
945900 325 -6402904.998965043
946000 325 -6381073.784741735
946100 325 -6352660.123864648
946200 325 -6346297.844150862
946300 325 -6310752.825827951
946400 325 -6318182.735330369
946500 325 -6344026.283399884
946600 325 -6261620.615715589
946700 325 -6262771.518993534
946800 325 -6315981.439158116
946900 325 -6329755.327208742
947000 325 -6304338.404294239
947100 325 -6328853.31480189
947200 325 -6293247.352857911
947300 325 -6371176.59079833
947400 325 -6411172.333550379
947500 325 -6262074.737619912
947600 325 -6335903.626188356
947700 325 -6322205.888539078
947800 325 -6321748.453139066
947900 325 -6322344.021212187
948000 325 -6408213.360236694
948100 325 -6378418.82306519
948200 325 -6326989.368638225
948300 325 -6235139.1638386
948400 325 -6392792.652557764
948500 325 -6366282.646455133
948600 325 -6303940.683095675
948700 325 -6435920.587722729
948800 325 -6297311.977083348
948900 325 -6363287.699248096
949000 325 -6351447.225129568
949100 325 -6386329.681566179
949200 325 -6313421.758504523
949300 325 -6322109.21740527
949400 325 -6288539.422523449
949500 325 -6257339.1793881
949600 325 -6245989.310252145
949700 325 -6342893.81397128
949800 325 -6323250.788178505
949900 325 -6302407.43865906
950000 325 -6316654.122630747
950100 325 -6345620.473473484
950200 325 -6315489.762137531
950300 325 -6369800.139802372
950400 325 -6337941.836277291
950500 325 -6293766.616851911
950600 325 -6277571.392056378
950700 325 -6382378.807057068
950800 325 -6326503.742067304
950900 325 -6348487.37633541
951000 325 -6345204.398451777
951100 325 -6476447.839617392
951200 325 -6417360.199222285
951300 325 -6290690.352484173
951400 325 -6324719.648259301
951500 325 -6298969.908047473
951600 325 -6297397.154754027
951700 325 -6368065.079859059
951800 325 -6326331.490030511
951900 325 -6319261.480296576
952000 325 -6295541.792394076
952100 325 -6357207.053582033
952200 325 -6280182.184091358
952300 325 -6383689.183936247
952400 325 -6351705.000106668
952500 325 -6371886.198253946
952600 325 -6347763.098861609
952700 325 -6340835.210911386
952800 325 -6329092.336224331
952900 325 -6254250.896899151
953000 325 -6390259.450965759
953100 325 -6248591.284378024
953200 325 -6328878.012052931
953300 325 -6346249.772412658
953400 325 -6337857.172043891
953500 325 -6299700.188678363
953600 325 -6368425.414347151
953700 325 -6352304.73419915
953800 325 -6333846.417935765
953900 325 -6339055.379670876
954000 325 -6374827.483264318
954100 325 -6396305.093277793
954200 325 -6317639.254768424
954300 325 -6256718.717201153
954400 325 -6308395.991483876
954500 325 -6334695.425677944
954600 325 -6340881.355084529
954700 325 -6372395.041779907
954800 325 -6359380.157078551
954900 325 -6299288.349826435
955000 325 -6205861.170391602
955100 325 -6335386.811243167
955200 325 -6306810.623209283
955300 325 -6307216.195604287
955400 325 -6330074.381487232
955500 325 -6280989.618696678
955600 325 -6270999.191557042
955700 325 -6273109.663541359
955800 325 -6425140.649478221
955900 325 -6287979.133300068
956000 325 -6369945.438658531
956100 325 -6380008.539361511
956200 325 -6387316.498229522
956300 325 -6304354.694046628
956400 325 -6212174.497017877
956500 325 -6344214.811476329
956600 325 -6377579.035635401
956700 325 -6292545.978736475
956800 325 -6268262.348072615
956900 325 -6360646.970153708
957000 325 -6300561.822806702
957100 325 -6339570.342582194
957200 325 -6418632.795651886
957300 325 -6367016.258935549
957400 325 -6263957.49053986
957500 325 -6335129.744217619
957600 325 -6338128.477655502
957700 325 -6371900.973209263
957800 325 -6321564.514798358
957900 325 -6347018.276870386
958000 325 -6399816.97027033
958100 325 -6416951.459286565
958200 325 -6225549.236413267
958300 325 -6311969.675345393
958400 325 -6264870.623111496
958500 325 -6336898.067571322
958600 325 -6382538.021626946
958700 325 -6307274.112535181
958800 325 -6244820.488774462
958900 325 -6375203.890898412
959000 325 -6376903.92212355
959100 325 -6412047.040912149
959200 325 -6393830.939114132
959300 325 -6278683.247480899
959400 325 -6339810.265135515
959500 325 -6322430.644615167
959600 325 -6358971.042740755
959700 325 -6417274.833730462
959800 325 -6359088.763239836
959900 325 -6405374.856934891
960000 325 -6292813.025352217
960100 325 -6413646.323175479
960200 325 -6307542.057064254
960300 325 -6340544.665609293
960400 325 -6356019.68074137
960500 325 -6319742.182978939
960600 325 -6298128.44520233
960700 325 -6279130.712855363
960800 325 -6369639.595592771
960900 325 -6347995.773376807
961000 325 -6294111.571057677
961100 325 -6324083.077169488
961200 325 -6315723.900274953
961300 325 -6348922.734760622
961400 325 -6360561.105570769
961500 325 -6341623.959659405
961600 325 -6324638.980840686
961700 325 -6325885.444829964
961800 325 -6313092.605760179
961900 325 -6305242.968531094
962000 325 -6379824.758077039
962100 325 -6279391.027146811
962200 325 -6298596.521276212
962300 325 -6317376.08889374
962400 325 -6274557.265415385
962500 325 -6415706.668716229
962600 325 -6304218.213327852
962700 325 -6266590.113700444
962800 325 -6365549.765328287
962900 325 -6294698.153289557
963000 325 -6351308.412446206
963100 325 -6399534.11383714
963200 325 -6387020.541669635
963300 325 -6283680.437993161
963400 325 -6305080.386908529
963500 325 -6359658.800035043
963600 325 -6344631.020104371
963700 325 -6381097.796541525
963800 325 -6364601.961149942
963900 325 -6398003.981990357
964000 325 -6261532.062689804
964100 325 -6323312.329156231
964200 325 -6360766.894540511
964300 325 -6317491.261607476
964400 325 -6403602.647743441
964500 325 -6364708.5599467
964600 325 -6388816.032426098
964700 325 -6366878.83650054
964800 325 -6232576.844801981
964900 325 -6322871.686378115
965000 325 -6383598.963775476
965100 325 -6303771.836036881
965200 325 -6324491.505083045
965300 325 -6367578.427806977
965400 325 -6307954.82505673
965500 325 -6343934.960275326
965600 325 -6360974.952017456
965700 325 -6308943.076101599
965800 325 -6287387.134318899
965900 325 -6335911.779480889
966000 325 -6362351.319885006
966100 325 -6335219.853517793
966200 325 -6369757.867825905
966300 325 -6277781.150240585
966400 325 -6345056.673597972
966500 325 -6288011.43533652
966600 325 -6319645.942085396
966700 325 -6350552.611585416
966800 325 -6348743.953934338
966900 325 -6234542.142661961
967000 325 -6314654.296081567
967100 325 -6347110.432064111
967200 325 -6360740.955464952
967300 325 -6393265.681864111
967400 325 -6376713.263741286
967500 325 -6287857.367672957
967600 325 -6343299.104665601
967700 325 -6272132.664997898
967800 325 -6362223.833813638
967900 325 -6334151.323043698
968000 325 -6395585.261226168
968100 325 -6347858.673920404
968200 325 -6302578.10704378
968300 325 -6316021.000172218
968400 325 -6331328.020919278
968500 325 -6430273.058716843
968600 325 -6366266.965373419
968700 325 -6301125.1257305
968800 325 -6311095.503292064
968900 325 -6343380.276024275
969000 325 -6335466.041998625
969100 325 -6381805.748613172
969200 325 -6309997.619222102
969300 325 -6349441.751371393
969400 325 -6352971.930437436
969500 325 -6353248.902630752
969600 325 -6260194.689670289
969700 325 -6336086.743133605
969800 325 -6351093.292171735
969900 325 -6335050.682065813
970000 325 -6385355.787361588
970100 325 -6417351.43020535
970200 325 -6288766.41392046
970300 325 -6281577.75812245
970400 325 -6322567.733233728
970500 325 -6371389.891279898
970600 325 -6333505.452398867
970700 325 -6270706.596288683
970800 325 -6271957.245322477
970900 325 -6434866.137548553
971000 325 -6311556.35098352
971100 325 -6311131.81138045
971200 325 -6224539.959095204
971300 325 -6302825.851307126
971400 325 -6243062.640379531
971500 325 -6278744.318474833
971600 325 -6344272.097903209
971700 325 -6352977.604995118
971800 325 -6464586.31017209
971900 325 -6330816.403044648
972000 325 -6385815.550740056
972100 325 -6373766.86960155
972200 325 -6333084.616061686
972300 325 -6312780.250722739
972400 325 -6371439.633596933
972500 325 -6315892.215118749
972600 325 -6272617.212045087
972700 325 -6357636.062553497
972800 325 -6255657.383981077
972900 325 -6298478.167671768
973000 325 -6322480.503578194
973100 325 -6284887.863680787
973200 325 -6270029.640835557
973300 325 -6306928.237654852
973400 325 -6309144.816786138
973500 325 -6378906.513598422
973600 325 -6273969.490055274
973700 325 -6379626.419881955
973800 325 -6289623.403168693
973900 325 -6426791.48960932
974000 325 -6356464.709190728
974100 325 -6299004.420237787
974200 325 -6316509.511861563
974300 325 -6303585.426281786
974400 325 -6258162.676812397
974500 325 -6382171.598597138
974600 325 -6367374.448336069
974700 325 -6312148.804159625
974800 325 -6374914.391006372
974900 325 -6333263.598595044
975000 325 -6255545.663402507
975100 325 -6309282.420696543
975200 325 -6284129.380189183
975300 325 -6339198.455554845
975400 325 -6366301.008874737
975500 325 -6345086.84243411
975600 325 -6340766.503922552
975700 325 -6282777.166699169
975800 325 -6343864.174711917
975900 325 -6310711.475123224
976000 325 -6303468.829180431
976100 325 -6320079.904958069
976200 325 -6410825.801972621
976300 325 -6365679.608102912
976400 325 -6343725.578153063
976500 325 -6303714.66747513
976600 325 -6346415.852965296
976700 325 -6371503.111061592
976800 325 -6345910.034470618
976900 325 -6330284.754647655
977000 325 -6331451.861407184
977100 325 -6379667.559146179
977200 325 -6328183.126738612
977300 325 -6247807.412396012
977400 325 -6253551.51138976
977500 325 -6342560.065806543
977600 325 -6414291.044311116
977700 325 -6305657.175434925
977800 325 -6314343.975222083
977900 325 -6364768.35157539
978000 325 -6324438.853686891
978100 325 -6445039.206136411
978200 325 -6390614.205156343
978300 325 -6322203.143864984
978400 325 -6411027.112733945
978500 325 -6312307.459930349
978600 325 -6291708.44822713
978700 325 -6378611.75895789
978800 325 -6293533.550862417
978900 325 -6334393.394492711
979000 325 -6313344.824064139
979100 325 -6328377.263084354
979200 325 -6334308.717529762
979300 325 -6364210.827499581
979400 325 -6389049.061874485
979500 325 -6308394.354938488
979600 325 -6319263.553041091
979700 325 -6320532.727315657
979800 325 -6301411.207767523
979900 325 -6353331.015049559
980000 325 -6263713.479140632
980100 325 -6342743.001372647
980200 325 -6314895.290994335
980300 325 -6307224.194026664
980400 325 -6365783.922438522
980500 325 -6364693.822215948
980600 325 -6336451.873601714
980700 325 -6403282.957339644
980800 325 -6270818.207156472
980900 325 -6334754.668371286
981000 325 -6288990.623892023
981100 325 -6326388.577500513
981200 325 -6295045.684091712
981300 325 -6315801.258313704
981400 325 -6362112.199398295
981500 325 -6248423.247229002
981600 325 -6398472.073139859
981700 325 -6313444.384109011
981800 325 -6263438.928640909
981900 325 -6348582.730038153
982000 325 -6312185.198334929
982100 325 -6209240.180927905
982200 325 -6305613.048281254
982300 325 -6395092.923587761
982400 325 -6206909.217679002
982500 325 -6348653.007540405
982600 325 -6422081.015397253
982700 325 -6349435.744091626
982800 325 -6366442.849104844
982900 325 -6307640.686414018
983000 325 -6344822.00578974
983100 325 -6294472.476254093
983200 325 -6217220.730036032
983300 325 -6331635.310923198
983400 325 -6338422.656890212
983500 325 -6492948.117070705
983600 325 -6344437.054226054
983700 325 -6338766.996552987
983800 325 -6347351.545336831
983900 325 -6360949.688194854
984000 325 -6309106.805790278
984100 325 -6343407.358419564
984200 325 -6326165.680418199
984300 325 -6301439.250940887
984400 325 -6287822.537240511
984500 325 -6400208.321550407
984600 325 -6385392.647300821
984700 325 -6359507.686108034
984800 325 -6343109.762592789
984900 325 -6308695.532967783
985000 325 -6349514.823599039
985100 325 -6321989.339836966
985200 325 -6316160.497438455
985300 325 -6416848.63440424
985400 325 -6266372.340173176
985500 325 -6403418.214157237
985600 325 -6311253.308563802
985700 325 -6317882.794154555
985800 325 -6386830.226239608
985900 325 -6399476.858345086
986000 325 -6353621.615050583
986100 325 -6331443.305789582
986200 325 -6356484.343385032
986300 325 -6391391.513296552
986400 325 -6369762.087184303
986500 325 -6342550.819552619
986600 325 -6301007.069799567
986700 325 -6318017.045187736
986800 325 -6284320.051497489
986900 325 -6312088.056602203
987000 325 -6294734.015119636
987100 325 -6372183.451729622
987200 325 -6282752.64872825
987300 325 -6343874.15475068
987400 325 -6318122.437369697
987500 325 -6420305.608987473
987600 325 -6401692.089230385
987700 325 -6283848.70707662
987800 325 -6308857.51546476
987900 325 -6278889.342397016
988000 325 -6359571.171100898
988100 325 -6273093.115620577
988200 325 -6330631.346690584
988300 325 -6302530.846791173
988400 325 -6353906.749197726
988500 325 -6364920.558870923
988600 325 -6392124.705068534
988700 325 -6341964.736060964
988800 325 -6332583.042245435
988900 325 -6297589.717194198
989000 325 -6238325.925034809
989100 325 -6311195.76188881
989200 325 -6330669.537212742
989300 325 -6314394.131782882
989400 325 -6416496.405811939
989500 325 -6385880.264891488
989600 325 -6400282.968139359
989700 325 -6329460.845679433
989800 325 -6301319.801610114
989900 325 -6426823.36164484
990000 325 -6234589.981187813
990100 325 -6370910.917777419
990200 325 -6314677.88822766
990300 325 -6369063.011509532
990400 325 -6340599.675231697
990500 325 -6302596.231542287
990600 325 -6357588.033113732
990700 325 -6325686.10841941
990800 325 -6419804.660073133
990900 325 -6382830.986505611
991000 325 -6318924.89206282
991100 325 -6249575.321531454
991200 325 -6344276.728193569
991300 325 -6341313.087990915
991400 325 -6420659.586320426
991500 325 -6327627.051246656
991600 325 -6352109.469968654
991700 325 -6328969.975596789
991800 325 -6394725.70541303
991900 325 -6376242.010487337
992000 325 -6349079.875471053
992100 325 -6230394.292097719
992200 325 -6351401.023963995
992300 325 -6347494.94258731
992400 325 -6378235.386263827
992500 325 -6304386.612973919
992600 325 -6307488.209560536
992700 325 -6307217.205368655
992800 325 -6305201.798925396
992900 325 -6382252.365544891
993000 325 -6317169.125620309
993100 325 -6326314.124399008
993200 325 -6305576.440295767
993300 325 -6332853.264744158
993400 325 -6259483.208794476
993500 325 -6384555.245178111
993600 325 -6359147.062239209
993700 325 -6316577.881208997
993800 325 -6427207.902260888
993900 325 -6351641.979167288
994000 325 -6298186.347391615
994100 325 -6351200.954737809
994200 325 -6335123.782021053
994300 325 -6265506.306303343
994400 325 -6358971.495860893
994500 325 -6363721.246614313
994600 325 -6314517.901586102
994700 325 -6407120.47873096
994800 325 -6318728.155564407
994900 325 -6309149.732438935
995000 325 -6385041.911744572
995100 325 -6306424.794175227
995200 325 -6306028.316972708
995300 325 -6373756.746759706
995400 325 -6312343.315195408
995500 325 -6390548.168443095
995600 325 -6318241.517314564
995700 325 -6363276.286395479
995800 325 -6354446.581787825
995900 325 -6218028.17837809
996000 325 -6270675.870019568
996100 325 -6412656.482017233
996200 325 -6329703.843339624
996300 325 -6413538.953337347
996400 325 -6347512.141575881
996500 325 -6323640.627303347
996600 325 -6297590.637627972
996700 325 -6347591.001215909
996800 325 -6280704.930022227
996900 325 -6337902.079426525
997000 325 -6299707.899713233
997100 325 -6366441.138080779
997200 325 -6329157.703974091
997300 325 -6347671.761884071
997400 325 -6323574.880756026
997500 325 -6297203.719922508
997600 325 -6366580.278273807
997700 325 -6457858.603233254
997800 325 -6385436.243209278
997900 325 -6329441.93939461
998000 325 -6305347.767702149
998100 325 -6324604.09984437
998200 325 -6274331.069818104
998300 325 -6366827.050076231
998400 325 -6360264.850573422
998500 325 -6326141.570554065
998600 325 -6376068.485252919
998700 325 -6346999.718289333
998800 325 -6286477.457954768
998900 325 -6344655.007909782
999000 325 -6331214.692692915
999100 325 -6336790.859836242
999200 325 -6396267.481682332
999300 325 -6321195.058049285
999400 325 -6310750.952353222
999500 325 -6385433.486715417
999600 325 -6339965.704472442
999700 325 -6353901.264715897
999800 325 -6344010.846268967
999900 325 -6290018.508571091
